timestamp_s,voltage_V,current_A
0.0,9.0075,0.4017
1.0,8.9979,0.3995
2.0,9.0097,0.4012
3.0,9.0228,0.4011
4.0,8.9965,0.3985
5.0,8.9965,0.3989
6.0,9.0237,0.4018
7.0,9.0115,0.4054
8.0,8.993,0.4036
9.0,9.0081,0.3966
10.0,8.993,0.3966
11.0,8.993,0.3984
12.0,9.0036,0.4003
13.0,8.9713,0.4001
14.0,8.9741,0.4037
15.0,8.9916,0.4039
16.0,8.9848,0.4
17.0,9.0047,0.3993
18.0,8.9864,0.4016
19.0,8.9788,0.4032
20.0,9.022,0.4017
21.0,8.9966,0.3987
22.0,9.001,0.3982
23.0,8.9786,0.3967
24.0,8.9918,0.4006
25.0,9.0017,0.4019
26.0,8.9827,0.4022
27.0,9.0056,0.4035
28.0,8.991,0.4044
29.0,8.9956,0.3959
30.0,8.991,0.4012
31.0,9.0278,0.4013
32.0,8.9998,0.3998
33.0,8.9841,0.3975
34.0,9.0123,0.4043
35.0,8.9817,0.3982
36.0,9.0031,0.3934
37.0,8.9706,0.4001
38.0,8.9801,0.3993
39.0,9.003,0.4056
40.0,9.0111,0.4015
41.0,9.0026,0.3991
42.0,8.9983,0.3994
43.0,8.9955,0.3994
44.0,8.9778,0.4067
45.0,8.9892,0.402
46.0,8.9931,0.3958
47.0,9.0159,0.3993
48.0,9.0052,0.3999
49.0,8.9736,0.3967
50.0,9.0049,0.3947
51.0,8.9942,0.4018
52.0,8.9898,0.3976
53.0,9.0092,0.4037
54.0,9.0155,0.4
55.0,9.014,0.3986
56.0,8.9874,0.3927
57.0,8.9954,0.4037
58.0,9.005,0.4009
59.0,9.0146,0.3987
60.0,8.9928,0.3973
61.0,8.9972,0.4048
62.0,8.9834,0.3968
63.0,8.9821,0.3989
64.0,9.0122,0.4017
65.0,9.0203,0.4044
66.0,8.9989,0.3994
67.0,9.0151,0.3978
68.0,9.0054,0.3997
69.0,8.9903,0.4027
70.0,9.0054,0.4034
71.0,9.0231,0.3959
72.0,8.9995,0.4003
73.0,9.0235,0.3957
74.0,8.9607,0.4027
75.0,9.0123,0.4013
76.0,9.0013,0.3972
77.0,8.9955,0.4046
78.0,9.0014,0.401
79.0,8.9702,0.4007
80.0,8.9967,0.3995
81.0,9.0054,0.4
82.0,9.0222,0.3989
83.0,8.9922,0.3978
84.0,8.9879,0.4037
85.0,8.9925,0.3985
86.0,9.0137,0.3984
87.0,9.0049,0.3996
88.0,8.9921,0.4043
89.0,9.0077,0.4034
90.0,9.0015,0.3988
91.0,9.0145,0.4037
92.0,8.9895,0.4003
93.0,8.9951,0.3975
94.0,8.9941,0.3986
95.0,8.978,0.4041
96.0,9.0044,0.4062
97.0,9.0039,0.401
98.0,9.0001,0.3983
99.0,8.9965,0.3996
100.0,8.9788,0.3977
101.0,8.9937,0.3981
102.0,8.9949,0.3979
103.0,8.988,0.3998
104.0,8.9976,0.4004
105.0,9.0061,0.3996
106.0,9.0283,0.3993
107.0,9.0026,0.4023
108.0,9.0039,0.3993
109.0,8.9989,0.3995
110.0,8.9712,0.3995
111.0,8.9996,0.4046
112.0,9.0009,0.3985
113.0,9.0369,0.4018
114.0,8.9971,0.3978
115.0,9.0045,0.401
116.0,8.9995,0.4016
117.0,8.9825,0.4033
118.0,9.0171,0.3988
119.0,9.0113,0.3967
120.0,9.0119,0.3976
121.0,8.9864,0.4029
122.0,9.021,0.4062
123.0,8.979,0.4025
124.0,9.0088,0.3962
125.0,9.0329,0.4024
126.0,8.9851,0.3972
127.0,8.9915,0.399
128.0,9.0015,0.4006
129.0,8.9924,0.4011
130.0,8.9767,0.4002
131.0,9.001,0.3982
132.0,8.9841,0.4032
133.0,9.0071,0.3984
134.0,8.9862,0.4038
135.0,9.0232,0.3959
136.0,8.9883,0.4006
137.0,8.9952,0.3963
138.0,9.0122,0.3975
139.0,8.9815,0.3985
140.0,9.0034,0.4046
141.0,9.0196,0.4039
142.0,8.9759,0.4026
143.0,9.0028,0.4001
144.0,9.0039,0.4006
145.0,9.0117,0.4038
146.0,8.9814,0.4021
147.0,8.9802,0.4001
148.0,9.0078,0.4045
149.0,9.0045,0.4024
150.0,9.0038,0.4007
151.0,9.0052,0.3986
152.0,8.9898,0.3984
153.0,9.0035,0.399
154.0,9.0044,0.4014
155.0,8.9893,0.4025
156.0,9.028,0.3957
157.0,9.0071,0.3942
158.0,8.9821,0.3971
159.0,9.0098,0.3988
160.0,8.9854,0.4036
161.0,9.0118,0.3992
162.0,9.0174,0.4008
163.0,8.9877,0.4013
164.0,9.0145,0.3969
165.0,9.0062,0.4044
166.0,9.0123,0.398
167.0,9.0285,0.4047
168.0,8.9963,0.3996
169.0,8.9887,0.399
170.0,8.9867,0.3967
171.0,8.9878,0.4006
172.0,8.9988,0.4068
173.0,9.0051,0.4012
174.0,9.0042,0.4008
175.0,9.0124,0.398
176.0,9.0002,0.4018
177.0,9.0218,0.4005
178.0,8.996,0.3998
179.0,9.0408,0.4015
180.0,9.0094,0.3946
181.0,8.9871,0.3997
182.0,8.9839,0.3964
183.0,9.0072,0.4001
184.0,8.9966,0.3978
185.0,9.0107,0.398
186.0,9.0071,0.396
187.0,8.9989,0.4033
188.0,8.9873,0.398
189.0,8.9773,0.3981
190.0,8.9933,0.4046
191.0,9.0128,0.4017
192.0,9.0032,0.3939
193.0,8.9813,0.4042
194.0,9.0026,0.4049
195.0,9.0058,0.4047
196.0,8.9867,0.402
197.0,9.0023,0.3967
198.0,9.0009,0.3999
199.0,8.9829,0.3957
200.0,9.0054,0.3974
201.0,9.0084,0.3967
202.0,9.0162,0.3981
203.0,9.0158,0.4005
204.0,8.9793,0.3987
205.0,8.9859,0.3985
206.0,9.0077,0.3991
207.0,9.0077,0.4045
208.0,9.0077,0.4065
209.0,9.0578,0.3986
210.0,9.0086,0.401
211.0,9.017,0.3975
212.0,9.0143,0.4023
213.0,9.0098,0.3986
214.0,8.9953,0.3979
215.0,9.0114,0.406
216.0,8.9884,0.3959
217.0,8.9964,0.3926
218.0,8.9927,0.4022
219.0,9.0012,0.3989
220.0,9.0347,0.3981
221.0,8.972,0.4082
222.0,9.0103,0.4022
223.0,8.9758,0.3998
224.0,8.9929,0.3979
225.0,9.0163,0.4013
226.0,9.001,0.3948
227.0,8.9838,0.3985
228.0,8.9893,0.3999
229.0,9.0102,0.4006
230.0,8.989,0.3996
231.0,9.0032,0.3979
232.0,9.0007,0.4028
233.0,8.9902,0.395
234.0,9.0322,0.3992
235.0,9.0095,0.3984
236.0,8.9696,0.403
237.0,9.0028,0.3986
238.0,8.9901,0.4013
239.0,9.0128,0.401
240.0,8.9881,0.3945
241.0,8.9983,0.3998
242.0,9.0076,0.3948
243.0,9.013,0.4011
244.0,8.982,0.3978
245.0,8.995,0.4036
246.0,8.9929,0.3995
247.0,8.9902,0.3977
248.0,9.0265,0.4036
249.0,9.0061,0.3974
250.0,8.9811,0.4027
251.0,9.0138,0.4014
252.0,9.0318,0.3989
253.0,9.0155,0.396
254.0,8.9772,0.4037
255.0,8.9927,0.4015
256.0,9.019,0.3977
257.0,8.9894,0.4007
258.0,9.0067,0.403
259.0,9.0116,0.4003
260.0,8.9861,0.4007
261.0,8.9991,0.4031
262.0,8.9514,0.4046
263.0,8.9846,0.3996
264.0,8.9962,0.396
265.0,8.9813,0.3961
266.0,9.0245,0.3979
267.0,8.9785,0.3972
268.0,8.9934,0.395
269.0,9.002,0.4055
270.0,9.0216,0.4016
271.0,8.9785,0.3984
272.0,9.0174,0.3999
273.0,9.0002,0.3946
274.0,8.9853,0.4035
275.0,9.0069,0.3942
276.0,9.003,0.4015
277.0,8.991,0.3945
278.0,9.001,0.3988
279.0,8.9942,0.4037
280.0,9.0017,0.3951
281.0,9.0099,0.3996
282.0,9.0238,0.4019
283.0,8.9814,0.4014
284.0,9.032,0.4002
285.0,8.9707,0.4015
286.0,8.9977,0.3982
287.0,9.0088,0.4058
288.0,9.0042,0.3952
289.0,8.9907,0.4035
290.0,8.9969,0.4006
291.0,8.9926,0.4019
292.0,8.9912,0.4024
293.0,9.0127,0.4017
294.0,9.0054,0.3976
295.0,8.9896,0.3991
296.0,9.0135,0.3956
297.0,9.0046,0.3991
298.0,9.0122,0.401
299.0,9.0094,0.4018
300.0,8.9876,0.4012
301.0,8.9916,0.3947
302.0,9.0112,0.3983
303.0,9.0092,0.398
304.0,8.9997,0.3961
305.0,9.0018,0.3975
306.0,9.0192,0.4
307.0,8.9911,0.4042
308.0,9.0082,0.3971
309.0,8.997,0.3966
310.0,8.9967,0.3982
311.0,9.0165,0.401
312.0,9.0124,0.4037
313.0,9.0122,0.3997
314.0,9.0196,0.3957
315.0,9.0003,0.3963
316.0,9.0102,0.4006
317.0,8.9953,0.403
318.0,9.0049,0.4054
319.0,8.998,0.3965
320.0,9.0015,0.4004
321.0,9.0089,0.3969
322.0,8.9877,0.3973
323.0,9.0314,0.3971
324.0,8.9849,0.399
325.0,8.9818,0.3974
326.0,9.0174,0.4074
327.0,9.0119,0.3986
328.0,9.0094,0.403
329.0,9.0094,0.398
330.0,8.9998,0.4067
331.0,8.9865,0.401
332.0,9.0011,0.4025
333.0,8.9898,0.3982
334.0,9.0146,0.4029
335.0,8.9978,0.401
336.0,8.9876,0.3989
337.0,8.9952,0.3968
338.0,9.0062,0.3993
339.0,8.9915,0.399
340.0,8.9877,0.4026
341.0,9.0037,0.3993
342.0,9.0037,0.3942
343.0,8.9924,0.4019
344.0,8.9929,0.4039
345.0,9.0035,0.395
346.0,8.9783,0.4054
347.0,8.9789,0.4042
348.0,8.9892,0.3981
349.0,8.9968,0.3966
350.0,9.0047,0.4032
351.0,9.0221,0.3959
352.0,9.0129,0.398
353.0,8.9976,0.3961
354.0,8.9997,0.4
355.0,8.985,0.4044
356.0,8.9997,0.4011
357.0,8.9957,0.4031
358.0,9.0048,0.3989
359.0,8.9876,0.4003
360.0,9.0078,0.3963
361.0,9.023,0.3997
362.0,8.9984,0.3978
363.0,9.006,0.3995
364.0,9.0104,0.3993
365.0,8.994,0.3991
366.0,9.0034,0.4063
367.0,9.0002,0.4053
368.0,9.0015,0.4042
369.0,8.9884,0.4054
370.0,9.0004,0.4043
371.0,9.0075,0.3999
372.0,9.0218,0.3996
373.0,9.0144,0.4007
374.0,9.0323,0.3994
375.0,8.9885,0.3969
376.0,9.0131,0.4009
377.0,9.0028,0.3953
378.0,9.0328,0.4004
379.0,8.9879,0.397
380.0,8.9874,0.3998
381.0,8.991,0.4006
382.0,8.9681,0.3989
383.0,8.9921,0.3951
384.0,8.9886,0.3964
385.0,9.0023,0.4014
386.0,9.0051,0.3983
387.0,9.0281,0.4017
388.0,9.0143,0.4
389.0,8.9913,0.3994
390.0,8.9865,0.401
391.0,9.0074,0.398
392.0,8.9802,0.4012
393.0,9.0275,0.3987
394.0,9.0177,0.4076
395.0,8.993,0.3966
396.0,8.9743,0.3989
397.0,9.0203,0.399
398.0,8.9983,0.3959
399.0,9.0186,0.4022
400.0,8.9761,0.3987
401.0,8.991,0.3929
402.0,9.0001,0.4021
403.0,9.0007,0.3981
404.0,8.9932,0.3997
405.0,9.0093,0.402
406.0,8.984,0.3989
407.0,8.9979,0.3989
408.0,9.0018,0.4074
409.0,9.0077,0.3935
410.0,9.0107,0.3961
411.0,8.9831,0.3967
412.0,8.977,0.4054
413.0,9.0192,0.3981
414.0,9.005,0.4007
415.0,8.9888,0.3986
416.0,9.0233,0.4018
417.0,9.0017,0.4
418.0,9.0177,0.4008
419.0,9.001,0.4039
420.0,9.0309,0.4013
421.0,9.0263,0.3978
422.0,8.9963,0.4009
423.0,9.0146,0.4073
424.0,9.0097,0.4017
425.0,9.0205,0.4005
426.0,8.9855,0.3959
427.0,9.0103,0.4022
428.0,9.0159,0.4026
429.0,8.9736,0.4009
430.0,8.9823,0.4003
431.0,8.9694,0.4085
432.0,8.996,0.4026
433.0,9.0108,0.4037
434.0,9.0225,0.4002
435.0,9.0011,0.3996
436.0,9.0244,0.4019
437.0,8.9793,0.3996
438.0,8.9744,0.3998
439.0,8.9992,0.4014
440.0,9.0058,0.3985
441.0,8.9995,0.4007
442.0,8.969,0.4002
443.0,8.9987,0.4029
444.0,8.9804,0.3982
445.0,9.01,0.394
446.0,9.0055,0.3991
447.0,8.9859,0.4012
448.0,8.9923,0.4029
449.0,8.9841,0.3979
450.0,8.9991,0.4016
451.0,9.0143,0.4034
452.0,8.9852,0.4023
453.0,9.0076,0.3976
454.0,8.992,0.398
455.0,8.9881,0.4013
456.0,8.9984,0.4049
457.0,8.9845,0.4
458.0,8.9917,0.3995
459.0,8.982,0.3959
460.0,9.0295,0.3989
461.0,9.0005,0.3979
462.0,8.9895,0.4001
463.0,9.0032,0.3955
464.0,8.9983,0.399
465.0,8.9967,0.397
466.0,9.0092,0.4028
467.0,9.0114,0.3974
468.0,8.992,0.3983
469.0,8.9914,0.4008
470.0,8.9959,0.3986
471.0,8.9655,0.4071
472.0,8.9773,0.4028
473.0,9.0205,0.4001
474.0,9.0247,0.4011
475.0,8.9963,0.3929
476.0,9.0086,0.4037
477.0,9.0047,0.4015
478.0,9.0462,0.3998
479.0,9.0168,0.4017
480.0,8.9981,0.4021
481.0,8.9857,0.3988
482.0,8.9759,0.4011
483.0,9.0031,0.4031
484.0,8.9887,0.4014
485.0,8.9787,0.3992
486.0,8.9903,0.4009
487.0,8.9838,0.4041
488.0,9.0253,0.4024
489.0,9.0132,0.3965
490.0,8.9999,0.4018
491.0,9.0222,0.4014
492.0,9.0012,0.4035
493.0,8.9871,0.4001
494.0,9.0228,0.3989
495.0,9.0081,0.3959
496.0,8.9844,0.3979
497.0,8.9971,0.4036
498.0,8.9869,0.4006
499.0,8.9793,0.3997
500.0,9.0139,0.4039
501.0,9.0286,0.4033
502.0,8.979,0.3978
503.0,9.0084,0.4036
504.0,8.9902,0.395
505.0,8.9927,0.4014
506.0,8.9911,0.401
507.0,8.987,0.4034
508.0,9.0007,0.4011
509.0,8.9875,0.3993
510.0,9.0041,0.3995
511.0,8.9992,0.4081
512.0,8.9964,0.4002
513.0,8.9864,0.4018
514.0,8.9913,0.3939
515.0,9.0113,0.3975
516.0,9.0075,0.4016
517.0,8.9853,0.3952
518.0,9.0015,0.4016
519.0,9.0113,0.3978
520.0,8.975,0.3969
521.0,9.0082,0.3978
522.0,8.9901,0.4046
523.0,9.0086,0.401
524.0,8.9886,0.3973
525.0,8.9729,0.4023
526.0,8.9756,0.4025
527.0,9.0007,0.3989
528.0,9.0039,0.4029
529.0,8.9864,0.403
530.0,9.0096,0.4026
531.0,8.9751,0.398
532.0,8.999,0.3965
533.0,8.9818,0.3949
534.0,8.9902,0.398
535.0,9.0007,0.3989
536.0,8.9871,0.3991
537.0,8.9942,0.3999
538.0,9.0151,0.4052
539.0,8.9913,0.399
540.0,9.0125,0.3999
541.0,8.9831,0.3945
542.0,9.0079,0.4067
543.0,9.0216,0.3961
544.0,8.9629,0.3979
545.0,8.988,0.4021
546.0,9.0087,0.4007
547.0,8.997,0.4049
548.0,9.0056,0.4022
549.0,8.9909,0.3998
550.0,9.0013,0.4031
551.0,8.9977,0.4035
552.0,9.0175,0.398
553.0,9.0038,0.4029
554.0,9.0051,0.3993
555.0,8.9938,0.3997
556.0,8.9927,0.4004
557.0,8.9935,0.3989
558.0,9.0059,0.3987
559.0,8.9937,0.403
560.0,9.0043,0.3954
561.0,9.0311,0.3968
562.0,9.0131,0.402
563.0,8.9951,0.3998
564.0,9.018,0.403
565.0,8.9939,0.4011
566.0,8.9694,0.396
567.0,8.9849,0.4002
568.0,8.9719,0.4016
569.0,8.9947,0.4007
570.0,9.0003,0.3986
571.0,9.0251,0.3992
572.0,9.0049,0.3983
573.0,8.9967,0.396
574.0,9.0124,0.3956
575.0,8.9668,0.4012
576.0,9.0035,0.3974
577.0,9.0116,0.4017
578.0,8.9778,0.3982
579.0,9.0172,0.3961
580.0,9.0051,0.3988
581.0,8.9938,0.4063
582.0,9.0095,0.3997
583.0,9.0341,0.4019
584.0,9.0027,0.4005
585.0,9.0037,0.3958
586.0,8.9931,0.4043
587.0,8.9873,0.3993
588.0,9.0125,0.3961
589.0,8.9872,0.3985
590.0,9.0011,0.3994
591.0,8.9928,0.4022
592.0,9.0072,0.398
593.0,9.005,0.4079
594.0,9.0156,0.3972
595.0,8.9923,0.4018
596.0,8.996,0.3941
597.0,8.9853,0.3996
598.0,8.9933,0.4011
599.0,9.0057,0.3966
600.0,9.0114,0.4045
601.0,8.9862,0.4013
602.0,9.013,0.399
603.0,9.0203,0.4013
604.0,9.0062,0.3982
605.0,9.0282,0.4038
606.0,8.9884,0.403
607.0,8.9813,0.4011
608.0,8.9733,0.4018
609.0,9.0224,0.3956
610.0,9.0098,0.4044
611.0,8.9992,0.3997
612.0,9.0042,0.4031
613.0,8.9831,0.4022
614.0,9.0367,0.403
615.0,9.0019,0.3969
616.0,9.0016,0.3972
617.0,9.0109,0.4067
618.0,9.0072,0.3954
619.0,9.0034,0.3967
620.0,8.9881,0.4001
621.0,9.0071,0.4001
622.0,9.0282,0.3984
623.0,9.0202,0.4018
624.0,9.0239,0.4027
625.0,8.9923,0.3999
626.0,8.9852,0.3992
627.0,8.9981,0.3999
628.0,9.0008,0.3985
629.0,9.0164,0.3949
630.0,8.9746,0.4009
631.0,9.0229,0.4023
632.0,8.9976,0.3995
633.0,8.9936,0.3932
634.0,8.9848,0.3983
635.0,8.9752,0.4027
636.0,9.0123,0.3957
637.0,9.0011,0.4021
638.0,8.9807,0.3987
639.0,8.9806,0.3999
640.0,8.995,0.3979
641.0,9.025,0.3966
642.0,8.9961,0.4043
643.0,8.9775,0.4024
644.0,8.9963,0.4019
645.0,8.9959,0.4027
646.0,8.9595,0.4015
647.0,8.9992,0.4028
648.0,8.9965,0.398
649.0,9.0104,0.4041
650.0,9.0277,0.4039
651.0,9.0169,0.4011
652.0,8.996,0.3991
653.0,8.9834,0.3963
654.0,9.0386,0.4007
655.0,9.0009,0.4051
656.0,9.0002,0.3965
657.0,8.9996,0.4031
658.0,9.003,0.3986
659.0,8.9978,0.3988
660.0,8.9914,0.3965
661.0,8.9918,0.3977
662.0,8.9995,0.4019
663.0,8.9918,0.4023
664.0,8.9893,0.4007
665.0,9.0016,0.3985
666.0,8.9962,0.3967
667.0,9.0226,0.4002
668.0,8.9602,0.3989
669.0,9.0164,0.4006
670.0,9.0187,0.399
671.0,8.9689,0.3991
672.0,8.9949,0.4005
673.0,8.9944,0.4011
674.0,8.9789,0.4037
675.0,8.9883,0.399
676.0,8.9833,0.4016
677.0,9.0263,0.4054
678.0,9.014,0.4017
679.0,9.0191,0.4035
680.0,9.0108,0.3981
681.0,8.9831,0.3978
682.0,8.9921,0.3995
683.0,9.0073,0.3998
684.0,8.9817,0.4032
685.0,9.0107,0.3978
686.0,8.9964,0.3997
687.0,8.9944,0.4032
688.0,9.0107,0.4006
689.0,9.0067,0.4
690.0,8.9946,0.4007
691.0,9.0174,0.3966
692.0,8.9838,0.3966
693.0,9.0092,0.3952
694.0,9.0089,0.4006
695.0,8.9954,0.4028
696.0,9.0049,0.4023
697.0,8.9812,0.4034
698.0,9.0139,0.4044
699.0,8.9972,0.4004
700.0,8.9922,0.3998
701.0,9.0157,0.4044
702.0,8.9894,0.3979
703.0,8.9789,0.3965
704.0,8.9767,0.399
705.0,9.0091,0.3986
706.0,8.9808,0.4001
707.0,9.0263,0.3974
708.0,8.9688,0.4011
709.0,9.0254,0.3983
710.0,9.0032,0.4037
711.0,8.9985,0.3964
712.0,8.9918,0.3996
713.0,9.006,0.399
714.0,8.9994,0.4007
715.0,9.0165,0.4028
716.0,9.0017,0.4008
717.0,9.0023,0.3996
718.0,8.9945,0.4021
719.0,8.9991,0.4025
720.0,9.0046,0.4008
721.0,8.9743,0.4012
722.0,8.9798,0.4019
723.0,9.0111,0.3951
724.0,9.0026,0.3989
725.0,8.9972,0.4011
726.0,9.0003,0.3991
727.0,9.0052,0.3991
728.0,8.9919,0.4011
729.0,8.9883,0.4012
730.0,9.0029,0.4014
731.0,8.9853,0.3976
732.0,9.0061,0.3957
733.0,8.9745,0.4024
734.0,9.0154,0.3978
735.0,9.0071,0.3976
736.0,9.0038,0.3973
737.0,9.0147,0.4035
738.0,9.025,0.4006
739.0,9.0152,0.401
740.0,8.9724,0.4021
741.0,8.9808,0.3999
742.0,8.9906,0.403
743.0,9.0004,0.3964
744.0,9.0078,0.3967
745.0,8.9891,0.3966
746.0,9.0028,0.4013
747.0,8.9887,0.4015
748.0,8.9908,0.3986
749.0,8.9789,0.3993
750.0,8.9862,0.4038
751.0,8.9797,0.3979
752.0,8.9854,0.4009
753.0,9.0158,0.3979
754.0,8.9858,0.4033
755.0,9.0395,0.4019
756.0,9.0074,0.3958
757.0,9.0028,0.3992
758.0,8.9871,0.3938
759.0,9.0105,0.4027
760.0,8.9914,0.4061
761.0,9.0018,0.3935
762.0,9.0384,0.3957
763.0,8.9986,0.4005
764.0,9.0172,0.3999
765.0,8.9895,0.3988
766.0,8.9995,0.3948
767.0,9.0266,0.401
768.0,8.9906,0.4027
769.0,9.0272,0.4085
770.0,9.0106,0.4039
771.0,8.9916,0.3961
772.0,9.0095,0.4
773.0,9.0146,0.4018
774.0,9.0093,0.3979
775.0,8.9764,0.4023
776.0,8.9891,0.4021
777.0,8.9963,0.4037
778.0,8.9989,0.4024
779.0,9.0093,0.4009
780.0,9.0027,0.3981
781.0,8.98,0.3961
782.0,9.0057,0.4007
783.0,9.0092,0.3988
784.0,9.0084,0.3991
785.0,9.0162,0.4034
786.0,9.0125,0.4041
787.0,9.0069,0.3963
788.0,8.9989,0.3994
789.0,8.9751,0.3987
790.0,9.0064,0.4009
791.0,9.0031,0.3932
792.0,9.0041,0.3956
793.0,8.9808,0.3996
794.0,8.9838,0.4024
795.0,9.0158,0.4002
796.0,8.9994,0.402
797.0,9.0102,0.4006
798.0,9.0004,0.4038
799.0,9.0004,0.4045
800.0,9.0141,0.3977
801.0,8.9923,0.4027
802.0,9.0014,0.4015
803.0,8.9931,0.4075
804.0,8.9935,0.3976
805.0,8.9954,0.3996
806.0,9.0033,0.3969
807.0,8.9928,0.3971
808.0,9.0188,0.4012
809.0,8.9866,0.4006
810.0,8.9972,0.4016
811.0,8.9934,0.4016
812.0,9.0217,0.3993
813.0,9.0029,0.3993
814.0,9.0155,0.3971
815.0,8.9777,0.3979
816.0,9.004,0.3998
817.0,9.0133,0.4006
818.0,9.0012,0.4021
819.0,9.016,0.4018
820.0,8.9922,0.4047
821.0,9.0211,0.3971
822.0,9.0345,0.3993
823.0,8.9946,0.3973
824.0,8.9933,0.4038
825.0,9.0218,0.3985
826.0,9.0237,0.4035
827.0,8.9922,0.4044
828.0,8.9937,0.4012
829.0,8.9958,0.4009
830.0,8.9798,0.4001
831.0,8.9862,0.399
832.0,8.9849,0.3987
833.0,8.9885,0.3996
834.0,8.9995,0.4055
835.0,9.0035,0.3969
836.0,9.0233,0.4006
837.0,8.985,0.4021
838.0,9.0148,0.3991
839.0,8.9968,0.4012
840.0,8.9993,0.3955
841.0,9.0101,0.404
842.0,8.9832,0.4034
843.0,9.0057,0.3997
844.0,9.0025,0.3974
845.0,9.0074,0.4024
846.0,9.0043,0.3966
847.0,9.0368,0.397
848.0,8.9904,0.3998
849.0,8.992,0.4046
850.0,8.9907,0.4019
851.0,8.9917,0.3981
852.0,8.9904,0.395
853.0,9.0178,0.4001
854.0,9.0213,0.4008
855.0,8.9914,0.3998
856.0,8.9875,0.4054
857.0,9.0071,0.3996
858.0,8.9917,0.3932
859.0,9.0095,0.3988
860.0,9.003,0.4014
861.0,8.9773,0.4012
862.0,9.0232,0.3995
863.0,9.0269,0.399
864.0,8.9908,0.394
865.0,8.9942,0.4003
866.0,9.0043,0.399
867.0,9.005,0.4007
868.0,9.0099,0.4015
869.0,9.0302,0.4037
870.0,8.9973,0.3971
871.0,8.988,0.3961
872.0,8.9793,0.3983
873.0,8.989,0.3978
874.0,8.9995,0.3975
875.0,9.0269,0.4043
876.0,8.9922,0.4004
877.0,9.0034,0.4059
878.0,8.9998,0.4
879.0,9.0178,0.3965
880.0,9.0379,0.3976
881.0,8.992,0.4031
882.0,8.9927,0.3966
883.0,9.0157,0.4017
884.0,9.0102,0.3989
885.0,9.0277,0.3972
886.0,9.0088,0.4042
887.0,8.9946,0.3982
888.0,9.0089,0.3975
889.0,9.0166,0.3998
890.0,9.0123,0.3985
891.0,9.0076,0.4066
892.0,9.016,0.4032
893.0,9.0175,0.3982
894.0,9.0207,0.3986
895.0,9.0097,0.3939
896.0,8.9975,0.4004
897.0,9.0022,0.3978
898.0,9.0181,0.4003
899.0,8.9877,0.3941
900.0,9.0055,0.3999
901.0,8.9941,0.4051
902.0,9.0004,0.4002
903.0,9.0192,0.3977
904.0,9.0029,0.3999
905.0,9.0007,0.3998
906.0,8.9796,0.4066
907.0,9.0112,0.399
908.0,9.0097,0.3964
909.0,9.0324,0.4001
910.0,8.9954,0.4006
911.0,9.0033,0.4017
912.0,9.0037,0.4023
913.0,9.0237,0.4059
914.0,8.9986,0.3982
915.0,9.0042,0.3979
916.0,9.0091,0.3944
917.0,9.0028,0.402
918.0,8.9933,0.3973
919.0,9.0029,0.4027
920.0,9.0161,0.3985
921.0,8.9846,0.4052
922.0,9.002,0.3957
923.0,8.9895,0.4031
924.0,9.0179,0.4027
925.0,8.9772,0.4016
926.0,8.9916,0.3966
927.0,9.0057,0.4016
928.0,9.0235,0.4004
929.0,8.999,0.3945
930.0,8.9917,0.4047
931.0,9.0282,0.399
932.0,8.9783,0.4044
933.0,8.967,0.3998
934.0,9.0066,0.4029
935.0,8.9925,0.3974
936.0,8.9847,0.4006
937.0,9.0106,0.4004
938.0,9.0037,0.399
939.0,8.9915,0.3974
940.0,8.9808,0.3908
941.0,9.0131,0.3975
942.0,9.0098,0.4021
943.0,8.9985,0.3958
944.0,9.0277,0.3964
945.0,8.9839,0.3957
946.0,8.9771,0.4006
947.0,8.9896,0.3973
948.0,8.9993,0.4037
949.0,9.0037,0.4022
950.0,8.9964,0.4006
951.0,9.0053,0.4009
952.0,8.9812,0.3977
953.0,9.0217,0.3977
954.0,8.9988,0.4021
955.0,9.0168,0.4027
956.0,9.0051,0.4021
957.0,9.0069,0.3986
958.0,9.0085,0.3988
959.0,9.0067,0.3972
960.0,9.0096,0.4023
961.0,9.0199,0.3941
962.0,9.0029,0.3934
963.0,9.0106,0.394
964.0,8.9987,0.3936
965.0,9.0216,0.4041
966.0,8.9899,0.4024
967.0,9.027,0.3964
968.0,8.9994,0.3997
969.0,8.9785,0.4044
970.0,9.0019,0.4015
971.0,8.9898,0.4063
972.0,9.0126,0.3997
973.0,8.9902,0.398
974.0,8.9933,0.3968
975.0,8.9717,0.4001
976.0,8.9932,0.4028
977.0,8.9636,0.4003
978.0,8.9762,0.3989
979.0,9.0114,0.4038
980.0,9.0118,0.4016
981.0,9.0064,0.3997
982.0,8.9855,0.3977
983.0,8.9993,0.3992
984.0,8.9999,0.4014
985.0,8.9826,0.3977
986.0,9.0226,0.3963
987.0,9.0132,0.3986
988.0,8.9967,0.3999
989.0,9.0004,0.4041
990.0,9.0031,0.3965
991.0,8.9694,0.4007
992.0,8.9963,0.3992
993.0,8.9898,0.3993
994.0,8.985,0.4046
995.0,8.9958,0.4002
996.0,9.027,0.3973
997.0,9.0096,0.4027
998.0,8.9914,0.4024
999.0,9.0086,0.397
1000.0,9.021,0.3964
1001.0,9.0139,0.4012
1002.0,9.0009,0.3999
1003.0,8.9903,0.3986
1004.0,9.0105,0.4032
1005.0,9.0059,0.3982
1006.0,9.0134,0.4013
1007.0,9.0095,0.4035
1008.0,9.0157,0.399
1009.0,8.992,0.3945
1010.0,9.0198,0.3988
1011.0,9.003,0.4006
1012.0,9.0311,0.403
1013.0,8.9897,0.3984
1014.0,9.026,0.4052
1015.0,9.003,0.3961
1016.0,8.9902,0.4005
1017.0,8.9927,0.3993
1018.0,8.9952,0.404
1019.0,9.0064,0.3956
1020.0,9.0078,0.4013
1021.0,8.9914,0.3993
1022.0,8.9996,0.4046
1023.0,9.0321,0.3975
1024.0,9.0259,0.4012
1025.0,9.0065,0.3975
1026.0,9.0006,0.4006
1027.0,9.0018,0.3989
1028.0,9.0092,0.3988
1029.0,8.9847,0.394
1030.0,8.9961,0.4012
1031.0,8.975,0.3968
1032.0,9.006,0.3966
1033.0,9.0097,0.3953
1034.0,8.9928,0.3968
1035.0,9.0236,0.4015
1036.0,8.9816,0.4014
1037.0,8.978,0.402
1038.0,9.0034,0.3969
1039.0,9.0157,0.4006
1040.0,9.0253,0.3982
1041.0,8.9931,0.4029
1042.0,9.0162,0.4013
1043.0,8.9994,0.398
1044.0,8.9974,0.4031
1045.0,9.0133,0.4015
1046.0,9.0098,0.3958
1047.0,8.9764,0.395
1048.0,9.0221,0.396
1049.0,9.0207,0.4049
1050.0,8.9906,0.397
1051.0,9.0059,0.4056
1052.0,9.0074,0.3968
1053.0,9.0039,0.3965
1054.0,8.9917,0.4026
1055.0,8.9899,0.4028
1056.0,8.9996,0.4017
1057.0,9.0176,0.402
1058.0,9.0082,0.3976
1059.0,8.9944,0.4025
1060.0,9.0116,0.4007
1061.0,8.9573,0.3989
1062.0,9.0172,0.4003
1063.0,8.9739,0.4032
1064.0,8.9946,0.4012
1065.0,8.9832,0.3935
1066.0,8.9806,0.4027
1067.0,9.0174,0.4024
1068.0,8.993,0.3989
1069.0,9.0052,0.4004
1070.0,8.9993,0.4003
1071.0,9.0072,0.3941
1072.0,9.0012,0.3988
1073.0,8.9808,0.3989
1074.0,9.0149,0.3995
1075.0,8.9926,0.3984
1076.0,8.9767,0.402
1077.0,8.9936,0.3976
1078.0,9.0225,0.4027
1079.0,9.0128,0.4018
1080.0,8.9948,0.4041
1081.0,8.9948,0.4052
1082.0,8.9952,0.4052
1083.0,9.0312,0.3964
1084.0,9.0057,0.401
1085.0,9.0065,0.3978
1086.0,9.0155,0.4098
1087.0,9.0036,0.4018
1088.0,8.9961,0.4042
1089.0,8.9971,0.4013
1090.0,8.9989,0.3921
1091.0,8.9994,0.3976
1092.0,9.0109,0.3979
1093.0,9.0008,0.3988
1094.0,9.011,0.4011
1095.0,8.9988,0.4015
1096.0,9.0012,0.3921
1097.0,8.97,0.3993
1098.0,9.0137,0.3985
1099.0,9.0052,0.4041
1100.0,9.015,0.4018
1101.0,8.9566,0.3995
1102.0,9.0313,0.4007
1103.0,8.9979,0.3949
1104.0,9.0166,0.402
1105.0,8.9844,0.3988
1106.0,9.0092,0.3976
1107.0,8.9842,0.4039
1108.0,8.9906,0.4008
1109.0,9.0287,0.398
1110.0,8.9971,0.3982
1111.0,9.0033,0.4011
1112.0,9.0131,0.4009
1113.0,9.0074,0.4001
1114.0,9.0023,0.3964
1115.0,9.0055,0.3968
1116.0,9.0361,0.3978
1117.0,8.9991,0.3994
1118.0,9.003,0.3999
1119.0,9.0158,0.3995
1120.0,9.0166,0.3997
1121.0,9.0178,0.4056
1122.0,9.0096,0.4025
1123.0,8.9829,0.4036
1124.0,9.0245,0.4014
1125.0,8.9828,0.4002
1126.0,9.0045,0.4012
1127.0,8.9887,0.4007
1128.0,8.999,0.4024
1129.0,9.0049,0.3971
1130.0,9.0048,0.4022
1131.0,9.0063,0.4005
1132.0,9.0242,0.3946
1133.0,9.0068,0.4003
1134.0,8.9963,0.3961
1135.0,9.0145,0.3984
1136.0,9.0178,0.3995
1137.0,8.9816,0.3955
1138.0,9.009,0.3998
1139.0,9.0105,0.4002
1140.0,8.9955,0.4023
1141.0,9.0206,0.3986
1142.0,8.9977,0.4008
1143.0,9.0019,0.3997
1144.0,8.9974,0.3987
1145.0,9.0002,0.395
1146.0,8.9836,0.3997
1147.0,8.9784,0.4022
1148.0,9.0239,0.3972
1149.0,8.9873,0.3993
1150.0,8.9851,0.3998
1151.0,8.9677,0.4033
1152.0,8.9904,0.4001
1153.0,8.9802,0.4009
1154.0,9.0246,0.4
1155.0,9.0151,0.3985
1156.0,8.9897,0.3966
1157.0,9.0338,0.3991
1158.0,9.0147,0.4012
1159.0,8.9951,0.4004
1160.0,8.9625,0.4044
1161.0,9.0344,0.4028
1162.0,8.9792,0.4037
1163.0,8.9753,0.3939
1164.0,9.0153,0.4047
1165.0,9.0366,0.4008
1166.0,9.0208,0.4012
1167.0,9.0085,0.4027
1168.0,9.0089,0.4001
1169.0,9.0128,0.3968
1170.0,9.0114,0.4043
1171.0,9.0042,0.3977
1172.0,9.0016,0.397
1173.0,8.9991,0.3993
1174.0,8.9887,0.3988
1175.0,8.9958,0.4
1176.0,8.9746,0.3997
1177.0,8.9985,0.404
1178.0,8.9852,0.4014
1179.0,8.9834,0.3974
1180.0,9.0027,0.3978
1181.0,9.0209,0.3988
1182.0,9.0138,0.3988
1183.0,8.9764,0.3985
1184.0,8.9852,0.3967
1185.0,9.0141,0.4009
1186.0,8.9853,0.3986
1187.0,8.9966,0.3971
1188.0,9.0083,0.4015
1189.0,8.9855,0.4025
1190.0,9.0016,0.3993
1191.0,8.98,0.4053
1192.0,8.991,0.4066
1193.0,9.0048,0.4015
1194.0,8.9761,0.3986
1195.0,9.0066,0.4008
1196.0,8.9997,0.3963
1197.0,9.0083,0.3974
1198.0,9.0034,0.395
1199.0,9.0205,0.3981
1200.0,7.7748,0.4512
1201.0,7.7665,0.4568
1202.0,7.7748,0.4527
1203.0,7.7811,0.4557
1204.0,7.7737,0.4572
1205.0,7.7736,0.4584
1206.0,7.7624,0.4539
1207.0,7.763,0.4558
1208.0,7.7519,0.4559
1209.0,7.7992,0.4587
1210.0,7.7543,0.4573
1211.0,7.7626,0.4588
1212.0,7.7622,0.4499
1213.0,7.7864,0.4529
1214.0,7.7685,0.458
1215.0,7.7917,0.4567
1216.0,7.7629,0.4545
1217.0,7.7772,0.4535
1218.0,7.7604,0.4573
1219.0,7.8051,0.449
1220.0,7.7552,0.4573
1221.0,7.7776,0.4552
1222.0,7.7825,0.4535
1223.0,7.7792,0.4564
1224.0,7.7702,0.4538
1225.0,7.771,0.455
1226.0,7.7736,0.4548
1227.0,7.7708,0.4572
1228.0,7.7874,0.4554
1229.0,7.8061,0.4492
1230.0,7.7646,0.4507
1231.0,7.7524,0.4517
1232.0,7.7716,0.4563
1233.0,7.8117,0.4566
1234.0,7.7609,0.4599
1235.0,7.7976,0.4519
1236.0,7.7981,0.4588
1237.0,7.7647,0.4491
1238.0,7.7815,0.455
1239.0,7.7974,0.4557
1240.0,7.7673,0.4556
1241.0,7.7699,0.454
1242.0,7.7642,0.4553
1243.0,7.7577,0.4512
1244.0,7.7632,0.4575
1245.0,8.9816,0.4007
1246.0,9.0005,0.4011
1247.0,8.9885,0.3992
1248.0,9.0035,0.399
1249.0,8.9767,0.4016
1250.0,9.005,0.4048
1251.0,9.0125,0.3958
1252.0,8.9701,0.3957
1253.0,9.0056,0.4008
1254.0,9.0184,0.399
1255.0,8.9819,0.4004
1256.0,9.0251,0.3999
1257.0,9.0063,0.4019
1258.0,8.9894,0.3991
1259.0,8.9992,0.3964
1260.0,9.0084,0.3976
1261.0,9.0011,0.3995
1262.0,9.0081,0.3962
1263.0,8.9862,0.3999
1264.0,9.0025,0.4002
1265.0,8.9788,0.3989
1266.0,8.9983,0.4006
1267.0,8.9864,0.3952
1268.0,8.989,0.3971
1269.0,9.0185,0.3966
1270.0,9.0164,0.4026
1271.0,9.0091,0.4069
1272.0,8.9836,0.3974
1273.0,8.9953,0.3993
1274.0,9.0182,0.3979
1275.0,9.0021,0.4007
1276.0,9.0348,0.3982
1277.0,9.0059,0.4008
1278.0,9.0029,0.402
1279.0,8.9954,0.3963
1280.0,9.002,0.4008
1281.0,8.9977,0.3946
1282.0,9.0106,0.3992
1283.0,9.0144,0.399
1284.0,8.9882,0.3993
1285.0,8.98,0.3991
1286.0,8.9725,0.3985
1287.0,9.0076,0.3992
1288.0,8.9834,0.4007
1289.0,8.9677,0.4008
1290.0,9.0058,0.4003
1291.0,9.0374,0.3983
1292.0,8.9999,0.4032
1293.0,9.0126,0.4046
1294.0,9.0012,0.3961
1295.0,8.9985,0.4005
1296.0,9.0138,0.3986
1297.0,8.9956,0.4028
1298.0,9.004,0.4
1299.0,9.0048,0.4002
1300.0,8.99,0.4015
1301.0,9.0149,0.3991
1302.0,8.9974,0.405
1303.0,8.9887,0.4015
1304.0,9.008,0.4028
1305.0,8.9865,0.3993
1306.0,9.0004,0.3996
1307.0,8.9999,0.4024
1308.0,9.0163,0.4021
1309.0,9.0071,0.3963
1310.0,8.9996,0.4004
1311.0,9.0123,0.4014
1312.0,9.0209,0.3996
1313.0,9.0084,0.4011
1314.0,9.0002,0.3997
1315.0,8.9803,0.3933
1316.0,8.984,0.3961
1317.0,8.9954,0.4029
1318.0,8.9909,0.3993
1319.0,8.9972,0.4006
1320.0,9.0008,0.4
1321.0,9.0079,0.3975
1322.0,8.9989,0.3986
1323.0,9.0073,0.401
1324.0,9.001,0.4013
1325.0,8.9704,0.4066
1326.0,8.9859,0.3986
1327.0,8.9978,0.405
1328.0,8.9819,0.3974
1329.0,9.009,0.4015
1330.0,9.023,0.4005
1331.0,9.0183,0.3996
1332.0,8.9968,0.4
1333.0,9.0224,0.3981
1334.0,9.0022,0.4027
1335.0,8.9949,0.3975
1336.0,8.9908,0.401
1337.0,8.9955,0.4023
1338.0,8.9942,0.4042
1339.0,9.0026,0.4029
1340.0,9.0024,0.4017
1341.0,9.0,0.3981
1342.0,9.0066,0.3976
1343.0,9.0179,0.3966
1344.0,9.0142,0.3963
1345.0,8.9777,0.4
1346.0,8.9617,0.3978
1347.0,9.014,0.4036
1348.0,8.9795,0.3983
1349.0,8.9966,0.4003
1350.0,8.9824,0.3992
1351.0,8.973,0.3958
1352.0,9.0081,0.4033
1353.0,9.0114,0.4021
1354.0,8.9914,0.4024
1355.0,8.9611,0.4018
1356.0,8.9918,0.3977
1357.0,9.0059,0.3978
1358.0,8.9778,0.4014
1359.0,9.0028,0.4046
1360.0,8.9998,0.4012
1361.0,9.0087,0.4029
1362.0,9.0018,0.3984
1363.0,8.9854,0.4033
1364.0,9.0179,0.3987
1365.0,8.9976,0.4007
1366.0,8.9996,0.3989
1367.0,8.986,0.4027
1368.0,8.9934,0.4027
1369.0,8.9867,0.3956
1370.0,8.9974,0.404
1371.0,9.0257,0.4071
1372.0,8.9794,0.3989
1373.0,8.9758,0.3996
1374.0,9.0221,0.4037
1375.0,8.9969,0.4002
1376.0,8.99,0.4
1377.0,9.0156,0.4057
1378.0,8.9909,0.3959
1379.0,9.0274,0.3976
1380.0,9.0102,0.4013
1381.0,8.9927,0.3951
1382.0,9.0324,0.3989
1383.0,8.9909,0.3989
1384.0,9.0111,0.4029
1385.0,9.0045,0.4021
1386.0,9.0195,0.395
1387.0,9.0234,0.3979
1388.0,9.0005,0.3979
1389.0,8.9887,0.3994
1390.0,9.0069,0.3967
1391.0,8.9898,0.4014
1392.0,9.0302,0.3979
1393.0,9.002,0.4018
1394.0,8.9945,0.4
1395.0,9.0028,0.3971
1396.0,8.9798,0.4042
1397.0,8.9854,0.4043
1398.0,9.018,0.4009
1399.0,8.9901,0.3993
1400.0,8.9843,0.3968
1401.0,9.008,0.4032
1402.0,9.0178,0.4025
1403.0,9.0108,0.3976
1404.0,9.0149,0.3979
1405.0,8.9886,0.4014
1406.0,8.9787,0.3965
1407.0,9.0225,0.3981
1408.0,8.9952,0.3969
1409.0,8.9962,0.397
1410.0,9.0199,0.3978
1411.0,9.0083,0.4027
1412.0,9.0068,0.3947
1413.0,9.0325,0.4013
1414.0,8.9903,0.4008
1415.0,9.0139,0.4029
1416.0,9.0009,0.4008
1417.0,9.004,0.3989
1418.0,9.0229,0.3976
1419.0,9.0076,0.403
1420.0,9.0081,0.4015
1421.0,9.0161,0.3985
1422.0,8.9945,0.4027
1423.0,8.9874,0.3987
1424.0,8.9843,0.4
1425.0,8.9705,0.3982
1426.0,9.0308,0.4016
1427.0,8.9835,0.397
1428.0,8.9967,0.3991
1429.0,8.9958,0.398
1430.0,9.0046,0.4008
1431.0,9.0122,0.4012
1432.0,9.0129,0.3967
1433.0,8.9913,0.4012
1434.0,8.9975,0.3956
1435.0,9.0042,0.4066
1436.0,8.9963,0.3985
1437.0,9.0241,0.4031
1438.0,9.0074,0.4006
1439.0,9.011,0.4007
1440.0,9.0099,0.3965
1441.0,9.0176,0.4025
1442.0,9.0027,0.4001
1443.0,8.9805,0.4014
1444.0,9.006,0.3997
1445.0,8.9902,0.4004
1446.0,8.9921,0.3973
1447.0,9.0088,0.3995
1448.0,9.0186,0.3987
1449.0,9.0003,0.3979
1450.0,9.0046,0.4004
1451.0,9.0255,0.4011
1452.0,9.0036,0.4008
1453.0,9.039,0.3997
1454.0,9.0085,0.4012
1455.0,8.9736,0.4007
1456.0,9.0113,0.4003
1457.0,9.0057,0.4005
1458.0,9.0193,0.4035
1459.0,9.0101,0.3964
1460.0,8.9979,0.399
1461.0,8.9816,0.401
1462.0,8.9969,0.3953
1463.0,8.9872,0.4041
1464.0,8.9913,0.4008
1465.0,9.0088,0.4029
1466.0,9.025,0.4034
1467.0,9.0059,0.4012
1468.0,8.9821,0.3933
1469.0,9.0067,0.4004
1470.0,9.0179,0.4006
1471.0,8.9909,0.3967
1472.0,8.998,0.3946
1473.0,9.0002,0.4014
1474.0,8.9882,0.3963
1475.0,9.0097,0.4062
1476.0,8.9982,0.4008
1477.0,9.0063,0.4041
1478.0,8.9867,0.4001
1479.0,8.9934,0.4023
1480.0,9.0108,0.4002
1481.0,8.9944,0.403
1482.0,9.0259,0.3939
1483.0,8.994,0.4027
1484.0,9.0034,0.402
1485.0,9.014,0.3995
1486.0,8.9787,0.3988
1487.0,8.9736,0.3991
1488.0,8.9771,0.4008
1489.0,9.0189,0.4036
1490.0,8.9917,0.3984
1491.0,9.0384,0.3949
1492.0,8.9915,0.4075
1493.0,9.0028,0.402
1494.0,9.0231,0.3988
1495.0,9.0301,0.4036
1496.0,9.0309,0.4028
1497.0,9.0181,0.4015
1498.0,9.0154,0.3986
1499.0,9.0089,0.402
1500.0,9.0117,0.4033
1501.0,8.9917,0.3948
1502.0,8.9877,0.4007
1503.0,8.9999,0.4009
1504.0,8.9974,0.4008
1505.0,8.9932,0.4001
1506.0,9.0104,0.4036
1507.0,9.0143,0.3994
1508.0,9.0013,0.4
1509.0,9.0222,0.4009
1510.0,8.9829,0.3995
1511.0,8.9971,0.3958
1512.0,8.9892,0.4006
1513.0,8.972,0.4007
1514.0,8.9988,0.3989
1515.0,8.9982,0.3996
1516.0,9.0227,0.3905
1517.0,9.0095,0.4036
1518.0,8.9846,0.4027
1519.0,9.0278,0.396
1520.0,9.0183,0.398
1521.0,9.0087,0.4043
1522.0,8.9966,0.3965
1523.0,8.9856,0.4014
1524.0,8.9944,0.3985
1525.0,9.0163,0.4012
1526.0,9.0283,0.4002
1527.0,9.0231,0.3992
1528.0,8.9927,0.4012
1529.0,8.9832,0.3985
1530.0,9.0021,0.3946
1531.0,8.9735,0.3972
1532.0,9.0048,0.3969
1533.0,8.9978,0.3952
1534.0,8.993,0.4011
1535.0,8.9761,0.3995
1536.0,9.0077,0.4011
1537.0,8.992,0.4016
1538.0,8.9825,0.4023
1539.0,8.9569,0.4012
1540.0,8.9996,0.3971
1541.0,9.0266,0.4017
1542.0,9.0249,0.4007
1543.0,8.9931,0.4066
1544.0,8.991,0.4
1545.0,9.007,0.4011
1546.0,8.985,0.3997
1547.0,9.0045,0.4001
1548.0,9.0115,0.3999
1549.0,9.0184,0.3987
1550.0,8.9985,0.4005
1551.0,8.9969,0.4019
1552.0,8.9868,0.3987
1553.0,8.9876,0.4025
1554.0,8.9966,0.4021
1555.0,9.0055,0.3974
1556.0,9.0137,0.3971
1557.0,8.988,0.4013
1558.0,9.0224,0.3982
1559.0,8.9959,0.3969
1560.0,8.9997,0.4052
1561.0,8.9888,0.3971
1562.0,8.9636,0.3954
1563.0,9.0133,0.3976
1564.0,9.0111,0.4007
1565.0,8.9958,0.4002
1566.0,9.001,0.4057
1567.0,9.0077,0.3977
1568.0,8.9766,0.4007
1569.0,8.9921,0.4034
1570.0,9.0119,0.398
1571.0,8.9812,0.4021
1572.0,9.0044,0.3945
1573.0,8.9797,0.4053
1574.0,9.007,0.403
1575.0,8.9995,0.398
1576.0,8.9758,0.4025
1577.0,9.0175,0.4039
1578.0,8.989,0.3961
1579.0,8.9878,0.3982
1580.0,9.003,0.404
1581.0,9.0172,0.4002
1582.0,8.9848,0.4013
1583.0,9.0009,0.4002
1584.0,9.0064,0.4027
1585.0,9.0104,0.4015
1586.0,9.0026,0.4003
1587.0,8.9945,0.3937
1588.0,8.9876,0.4019
1589.0,9.0013,0.4022
1590.0,8.9839,0.3963
1591.0,8.9562,0.3965
1592.0,9.0065,0.4016
1593.0,9.0136,0.4006
1594.0,8.9646,0.3941
1595.0,8.9849,0.3975
1596.0,9.0093,0.4009
1597.0,9.0309,0.402
1598.0,9.0003,0.3982
1599.0,8.9891,0.3996
1600.0,8.9973,0.3974
1601.0,9.0206,0.404
1602.0,8.9903,0.4005
1603.0,8.988,0.398
1604.0,8.9928,0.3965
1605.0,8.9857,0.3962
1606.0,9.0018,0.4054
1607.0,9.0244,0.3995
1608.0,9.0048,0.3988
1609.0,8.9962,0.3994
1610.0,8.9956,0.3981
1611.0,8.9766,0.3997
1612.0,9.0132,0.4001
1613.0,8.9988,0.4
1614.0,8.9973,0.3962
1615.0,9.0479,0.4027
1616.0,9.0045,0.3983
1617.0,8.9887,0.398
1618.0,8.9936,0.3979
1619.0,9.0172,0.3968
1620.0,9.0017,0.4008
1621.0,8.9784,0.4027
1622.0,9.0138,0.3978
1623.0,8.99,0.3945
1624.0,9.0281,0.3969
1625.0,9.0162,0.3987
1626.0,8.9933,0.3963
1627.0,9.0192,0.3982
1628.0,9.001,0.3983
1629.0,9.0128,0.4
1630.0,9.0073,0.3956
1631.0,8.9873,0.4017
1632.0,8.9903,0.405
1633.0,9.0154,0.4043
1634.0,8.995,0.3982
1635.0,8.9939,0.402
1636.0,8.9857,0.4017
1637.0,9.0064,0.3999
1638.0,9.0309,0.4005
1639.0,8.984,0.402
1640.0,9.0004,0.4027
1641.0,9.0212,0.3976
1642.0,8.9988,0.4022
1643.0,9.0068,0.405
1644.0,8.9841,0.4026
1645.0,9.0064,0.4046
1646.0,8.9972,0.3922
1647.0,9.0148,0.4018
1648.0,9.0178,0.4008
1649.0,9.0388,0.4031
1650.0,9.0087,0.3966
1651.0,9.0049,0.3985
1652.0,9.0029,0.4027
1653.0,8.9947,0.3968
1654.0,9.0051,0.4007
1655.0,8.9956,0.3999
1656.0,9.0025,0.3994
1657.0,9.0198,0.4017
1658.0,8.9849,0.3967
1659.0,9.0171,0.3977
1660.0,9.0198,0.3996
1661.0,8.9982,0.3964
1662.0,8.9682,0.4037
1663.0,8.9909,0.3976
1664.0,9.0195,0.4024
1665.0,8.9997,0.3974
1666.0,8.985,0.4021
1667.0,8.9924,0.3952
1668.0,9.0126,0.4042
1669.0,9.0082,0.4034
1670.0,8.9964,0.3983
1671.0,8.9945,0.3975
1672.0,8.9941,0.4014
1673.0,8.9862,0.3954
1674.0,9.0242,0.4001
1675.0,8.9952,0.3976
1676.0,9.0183,0.3992
1677.0,9.0228,0.3981
1678.0,9.015,0.3976
1679.0,8.9935,0.4051
1680.0,9.0061,0.4023
1681.0,8.9996,0.3956
1682.0,8.9864,0.3974
1683.0,9.0049,0.4026
1684.0,8.9823,0.4029
1685.0,9.0178,0.3958
1686.0,8.993,0.4021
1687.0,9.003,0.4008
1688.0,9.0042,0.3942
1689.0,8.9961,0.3988
1690.0,9.0088,0.3996
1691.0,8.9929,0.4001
1692.0,9.0131,0.396
1693.0,8.9798,0.3977
1694.0,9.0019,0.3981
1695.0,9.0291,0.3984
1696.0,8.985,0.3984
1697.0,8.9898,0.3996
1698.0,9.0077,0.4009
1699.0,9.0027,0.4053
1700.0,9.0053,0.4026
1701.0,9.0073,0.404
1702.0,9.0095,0.3986
1703.0,9.0166,0.397
1704.0,9.0061,0.4024
1705.0,8.9964,0.4
1706.0,9.0101,0.4022
1707.0,9.0285,0.3974
1708.0,8.998,0.4019
1709.0,8.9854,0.3995
1710.0,9.0166,0.3986
1711.0,8.9982,0.3989
1712.0,8.9674,0.4015
1713.0,9.0127,0.4023
1714.0,8.992,0.3989
1715.0,8.9986,0.401
1716.0,9.005,0.401
1717.0,9.0029,0.4022
1718.0,9.0106,0.403
1719.0,8.9935,0.4054
1720.0,9.0077,0.3986
1721.0,8.9961,0.4044
1722.0,9.0111,0.4004
1723.0,9.0092,0.3967
1724.0,8.986,0.398
1725.0,9.0163,0.4014
1726.0,8.992,0.4022
1727.0,9.0121,0.397
1728.0,9.0055,0.3977
1729.0,9.0276,0.3984
1730.0,8.9966,0.3974
1731.0,8.9948,0.3944
1732.0,8.9997,0.3933
1733.0,8.9955,0.3989
1734.0,9.012,0.4008
1735.0,8.9758,0.402
1736.0,8.9842,0.3959
1737.0,8.984,0.396
1738.0,9.0143,0.3984
1739.0,9.0257,0.4
1740.0,8.9984,0.403
1741.0,8.9975,0.4022
1742.0,9.0011,0.3989
1743.0,9.0174,0.4011
1744.0,8.9861,0.3975
1745.0,9.0036,0.4002
1746.0,9.0146,0.3998
1747.0,9.0075,0.4042
1748.0,9.0028,0.4015
1749.0,9.015,0.3977
1750.0,8.9595,0.3977
1751.0,9.0102,0.399
1752.0,8.9902,0.3953
1753.0,8.9725,0.3993
1754.0,9.0077,0.3996
1755.0,9.0206,0.4014
1756.0,8.9979,0.4018
1757.0,9.0143,0.4003
1758.0,9.0242,0.3951
1759.0,9.0197,0.3963
1760.0,9.0246,0.3982
1761.0,9.0111,0.402
1762.0,9.0011,0.4019
1763.0,8.976,0.3993
1764.0,8.9963,0.4071
1765.0,8.9874,0.4047
1766.0,9.0326,0.4037
1767.0,8.9974,0.4021
1768.0,9.0018,0.4014
1769.0,9.0083,0.4012
1770.0,9.0007,0.3946
1771.0,9.0254,0.3968
1772.0,8.9907,0.3993
1773.0,9.0029,0.4004
1774.0,8.9889,0.3996
1775.0,8.9802,0.4008
1776.0,8.9908,0.3937
1777.0,8.9994,0.4015
1778.0,8.9936,0.4002
1779.0,8.9896,0.3994
1780.0,8.9789,0.4028
1781.0,8.9988,0.3969
1782.0,8.9774,0.3993
1783.0,9.0114,0.4009
1784.0,9.0012,0.3974
1785.0,8.9781,0.394
1786.0,8.9954,0.3965
1787.0,8.9887,0.3998
1788.0,9.0048,0.3993
1789.0,9.0201,0.3999
1790.0,8.9719,0.398
1791.0,9.0017,0.3961
1792.0,8.9976,0.4004
1793.0,9.0101,0.3995
1794.0,9.0032,0.4019
1795.0,8.9887,0.3978
1796.0,8.9952,0.3939
1797.0,8.9881,0.3922
1798.0,9.0161,0.3988
1799.0,9.0003,0.4004
1800.0,9.0285,0.3993
1801.0,8.9991,0.3983
1802.0,8.9894,0.3952
1803.0,8.9773,0.3943
1804.0,8.973,0.4011
1805.0,8.9762,0.3993
1806.0,9.004,0.3989
1807.0,9.0076,0.3954
1808.0,8.9763,0.3971
1809.0,9.0134,0.4001
1810.0,8.9928,0.4009
1811.0,9.0022,0.3995
1812.0,9.0242,0.4041
1813.0,9.0135,0.3983
1814.0,8.996,0.4039
1815.0,8.9866,0.4007
1816.0,8.9677,0.4003
1817.0,8.9892,0.4028
1818.0,8.9968,0.3981
1819.0,8.9852,0.399
1820.0,8.998,0.3963
1821.0,9.0012,0.4028
1822.0,8.9966,0.401
1823.0,8.9902,0.4033
1824.0,9.0025,0.4006
1825.0,9.0066,0.4033
1826.0,8.9836,0.3978
1827.0,9.0212,0.403
1828.0,8.9985,0.3988
1829.0,9.0003,0.4
1830.0,9.0106,0.4022
1831.0,9.0035,0.407
1832.0,9.0143,0.4025
1833.0,9.0043,0.4027
1834.0,8.9908,0.3984
1835.0,9.0054,0.4005
1836.0,8.9828,0.3997
1837.0,9.0016,0.4042
1838.0,8.9995,0.3996
1839.0,8.9969,0.404
1840.0,8.9981,0.3961
1841.0,8.9718,0.4042
1842.0,8.9918,0.3974
1843.0,9.0014,0.4026
1844.0,9.0024,0.3974
1845.0,8.9846,0.4019
1846.0,9.019,0.3971
1847.0,8.987,0.4031
1848.0,9.0145,0.4025
1849.0,9.0064,0.3982
1850.0,8.9903,0.4017
1851.0,9.0266,0.4028
1852.0,8.9821,0.3972
1853.0,9.0138,0.3969
1854.0,9.015,0.3968
1855.0,8.9899,0.3964
1856.0,9.0209,0.3968
1857.0,8.9962,0.4028
1858.0,9.0043,0.4017
1859.0,9.0039,0.3949
1860.0,8.998,0.3985
1861.0,9.0122,0.3965
1862.0,9.0119,0.4026
1863.0,8.9738,0.3987
1864.0,9.0196,0.3954
1865.0,8.9751,0.4005
1866.0,9.0155,0.4018
1867.0,9.0169,0.3971
1868.0,8.9836,0.3992
1869.0,8.9938,0.3973
1870.0,8.9834,0.4037
1871.0,8.9968,0.3987
1872.0,8.9954,0.3978
1873.0,9.0117,0.3998
1874.0,9.0197,0.3994
1875.0,9.0209,0.4021
1876.0,8.9916,0.4036
1877.0,8.9969,0.4037
1878.0,8.9747,0.3989
1879.0,8.9879,0.4009
1880.0,9.0145,0.4045
1881.0,9.0242,0.4046
1882.0,8.9815,0.3974
1883.0,8.9911,0.4018
1884.0,8.9996,0.4013
1885.0,9.0042,0.4028
1886.0,8.9879,0.4037
1887.0,9.0064,0.3969
1888.0,8.9929,0.3979
1889.0,8.9998,0.4027
1890.0,9.0082,0.4004
1891.0,9.0001,0.3933
1892.0,8.9935,0.395
1893.0,8.9984,0.402
1894.0,8.9987,0.4025
1895.0,8.9944,0.396
1896.0,8.9961,0.4033
1897.0,9.024,0.3994
1898.0,9.0084,0.3969
1899.0,8.9956,0.3983
1900.0,9.0105,0.3963
1901.0,8.995,0.3982
1902.0,9.0176,0.3944
1903.0,9.0055,0.3998
1904.0,8.9984,0.4018
1905.0,9.0067,0.396
1906.0,8.9764,0.4001
1907.0,8.9831,0.3976
1908.0,8.9821,0.402
1909.0,9.0021,0.3931
1910.0,9.026,0.4021
1911.0,9.0335,0.3945
1912.0,9.0096,0.3994
1913.0,9.0075,0.3979
1914.0,8.973,0.3989
1915.0,8.9919,0.3954
1916.0,8.9882,0.405
1917.0,8.9907,0.3961
1918.0,8.9975,0.3964
1919.0,8.9929,0.4054
1920.0,8.9703,0.401
1921.0,9.0112,0.3962
1922.0,8.9839,0.3996
1923.0,9.0036,0.3993
1924.0,9.0311,0.3949
1925.0,8.9862,0.3977
1926.0,8.962,0.3999
1927.0,8.9957,0.4038
1928.0,9.0165,0.3994
1929.0,9.0294,0.3997
1930.0,8.9816,0.3976
1931.0,9.0075,0.4033
1932.0,8.993,0.4027
1933.0,8.9984,0.4024
1934.0,9.0397,0.4003
1935.0,8.9775,0.3952
1936.0,9.0038,0.4033
1937.0,9.007,0.4002
1938.0,9.0163,0.3991
1939.0,9.0015,0.4013
1940.0,9.0046,0.4007
1941.0,8.9941,0.3968
1942.0,9.004,0.399
1943.0,8.9949,0.3943
1944.0,9.0093,0.4003
1945.0,8.9945,0.404
1946.0,9.0057,0.3946
1947.0,8.9996,0.4004
1948.0,9.0169,0.402
1949.0,8.9992,0.4024
1950.0,8.9734,0.3978
1951.0,9.0189,0.3967
1952.0,8.9864,0.3982
1953.0,8.9902,0.4036
1954.0,8.9911,0.3949
1955.0,9.0206,0.3964
1956.0,8.968,0.3986
1957.0,9.0471,0.3971
1958.0,9.0158,0.3999
1959.0,9.0033,0.4042
1960.0,8.9992,0.3964
1961.0,9.0043,0.3996
1962.0,9.0078,0.4
1963.0,9.0097,0.399
1964.0,9.0083,0.3953
1965.0,9.0013,0.3981
1966.0,8.997,0.3981
1967.0,8.9977,0.4019
1968.0,8.9971,0.4013
1969.0,9.017,0.3953
1970.0,9.0089,0.3988
1971.0,8.9559,0.3985
1972.0,9.0098,0.4059
1973.0,9.0029,0.4009
1974.0,8.9997,0.3968
1975.0,8.9942,0.3977
1976.0,9.0169,0.3989
1977.0,9.0142,0.4011
1978.0,8.9884,0.4015
1979.0,9.0061,0.4006
1980.0,8.9854,0.3994
1981.0,8.9793,0.3996
1982.0,8.9906,0.3996
1983.0,9.0129,0.3947
1984.0,9.0143,0.3998
1985.0,9.0077,0.3983
1986.0,9.0109,0.395
1987.0,9.0077,0.4073
1988.0,8.9904,0.4009
1989.0,9.0065,0.4
1990.0,9.012,0.3989
1991.0,9.0113,0.4022
1992.0,9.0178,0.3965
1993.0,9.0106,0.3991
1994.0,9.0053,0.3971
1995.0,9.0161,0.4022
1996.0,8.9996,0.3975
1997.0,8.9868,0.4033
1998.0,8.9976,0.3997
1999.0,8.9888,0.4023
2000.0,8.9899,0.4012
2001.0,8.9978,0.4032
2002.0,8.9881,0.3972
2003.0,8.9954,0.4027
2004.0,8.9716,0.3944
2005.0,9.0032,0.4001
2006.0,9.0,0.3984
2007.0,8.9877,0.3958
2008.0,9.0099,0.3973
2009.0,9.0141,0.3981
2010.0,8.9759,0.3994
2011.0,8.9886,0.3984
2012.0,8.9885,0.4002
2013.0,8.9859,0.3975
2014.0,9.0124,0.3986
2015.0,8.9971,0.3991
2016.0,8.996,0.4005
2017.0,8.9699,0.4025
2018.0,9.0095,0.4026
2019.0,8.9814,0.4007
2020.0,9.0009,0.4013
2021.0,9.0042,0.4009
2022.0,9.0204,0.3991
2023.0,8.9804,0.4027
2024.0,8.9547,0.3973
2025.0,9.0028,0.3939
2026.0,9.027,0.3969
2027.0,9.0186,0.4042
2028.0,9.0031,0.3991
2029.0,8.9926,0.4008
2030.0,9.0121,0.3992
2031.0,8.9854,0.4017
2032.0,9.0071,0.4002
2033.0,9.0076,0.3998
2034.0,9.0159,0.4018
2035.0,9.0414,0.3986
2036.0,9.0059,0.4011
2037.0,8.9924,0.3995
2038.0,8.9996,0.3997
2039.0,8.9735,0.3975
2040.0,8.9896,0.3994
2041.0,8.9939,0.3984
2042.0,8.9921,0.4034
2043.0,9.0023,0.3949
2044.0,8.9877,0.4027
2045.0,9.0168,0.3948
2046.0,9.0,0.4016
2047.0,8.9999,0.3975
2048.0,8.9951,0.4017
2049.0,9.0023,0.3996
2050.0,9.0124,0.3957
2051.0,8.987,0.4041
2052.0,8.9901,0.4023
2053.0,8.9954,0.4015
2054.0,8.9798,0.3981
2055.0,8.9877,0.4024
2056.0,8.9929,0.3962
2057.0,9.0131,0.3933
2058.0,9.0039,0.3953
2059.0,9.0029,0.3972
2060.0,9.0128,0.3977
2061.0,8.9979,0.3987
2062.0,9.0059,0.3988
2063.0,8.9985,0.3981
2064.0,9.004,0.3937
2065.0,8.9913,0.4006
2066.0,8.9634,0.3992
2067.0,8.998,0.3979
2068.0,9.0213,0.4042
2069.0,9.0139,0.3993
2070.0,9.0145,0.4002
2071.0,9.0185,0.4024
2072.0,9.0013,0.3955
2073.0,9.003,0.3999
2074.0,8.9907,0.4024
2075.0,8.9953,0.3997
2076.0,9.0092,0.3961
2077.0,9.0181,0.3986
2078.0,8.9979,0.4006
2079.0,8.9932,0.3937
2080.0,9.0,0.3959
2081.0,9.009,0.4059
2082.0,8.9783,0.4015
2083.0,8.9656,0.4045
2084.0,8.9917,0.4026
2085.0,8.9817,0.4012
2086.0,8.9924,0.3991
2087.0,8.9978,0.4011
2088.0,8.9932,0.4043
2089.0,9.0218,0.4025
2090.0,9.0049,0.4005
2091.0,9.0045,0.3995
2092.0,9.0093,0.4015
2093.0,8.9829,0.3984
2094.0,9.0156,0.4015
2095.0,8.9989,0.3979
2096.0,9.0101,0.3989
2097.0,8.9839,0.3969
2098.0,8.9767,0.3987
2099.0,9.0123,0.3979
2100.0,9.0056,0.4051
2101.0,8.9865,0.3973
2102.0,8.987,0.4012
2103.0,9.0169,0.3972
2104.0,8.9822,0.4001
2105.0,9.0246,0.4009
2106.0,8.9865,0.3944
2107.0,9.0096,0.3958
2108.0,8.9951,0.3971
2109.0,9.009,0.3961
2110.0,8.9918,0.4003
2111.0,8.9976,0.4007
2112.0,9.0006,0.3968
2113.0,8.985,0.4004
2114.0,9.0111,0.3987
2115.0,8.9923,0.3997
2116.0,8.9966,0.3981
2117.0,8.9851,0.4015
2118.0,8.9616,0.4049
2119.0,8.9971,0.4023
2120.0,9.0362,0.4042
2121.0,9.0118,0.3958
2122.0,8.9997,0.398
2123.0,8.9961,0.4017
2124.0,9.0003,0.4045
2125.0,9.0082,0.402
2126.0,8.9823,0.3969
2127.0,9.0167,0.3987
2128.0,9.0107,0.401
2129.0,9.0108,0.3995
2130.0,9.0066,0.3976
2131.0,9.0003,0.3991
2132.0,9.0101,0.4
2133.0,9.0089,0.3967
2134.0,8.9947,0.403
2135.0,8.9914,0.3987
2136.0,9.0015,0.3998
2137.0,9.0232,0.4031
2138.0,8.9814,0.3996
2139.0,8.978,0.4029
2140.0,9.0025,0.3969
2141.0,9.0008,0.4013
2142.0,9.0026,0.4025
2143.0,9.0037,0.3975
2144.0,8.9967,0.3995
2145.0,9.0223,0.3995
2146.0,8.976,0.4006
2147.0,8.9876,0.4014
2148.0,8.9985,0.3973
2149.0,8.9754,0.3998
2150.0,8.9974,0.4048
2151.0,9.0249,0.4032
2152.0,9.0003,0.4024
2153.0,9.0035,0.3994
2154.0,8.9811,0.4064
2155.0,8.9908,0.4031
2156.0,8.9944,0.4001
2157.0,8.9952,0.4007
2158.0,9.0192,0.3986
2159.0,9.0084,0.4012
2160.0,8.9833,0.4018
2161.0,9.0037,0.4021
2162.0,9.0075,0.3995
2163.0,9.0171,0.3956
2164.0,9.0237,0.4007
2165.0,8.9848,0.4021
2166.0,8.9878,0.3971
2167.0,8.9811,0.3997
2168.0,8.9965,0.404
2169.0,9.007,0.3964
2170.0,9.0148,0.3991
2171.0,8.9989,0.4045
2172.0,8.9952,0.4005
2173.0,9.0023,0.3984
2174.0,8.9875,0.4
2175.0,9.0313,0.4025
2176.0,8.9759,0.3994
2177.0,9.0028,0.4018
2178.0,9.0304,0.4007
2179.0,9.0001,0.401
2180.0,8.9971,0.402
2181.0,8.9946,0.3991
2182.0,8.9973,0.3972
2183.0,9.0206,0.4014
2184.0,8.9668,0.3996
2185.0,9.023,0.3987
2186.0,8.9786,0.4016
2187.0,8.996,0.4038
2188.0,8.9936,0.3995
2189.0,9.0088,0.4
2190.0,8.976,0.3965
2191.0,9.0069,0.3993
2192.0,9.0304,0.4007
2193.0,8.9796,0.3999
2194.0,9.0028,0.3989
2195.0,8.9901,0.4022
2196.0,9.0064,0.4002
2197.0,9.0003,0.4078
2198.0,8.9904,0.4006
2199.0,9.0073,0.3918
2200.0,9.0271,0.3967
2201.0,8.9971,0.4016
2202.0,9.0108,0.3981
2203.0,8.9806,0.3983
2204.0,8.9857,0.3963
2205.0,9.0071,0.3986
2206.0,9.0223,0.4006
2207.0,9.0053,0.4012
2208.0,8.9953,0.3969
2209.0,9.0,0.4024
2210.0,8.9812,0.3964
2211.0,9.0091,0.4013
2212.0,9.0132,0.401
2213.0,8.9932,0.3972
2214.0,8.9929,0.3968
2215.0,9.004,0.4011
2216.0,8.9934,0.3983
2217.0,8.999,0.3994
2218.0,9.0315,0.4021
2219.0,8.9963,0.4014
2220.0,8.9946,0.3973
2221.0,8.9903,0.3998
2222.0,9.0112,0.3972
2223.0,8.9973,0.4026
2224.0,8.9903,0.4046
2225.0,9.0198,0.3975
2226.0,9.0213,0.3999
2227.0,8.991,0.4028
2228.0,8.972,0.4001
2229.0,9.0151,0.4017
2230.0,8.9897,0.4002
2231.0,9.0119,0.3968
2232.0,8.9704,0.4004
2233.0,9.0134,0.4034
2234.0,8.9818,0.4009
2235.0,9.011,0.4049
2236.0,9.0002,0.3947
2237.0,8.9857,0.4011
2238.0,8.9939,0.3981
2239.0,9.0103,0.3974
2240.0,9.0016,0.404
2241.0,9.0088,0.3992
2242.0,9.0296,0.3989
2243.0,8.9765,0.401
2244.0,9.0243,0.3935
2245.0,9.0016,0.4041
2246.0,8.9865,0.4057
2247.0,8.98,0.4027
2248.0,8.9972,0.4012
2249.0,9.0138,0.3994
2250.0,8.9981,0.3968
2251.0,9.0227,0.4036
2252.0,8.9782,0.4027
2253.0,8.9998,0.4014
2254.0,8.9812,0.401
2255.0,9.0055,0.4009
2256.0,9.0133,0.3984
2257.0,8.9937,0.4075
2258.0,8.9609,0.3991
2259.0,9.003,0.3987
2260.0,9.0066,0.4034
2261.0,9.0061,0.3999
2262.0,9.0185,0.3999
2263.0,8.9839,0.4042
2264.0,9.0102,0.402
2265.0,9.0179,0.4022
2266.0,8.9733,0.3957
2267.0,9.0048,0.4012
2268.0,8.9924,0.397
2269.0,8.9988,0.3986
2270.0,9.0052,0.4005
2271.0,8.9927,0.3999
2272.0,8.9899,0.402
2273.0,9.0005,0.4023
2274.0,8.9837,0.4025
2275.0,8.9837,0.396
2276.0,9.0102,0.4071
2277.0,8.9828,0.3999
2278.0,9.01,0.4036
2279.0,9.0069,0.3925
2280.0,8.9741,0.3992
2281.0,8.9898,0.3956
2282.0,9.0179,0.3974
2283.0,8.9853,0.4002
2284.0,8.993,0.399
2285.0,9.0069,0.4039
2286.0,9.0118,0.4053
2287.0,8.9962,0.3971
2288.0,8.991,0.3985
2289.0,9.0213,0.3969
2290.0,9.0261,0.4035
2291.0,9.0147,0.4005
2292.0,9.0013,0.4001
2293.0,8.9879,0.4009
2294.0,8.9875,0.3991
2295.0,9.0078,0.3974
2296.0,9.0063,0.4002
2297.0,9.021,0.3992
2298.0,9.0098,0.401
2299.0,8.9775,0.3951
2300.0,9.0158,0.4006
2301.0,8.985,0.3979
2302.0,8.9942,0.4005
2303.0,9.0038,0.4027
2304.0,9.0299,0.3983
2305.0,9.0466,0.4036
2306.0,9.0091,0.3948
2307.0,8.9973,0.4046
2308.0,9.008,0.4037
2309.0,9.0133,0.3973
2310.0,8.9952,0.3974
2311.0,9.0269,0.3955
2312.0,9.0035,0.4028
2313.0,9.0075,0.399
2314.0,9.01,0.3988
2315.0,9.0063,0.3966
2316.0,9.0126,0.4054
2317.0,8.9907,0.3971
2318.0,8.9916,0.4001
2319.0,8.9835,0.4006
2320.0,9.0066,0.3988
2321.0,9.0117,0.3982
2322.0,9.0069,0.3989
2323.0,9.0251,0.4017
2324.0,8.9999,0.399
2325.0,9.01,0.4049
2326.0,8.9836,0.3977
2327.0,8.9942,0.4023
2328.0,9.0104,0.3947
2329.0,9.0127,0.3977
2330.0,8.9956,0.3976
2331.0,8.9989,0.3967
2332.0,8.9772,0.4009
2333.0,8.9946,0.3997
2334.0,9.0134,0.3932
2335.0,9.0086,0.406
2336.0,9.0075,0.4005
2337.0,9.0007,0.4
2338.0,9.0001,0.4039
2339.0,8.9901,0.403
2340.0,9.0105,0.3991
2341.0,9.0063,0.3941
2342.0,9.0074,0.4017
2343.0,8.9921,0.3971
2344.0,8.9677,0.4037
2345.0,9.0165,0.3977
2346.0,8.9928,0.3986
2347.0,8.9871,0.396
2348.0,9.0104,0.3962
2349.0,8.9941,0.3997
2350.0,9.0159,0.3994
2351.0,9.0093,0.3986
2352.0,9.0103,0.4062
2353.0,8.9795,0.4018
2354.0,9.0182,0.4
2355.0,9.0039,0.3917
2356.0,8.9945,0.4025
2357.0,9.0022,0.409
2358.0,8.9734,0.3994
2359.0,9.0061,0.3976
2360.0,8.9846,0.4005
2361.0,8.9797,0.3957
2362.0,8.9772,0.4014
2363.0,9.0167,0.4045
2364.0,8.9906,0.398
2365.0,9.023,0.3981
2366.0,8.992,0.3998
2367.0,8.9744,0.3985
2368.0,8.9833,0.3955
2369.0,9.0185,0.3988
2370.0,8.9977,0.3982
2371.0,8.9918,0.4041
2372.0,9.0024,0.4035
2373.0,9.0075,0.4042
2374.0,9.0168,0.4024
2375.0,9.0217,0.4006
2376.0,8.9946,0.3974
2377.0,8.9801,0.404
2378.0,8.9938,0.401
2379.0,9.0039,0.3963
2380.0,8.9855,0.3973
2381.0,8.9856,0.3962
2382.0,9.0052,0.3938
2383.0,8.9993,0.4012
2384.0,9.0005,0.3963
2385.0,8.9886,0.3977
2386.0,8.9965,0.4001
2387.0,8.9861,0.3994
2388.0,9.0134,0.3979
2389.0,9.0155,0.4046
2390.0,8.9723,0.3954
2391.0,8.9861,0.3955
2392.0,8.9776,0.4014
2393.0,8.9902,0.3981
2394.0,8.9987,0.398
2395.0,8.9783,0.3968
2396.0,8.9862,0.401
2397.0,8.9849,0.4007
2398.0,9.0031,0.4004
2399.0,9.001,0.3983
2400.0,8.9892,0.3977
2401.0,9.0027,0.3995
2402.0,8.9918,0.4029
2403.0,8.9959,0.4047
2404.0,9.0251,0.4033
2405.0,9.0201,0.4015
2406.0,8.9805,0.4029
2407.0,9.0124,0.3965
2408.0,9.0122,0.3979
2409.0,8.9828,0.4016
2410.0,9.0123,0.3996
2411.0,9.0231,0.401
2412.0,8.9832,0.4029
2413.0,8.9862,0.4025
2414.0,9.0153,0.3967
2415.0,9.0041,0.4
2416.0,9.0083,0.3972
2417.0,9.0051,0.3977
2418.0,9.0059,0.3949
2419.0,8.9801,0.4004
2420.0,9.0157,0.3946
2421.0,9.0175,0.4012
2422.0,8.9966,0.4041
2423.0,8.9993,0.4016
2424.0,8.977,0.4002
2425.0,9.0077,0.4046
2426.0,9.0086,0.401
2427.0,8.9991,0.3974
2428.0,9.0169,0.4004
2429.0,8.995,0.4059
2430.0,9.0085,0.3967
2431.0,8.9847,0.3959
2432.0,8.9996,0.4018
2433.0,8.9974,0.3993
2434.0,9.0034,0.3984
2435.0,8.9945,0.3962
2436.0,8.998,0.3941
2437.0,9.0124,0.3956
2438.0,8.9934,0.4048
2439.0,8.9759,0.4
2440.0,9.0262,0.3941
2441.0,9.0207,0.4036
2442.0,8.9806,0.4037
2443.0,9.0103,0.4037
2444.0,8.9925,0.3987
2445.0,9.004,0.3992
2446.0,9.0044,0.4004
2447.0,8.9965,0.4042
2448.0,8.9882,0.3983
2449.0,8.9896,0.3977
2450.0,8.9863,0.4021
2451.0,8.9875,0.4036
2452.0,8.999,0.3998
2453.0,8.9893,0.402
2454.0,9.0102,0.4003
2455.0,9.0223,0.3992
2456.0,8.9913,0.3975
2457.0,9.0036,0.3965
2458.0,9.0075,0.3982
2459.0,9.0071,0.3971
2460.0,9.0011,0.4009
2461.0,9.0111,0.4037
2462.0,9.0072,0.4006
2463.0,8.9814,0.3972
2464.0,9.013,0.4026
2465.0,9.0133,0.4009
2466.0,8.9886,0.4015
2467.0,9.0006,0.3984
2468.0,9.0102,0.4034
2469.0,8.9969,0.4034
2470.0,9.0161,0.3994
2471.0,9.0355,0.4022
2472.0,8.9882,0.4033
2473.0,8.9793,0.3986
2474.0,9.0046,0.3998
2475.0,9.0108,0.4002
2476.0,8.9965,0.3967
2477.0,9.0218,0.4013
2478.0,8.9799,0.4031
2479.0,9.0104,0.3996
2480.0,8.9909,0.401
2481.0,9.0258,0.4042
2482.0,9.0299,0.3988
2483.0,8.9885,0.4011
2484.0,8.9918,0.3983
2485.0,9.0129,0.3982
2486.0,8.9942,0.401
2487.0,8.9993,0.4007
2488.0,9.0004,0.4017
2489.0,8.9712,0.4002
2490.0,8.9998,0.4014
2491.0,8.9897,0.405
2492.0,8.9926,0.4032
2493.0,9.0217,0.401
2494.0,8.9812,0.4015
2495.0,9.0122,0.3991
2496.0,8.9958,0.3995
2497.0,8.9958,0.4015
2498.0,9.0119,0.4003
2499.0,9.0051,0.4024
2500.0,9.0086,0.4038
2501.0,9.0145,0.3997
2502.0,8.995,0.394
2503.0,8.9908,0.4061
2504.0,8.9837,0.398
2505.0,8.9876,0.4006
2506.0,9.0442,0.4022
2507.0,9.0187,0.4042
2508.0,8.9797,0.4054
2509.0,8.9802,0.3989
2510.0,9.0072,0.4036
2511.0,9.0082,0.4006
2512.0,9.0082,0.4082
2513.0,8.9962,0.4033
2514.0,8.9981,0.3995
2515.0,9.0049,0.3976
2516.0,9.0013,0.3921
2517.0,8.9667,0.402
2518.0,8.9966,0.403
2519.0,8.9872,0.4022
2520.0,9.0026,0.3929
2521.0,9.0448,0.3962
2522.0,9.0055,0.4014
2523.0,8.9953,0.4054
2524.0,9.0138,0.3998
2525.0,9.0072,0.4033
2526.0,9.0063,0.3969
2527.0,9.0091,0.4006
2528.0,9.0308,0.3992
2529.0,8.983,0.4036
2530.0,9.0071,0.3984
2531.0,8.9861,0.405
2532.0,9.0083,0.3991
2533.0,8.9862,0.3968
2534.0,8.9937,0.3969
2535.0,8.9956,0.3981
2536.0,9.0146,0.4011
2537.0,9.0138,0.3982
2538.0,8.9813,0.3975
2539.0,9.0008,0.4027
2540.0,8.9894,0.3904
2541.0,8.9811,0.3987
2542.0,8.9967,0.396
2543.0,8.9954,0.3974
2544.0,9.0364,0.4007
2545.0,9.0065,0.3994
2546.0,8.9793,0.3991
2547.0,8.9915,0.4036
2548.0,9.0153,0.4
2549.0,9.0313,0.4054
2550.0,8.9762,0.4021
2551.0,8.9718,0.3971
2552.0,9.0281,0.4058
2553.0,9.0058,0.4008
2554.0,8.987,0.4056
2555.0,9.008,0.3992
2556.0,8.9605,0.4008
2557.0,9.0001,0.4013
2558.0,9.0049,0.3995
2559.0,9.0139,0.4038
2560.0,8.9848,0.4058
2561.0,9.0013,0.3931
2562.0,8.9861,0.4024
2563.0,9.0038,0.3973
2564.0,8.9866,0.3922
2565.0,8.9939,0.4016
2566.0,8.9851,0.4016
2567.0,9.0098,0.402
2568.0,9.0129,0.4011
2569.0,8.9965,0.4026
2570.0,9.0006,0.3982
2571.0,8.9783,0.4008
2572.0,8.9955,0.4021
2573.0,8.9992,0.4041
2574.0,9.0393,0.4001
2575.0,8.9833,0.3994
2576.0,9.022,0.3998
2577.0,9.015,0.3964
2578.0,9.0042,0.4023
2579.0,9.0264,0.3956
2580.0,9.0056,0.4012
2581.0,9.0058,0.4003
2582.0,8.9992,0.3953
2583.0,9.0184,0.3955
2584.0,9.0164,0.3974
2585.0,8.9906,0.399
2586.0,8.9802,0.4044
2587.0,8.997,0.3997
2588.0,8.988,0.4016
2589.0,8.999,0.4038
2590.0,9.0186,0.4032
2591.0,8.9931,0.4
2592.0,8.9994,0.3979
2593.0,9.0009,0.4015
2594.0,9.0127,0.3979
2595.0,8.9663,0.4054
2596.0,8.9909,0.4026
2597.0,9.0032,0.4006
2598.0,9.018,0.4015
2599.0,8.9926,0.4005
2600.0,8.9719,0.3989
2601.0,9.0093,0.4015
2602.0,8.9905,0.3993
2603.0,8.9822,0.4058
2604.0,8.9906,0.3979
2605.0,8.9972,0.4015
2606.0,8.9909,0.3977
2607.0,8.9669,0.3976
2608.0,9.0135,0.3946
2609.0,9.0191,0.4012
2610.0,9.0098,0.3984
2611.0,8.9829,0.4033
2612.0,8.997,0.4012
2613.0,8.9999,0.4004
2614.0,9.009,0.3958
2615.0,9.01,0.4018
2616.0,8.989,0.398
2617.0,9.0012,0.3957
2618.0,9.0069,0.4013
2619.0,9.0218,0.3962
2620.0,9.0106,0.3937
2621.0,9.0118,0.4039
2622.0,9.0013,0.3983
2623.0,9.0212,0.3948
2624.0,9.0061,0.3971
2625.0,8.9871,0.3978
2626.0,9.0211,0.4034
2627.0,9.0105,0.395
2628.0,8.9934,0.396
2629.0,8.9928,0.4029
2630.0,9.0044,0.3987
2631.0,9.0069,0.4007
2632.0,9.003,0.3985
2633.0,9.0047,0.4061
2634.0,9.0255,0.3961
2635.0,9.0161,0.4008
2636.0,9.0029,0.4045
2637.0,9.0141,0.3989
2638.0,8.9845,0.3977
2639.0,9.006,0.4023
2640.0,9.0271,0.403
2641.0,8.9967,0.3976
2642.0,8.9873,0.4044
2643.0,8.9902,0.4002
2644.0,8.9837,0.4015
2645.0,8.9882,0.4045
2646.0,8.9944,0.4023
2647.0,8.9789,0.4
2648.0,9.0002,0.398
2649.0,9.0135,0.4081
2650.0,8.9864,0.3976
2651.0,9.0228,0.401
2652.0,9.0077,0.4015
2653.0,9.0155,0.4017
2654.0,8.9901,0.4064
2655.0,9.0128,0.4001
2656.0,8.9836,0.3997
2657.0,9.0134,0.4047
2658.0,9.0026,0.3996
2659.0,9.0083,0.4026
2660.0,8.9824,0.4006
2661.0,8.9866,0.4028
2662.0,9.009,0.4022
2663.0,8.9858,0.3988
2664.0,9.0069,0.3945
2665.0,8.9795,0.395
2666.0,9.0127,0.3945
2667.0,8.9815,0.3997
2668.0,9.0083,0.3929
2669.0,9.0094,0.3995
2670.0,8.9895,0.4004
2671.0,9.0087,0.4026
2672.0,9.0039,0.4015
2673.0,8.9919,0.4027
2674.0,8.9849,0.4012
2675.0,8.9706,0.399
2676.0,9.0052,0.3997
2677.0,8.9765,0.3974
2678.0,9.0014,0.4007
2679.0,8.996,0.3952
2680.0,9.0102,0.4032
2681.0,8.9955,0.3971
2682.0,8.9951,0.4005
2683.0,9.011,0.401
2684.0,9.005,0.4035
2685.0,9.0047,0.395
2686.0,9.007,0.399
2687.0,8.977,0.4016
2688.0,9.0114,0.4053
2689.0,9.0092,0.3999
2690.0,8.9847,0.3982
2691.0,8.9963,0.4061
2692.0,8.9994,0.4024
2693.0,8.998,0.4041
2694.0,9.005,0.3964
2695.0,9.0215,0.4016
2696.0,9.0162,0.3968
2697.0,8.9803,0.3961
2698.0,9.0093,0.4017
2699.0,9.0199,0.402
2700.0,9.0058,0.3986
2701.0,9.0164,0.4043
2702.0,9.0302,0.3989
2703.0,9.0154,0.3992
2704.0,9.0037,0.3999
2705.0,9.0157,0.3993
2706.0,9.0022,0.4038
2707.0,9.0004,0.3969
2708.0,8.9947,0.3977
2709.0,9.0235,0.3964
2710.0,8.9877,0.4057
2711.0,9.023,0.399
2712.0,9.0075,0.3977
2713.0,8.979,0.3991
2714.0,9.0055,0.4025
2715.0,8.9685,0.402
2716.0,9.0094,0.3983
2717.0,9.0133,0.3988
2718.0,8.9911,0.3956
2719.0,9.0019,0.4004
2720.0,9.0293,0.4038
2721.0,8.9924,0.3983
2722.0,8.9841,0.4019
2723.0,9.0222,0.3983
2724.0,9.0294,0.3967
2725.0,9.0001,0.402
2726.0,9.0152,0.407
2727.0,9.0201,0.4016
2728.0,8.9889,0.3988
2729.0,8.9927,0.399
2730.0,9.0185,0.4057
2731.0,9.0253,0.4009
2732.0,9.0084,0.3977
2733.0,8.9868,0.3998
2734.0,9.0298,0.4006
2735.0,8.992,0.4014
2736.0,8.995,0.4045
2737.0,9.0051,0.4038
2738.0,9.0233,0.4006
2739.0,9.0128,0.3999
2740.0,9.0062,0.4012
2741.0,9.0069,0.3982
2742.0,9.0007,0.4029
2743.0,9.0084,0.3994
2744.0,8.9621,0.4015
2745.0,8.9956,0.4051
2746.0,9.0036,0.4017
2747.0,8.9827,0.4007
2748.0,9.0058,0.3984
2749.0,8.9969,0.3998
2750.0,9.0263,0.3966
2751.0,9.0236,0.4016
2752.0,8.993,0.3936
2753.0,8.9977,0.4029
2754.0,8.9989,0.4022
2755.0,8.9932,0.4003
2756.0,9.0029,0.3984
2757.0,8.9886,0.4
2758.0,8.983,0.3947
2759.0,9.0093,0.4025
2760.0,9.0094,0.3995
2761.0,8.9879,0.4045
2762.0,9.0134,0.4012
2763.0,8.9905,0.4007
2764.0,9.0038,0.4012
2765.0,9.0123,0.3971
2766.0,8.9995,0.3986
2767.0,9.0068,0.4004
2768.0,8.9923,0.3991
2769.0,8.9971,0.3983
2770.0,8.9969,0.3992
2771.0,8.9888,0.4001
2772.0,8.9973,0.407
2773.0,8.9768,0.399
2774.0,8.9926,0.398
2775.0,8.9957,0.3995
2776.0,8.9962,0.4045
2777.0,8.9964,0.4047
2778.0,8.9991,0.4058
2779.0,9.0072,0.4002
2780.0,9.0131,0.4019
2781.0,8.9903,0.3968
2782.0,8.982,0.3989
2783.0,8.9844,0.3967
2784.0,8.9927,0.4014
2785.0,8.9947,0.4001
2786.0,8.9885,0.4007
2787.0,8.9806,0.3975
2788.0,8.9932,0.4026
2789.0,9.0027,0.3928
2790.0,9.0089,0.3992
2791.0,8.9916,0.3997
2792.0,8.9938,0.3939
2793.0,8.9861,0.4012
2794.0,8.9995,0.3995
2795.0,8.9873,0.4017
2796.0,9.0086,0.406
2797.0,8.9732,0.401
2798.0,8.9946,0.4029
2799.0,9.0045,0.4041
2800.0,9.0028,0.4015
2801.0,9.0404,0.3974
2802.0,9.0052,0.3951
2803.0,8.9849,0.4011
2804.0,8.9986,0.3988
2805.0,8.9734,0.4039
2806.0,8.9988,0.3986
2807.0,8.9875,0.4
2808.0,9.0137,0.3965
2809.0,8.9918,0.399
2810.0,8.9982,0.3972
2811.0,8.9905,0.3974
2812.0,9.0261,0.3998
2813.0,8.9952,0.3982
2814.0,9.0275,0.4079
2815.0,9.0122,0.4025
2816.0,9.0072,0.4033
2817.0,9.0055,0.3997
2818.0,9.0059,0.4003
2819.0,8.9711,0.3987
2820.0,8.9958,0.4079
2821.0,9.0127,0.3997
2822.0,8.9993,0.3982
2823.0,8.9789,0.3977
2824.0,8.9992,0.401
2825.0,9.0256,0.4043
2826.0,9.0187,0.4033
2827.0,8.9991,0.3977
2828.0,9.0143,0.3977
2829.0,8.9945,0.4037
2830.0,8.9744,0.4063
2831.0,8.9861,0.3996
2832.0,9.0234,0.4036
2833.0,8.9959,0.3956
2834.0,8.9963,0.3975
2835.0,8.9955,0.397
2836.0,9.0286,0.4012
2837.0,9.0244,0.3995
2838.0,9.0333,0.4007
2839.0,8.9976,0.4037
2840.0,9.0044,0.398
2841.0,8.9773,0.4003
2842.0,9.0222,0.396
2843.0,8.9825,0.4035
2844.0,9.0033,0.4033
2845.0,8.9835,0.4011
2846.0,8.9912,0.4004
2847.0,8.9874,0.3985
2848.0,8.9909,0.3958
2849.0,8.9919,0.4009
2850.0,8.9918,0.4023
2851.0,9.0125,0.4061
2852.0,8.9834,0.3988
2853.0,9.0033,0.4008
2854.0,9.0183,0.4033
2855.0,8.9923,0.4034
2856.0,8.9892,0.3981
2857.0,8.9965,0.3992
2858.0,9.0177,0.3984
2859.0,9.0029,0.3973
2860.0,8.992,0.4044
2861.0,9.0073,0.4002
2862.0,8.9835,0.3998
2863.0,9.0102,0.4007
2864.0,9.0061,0.4002
2865.0,8.9954,0.3993
2866.0,8.9874,0.3977
2867.0,8.9867,0.4047
2868.0,9.008,0.3983
2869.0,9.0184,0.3972
2870.0,8.9904,0.3998
2871.0,9.0069,0.4065
2872.0,8.9687,0.3975
2873.0,8.9912,0.4021
2874.0,8.9995,0.3993
2875.0,8.9864,0.4007
2876.0,8.986,0.4028
2877.0,8.99,0.3948
2878.0,9.0044,0.3973
2879.0,8.9972,0.4027
2880.0,8.9664,0.4003
2881.0,8.9682,0.4006
2882.0,8.9909,0.4021
2883.0,9.0069,0.3973
2884.0,8.9588,0.4032
2885.0,8.9925,0.4025
2886.0,8.9921,0.4007
2887.0,9.0208,0.4014
2888.0,8.9942,0.4035
2889.0,9.0057,0.3982
2890.0,9.0021,0.402
2891.0,8.968,0.4052
2892.0,9.0115,0.4019
2893.0,9.0032,0.3993
2894.0,9.0076,0.407
2895.0,9.0589,0.4007
2896.0,8.9687,0.4042
2897.0,9.0259,0.3987
2898.0,8.9957,0.4032
2899.0,9.0043,0.3984
2900.0,8.9993,0.401
2901.0,8.9936,0.3982
2902.0,8.9915,0.4057
2903.0,9.0049,0.3993
2904.0,8.9772,0.3967
2905.0,9.0113,0.4003
2906.0,8.9938,0.4016
2907.0,8.983,0.3999
2908.0,8.9932,0.3976
2909.0,9.0189,0.4031
2910.0,8.992,0.4038
2911.0,9.0054,0.3951
2912.0,8.989,0.3974
2913.0,9.0114,0.3995
2914.0,9.0103,0.3984
2915.0,9.0277,0.4016
2916.0,8.9974,0.4055
2917.0,9.01,0.3989
2918.0,9.0015,0.4047
2919.0,9.0194,0.3956
2920.0,8.9892,0.4014
2921.0,9.0112,0.3982
2922.0,8.9971,0.4014
2923.0,8.999,0.3947
2924.0,9.0014,0.3961
2925.0,9.0038,0.4014
2926.0,8.9983,0.3981
2927.0,9.0032,0.399
2928.0,9.0237,0.4055
2929.0,9.0148,0.4004
2930.0,9.013,0.4027
2931.0,8.9932,0.3977
2932.0,8.9867,0.396
2933.0,9.0143,0.3998
2934.0,9.0131,0.3955
2935.0,9.0221,0.3979
2936.0,8.9909,0.4007
2937.0,8.9966,0.3997
2938.0,8.9754,0.401
2939.0,8.9941,0.4018
2940.0,9.0149,0.3964
2941.0,8.993,0.3972
2942.0,9.0096,0.3935
2943.0,8.9971,0.3989
2944.0,9.0049,0.4022
2945.0,8.9828,0.4045
2946.0,9.0013,0.4006
2947.0,8.9551,0.4041
2948.0,8.9972,0.4012
2949.0,8.9755,0.4003
2950.0,9.0181,0.3982
2951.0,9.0117,0.3928
2952.0,9.007,0.4037
2953.0,9.0228,0.3998
2954.0,8.9858,0.4042
2955.0,9.0262,0.3972
2956.0,9.014,0.4073
2957.0,8.9965,0.3993
2958.0,9.017,0.3979
2959.0,8.9834,0.3994
2960.0,8.9876,0.4005
2961.0,8.9909,0.3998
2962.0,8.9921,0.3985
2963.0,8.9842,0.3946
2964.0,9.0183,0.3976
2965.0,8.9961,0.4032
2966.0,9.0053,0.3974
2967.0,8.9914,0.3948
2968.0,8.9727,0.3968
2969.0,9.0041,0.3997
2970.0,8.9713,0.3977
2971.0,8.999,0.3992
2972.0,8.9795,0.3976
2973.0,9.0298,0.403
2974.0,9.0137,0.4015
2975.0,9.0016,0.4067
2976.0,9.019,0.3989
2977.0,8.9873,0.3991
2978.0,9.0082,0.4036
2979.0,9.003,0.4012
2980.0,9.004,0.3972
2981.0,9.0191,0.4017
2982.0,9.011,0.4012
2983.0,9.0043,0.3946
2984.0,8.9752,0.398
2985.0,8.9856,0.4006
2986.0,8.9982,0.4043
2987.0,9.0014,0.4021
2988.0,8.983,0.3983
2989.0,9.0362,0.3979
2990.0,9.0227,0.4024
2991.0,9.009,0.3927
2992.0,9.0011,0.3976
2993.0,8.9968,0.4042
2994.0,8.9857,0.4009
2995.0,9.0012,0.3977
2996.0,9.0039,0.3964
2997.0,8.9814,0.4025
2998.0,9.005,0.4002
2999.0,8.9977,0.3993
3000.0,8.9714,0.5883
3001.0,8.9871,0.5877
3002.0,8.9938,0.5875
3003.0,9.0283,0.5832
3004.0,9.0083,0.5841
3005.0,8.98,0.5895
3006.0,9.0073,0.5889
3007.0,8.9768,0.5884
3008.0,9.0162,0.3982
3009.0,8.9929,0.4023
3010.0,8.9986,0.3989
3011.0,9.0199,0.4039
3012.0,8.9807,0.3978
3013.0,8.979,0.3984
3014.0,8.9912,0.3995
3015.0,9.0156,0.4025
3016.0,8.9772,0.3999
3017.0,8.9575,0.4001
3018.0,8.9932,0.3988
3019.0,9.0083,0.4008
3020.0,9.018,0.3998
3021.0,8.9931,0.3976
3022.0,8.9938,0.4004
3023.0,9.0173,0.4005
3024.0,8.972,0.407
3025.0,8.9942,0.3982
3026.0,9.0029,0.3975
3027.0,9.0067,0.4008
3028.0,8.9924,0.397
3029.0,9.0005,0.3968
3030.0,8.9627,0.3957
3031.0,8.9901,0.3977
3032.0,9.0068,0.3978
3033.0,8.9853,0.3962
3034.0,9.0009,0.3992
3035.0,9.0067,0.3929
3036.0,8.9949,0.4015
3037.0,9.0026,0.3983
3038.0,8.9856,0.3988
3039.0,8.9969,0.4018
3040.0,9.0092,0.4011
3041.0,9.0024,0.3981
3042.0,8.9912,0.4014
3043.0,9.0034,0.4046
3044.0,9.0107,0.397
3045.0,8.9693,0.4023
3046.0,9.0174,0.3967
3047.0,8.995,0.4035
3048.0,9.0064,0.3979
3049.0,9.018,0.3977
3050.0,8.9794,0.4034
3051.0,8.9894,0.4022
3052.0,8.9957,0.398
3053.0,8.9882,0.4004
3054.0,9.026,0.3979
3055.0,8.9871,0.3952
3056.0,8.9917,0.4006
3057.0,9.0031,0.3989
3058.0,8.982,0.3972
3059.0,8.9941,0.4039
3060.0,9.0048,0.3973
3061.0,8.995,0.4004
3062.0,8.9986,0.4032
3063.0,8.9921,0.3992
3064.0,8.9773,0.3978
3065.0,9.0048,0.4009
3066.0,9.0263,0.4014
3067.0,9.0003,0.4026
3068.0,9.0034,0.4056
3069.0,9.0104,0.3986
3070.0,8.981,0.4006
3071.0,9.0255,0.3962
3072.0,9.003,0.402
3073.0,9.0245,0.4006
3074.0,8.989,0.3995
3075.0,9.0273,0.3981
3076.0,9.0116,0.399
3077.0,9.0083,0.4007
3078.0,9.0035,0.3971
3079.0,8.9963,0.3991
3080.0,9.018,0.4001
3081.0,9.0021,0.3954
3082.0,8.9705,0.3968
3083.0,8.9832,0.398
3084.0,8.9972,0.4047
3085.0,9.0046,0.3975
3086.0,8.9992,0.3998
3087.0,9.0183,0.3969
3088.0,8.9707,0.3977
3089.0,9.0022,0.3957
3090.0,8.9727,0.402
3091.0,9.0114,0.396
3092.0,8.9986,0.4027
3093.0,9.0063,0.4014
3094.0,8.987,0.3998
3095.0,9.0192,0.4028
3096.0,9.0156,0.4093
3097.0,9.0088,0.4014
3098.0,8.9981,0.3966
3099.0,9.0087,0.4045
3100.0,8.9894,0.4006
3101.0,9.0128,0.4063
3102.0,9.0247,0.3985
3103.0,9.0161,0.4038
3104.0,8.9891,0.4
3105.0,9.0054,0.408
3106.0,8.9806,0.3992
3107.0,9.0086,0.409
3108.0,9.0068,0.4013
3109.0,8.972,0.4025
3110.0,8.9826,0.4051
3111.0,8.9958,0.3976
3112.0,8.9955,0.4029
3113.0,8.9819,0.3991
3114.0,9.0058,0.4005
3115.0,9.0038,0.4002
3116.0,8.9971,0.4017
3117.0,8.9887,0.4016
3118.0,9.0157,0.3983
3119.0,9.0248,0.4004
3120.0,8.9927,0.393
3121.0,8.9908,0.403
3122.0,9.0074,0.4051
3123.0,8.9946,0.4006
3124.0,8.9979,0.3952
3125.0,9.0111,0.4022
3126.0,8.9714,0.3977
3127.0,9.0198,0.4005
3128.0,9.0011,0.4021
3129.0,8.9938,0.4016
3130.0,8.9987,0.4032
3131.0,8.9994,0.4004
3132.0,8.974,0.4005
3133.0,9.0224,0.4022
3134.0,9.0006,0.3998
3135.0,9.0066,0.3979
3136.0,9.0143,0.4014
3137.0,8.9847,0.3966
3138.0,9.0071,0.3998
3139.0,8.996,0.3959
3140.0,9.0127,0.3983
3141.0,8.9681,0.3985
3142.0,8.9985,0.397
3143.0,8.991,0.4033
3144.0,9.0065,0.4031
3145.0,9.0071,0.4039
3146.0,8.9894,0.3994
3147.0,8.9893,0.3987
3148.0,8.9983,0.4024
3149.0,8.9866,0.4004
3150.0,9.0126,0.4004
3151.0,8.9945,0.3924
3152.0,8.9564,0.4023
3153.0,8.9944,0.4019
3154.0,8.9844,0.4
3155.0,8.9755,0.4024
3156.0,8.9814,0.4018
3157.0,9.0016,0.3979
3158.0,9.0199,0.3993
3159.0,9.0047,0.397
3160.0,8.9909,0.4044
3161.0,9.0068,0.4029
3162.0,8.9931,0.3976
3163.0,8.9896,0.4019
3164.0,8.9827,0.4008
3165.0,8.9737,0.3979
3166.0,8.9942,0.4004
3167.0,9.0024,0.4026
3168.0,8.9986,0.4028
3169.0,8.9938,0.407
3170.0,8.9858,0.4003
3171.0,9.0091,0.3993
3172.0,8.9802,0.4017
3173.0,9.0116,0.3995
3174.0,8.985,0.3982
3175.0,8.9887,0.3972
3176.0,8.978,0.3897
3177.0,8.9925,0.4022
3178.0,9.0146,0.3951
3179.0,9.0077,0.3974
3180.0,9.0147,0.4009
3181.0,9.0078,0.399
3182.0,8.9834,0.4064
3183.0,8.995,0.3955
3184.0,8.9883,0.4067
3185.0,9.02,0.4041
3186.0,8.982,0.4027
3187.0,9.0134,0.4043
3188.0,9.0134,0.4012
3189.0,9.0274,0.3949
3190.0,8.9939,0.4015
3191.0,9.0107,0.3956
3192.0,9.0342,0.3984
3193.0,8.9907,0.3998
3194.0,8.977,0.3973
3195.0,8.9718,0.4028
3196.0,9.0107,0.3994
3197.0,8.9718,0.4012
3198.0,8.9944,0.4
3199.0,9.0066,0.4004
3200.0,9.0028,0.3973
3201.0,9.0064,0.3965
3202.0,9.0033,0.3995
3203.0,9.0192,0.3971
3204.0,8.9857,0.4042
3205.0,8.9898,0.3959
3206.0,8.9884,0.407
3207.0,9.0125,0.4009
3208.0,9.0135,0.4002
3209.0,9.0068,0.3984
3210.0,9.0178,0.402
3211.0,8.9823,0.3994
3212.0,9.025,0.4009
3213.0,9.0228,0.4025
3214.0,9.011,0.402
3215.0,9.0267,0.4037
3216.0,8.9752,0.4016
3217.0,8.9921,0.3971
3218.0,8.989,0.3938
3219.0,9.0108,0.4006
3220.0,8.9842,0.4007
3221.0,9.0114,0.4058
3222.0,9.0206,0.3997
3223.0,9.0104,0.4011
3224.0,9.0043,0.4023
3225.0,8.9852,0.4015
3226.0,8.9873,0.4025
3227.0,9.0187,0.3975
3228.0,9.0117,0.3971
3229.0,8.9994,0.3992
3230.0,8.9937,0.3935
3231.0,8.9696,0.3999
3232.0,8.9839,0.398
3233.0,9.0287,0.401
3234.0,8.9808,0.3992
3235.0,9.0028,0.397
3236.0,9.0151,0.4039
3237.0,8.9812,0.4002
3238.0,9.0028,0.4026
3239.0,9.0141,0.4006
3240.0,9.0002,0.4014
3241.0,9.043,0.3959
3242.0,8.975,0.4038
3243.0,9.0159,0.4026
3244.0,8.9974,0.3999
3245.0,9.0116,0.4009
3246.0,9.0066,0.403
3247.0,8.989,0.3989
3248.0,9.0034,0.3953
3249.0,8.9721,0.3989
3250.0,9.009,0.4005
3251.0,9.0045,0.3999
3252.0,9.0096,0.404
3253.0,9.0159,0.3971
3254.0,9.0055,0.3975
3255.0,9.0022,0.3968
3256.0,8.9868,0.4013
3257.0,8.9893,0.3954
3258.0,9.0178,0.4022
3259.0,9.0215,0.3972
3260.0,8.9964,0.3977
3261.0,9.0007,0.4053
3262.0,8.9864,0.4037
3263.0,9.0176,0.4004
3264.0,9.01,0.3961
3265.0,9.0291,0.406
3266.0,8.9868,0.3994
3267.0,8.9943,0.4007
3268.0,9.0035,0.4027
3269.0,9.0097,0.3941
3270.0,8.9968,0.3981
3271.0,8.9869,0.3998
3272.0,9.0132,0.4004
3273.0,9.0108,0.3961
3274.0,8.9863,0.401
3275.0,9.0203,0.4001
3276.0,9.0176,0.405
3277.0,9.002,0.403
3278.0,9.0012,0.3992
3279.0,9.0083,0.3994
3280.0,8.9871,0.403
3281.0,9.0005,0.4009
3282.0,8.9677,0.3959
3283.0,9.0131,0.4063
3284.0,8.9766,0.397
3285.0,9.0226,0.4074
3286.0,8.995,0.4013
3287.0,8.9968,0.3981
3288.0,8.9906,0.3929
3289.0,8.9957,0.4023
3290.0,9.0213,0.3953
3291.0,8.9627,0.4011
3292.0,9.0192,0.4058
3293.0,9.0051,0.3966
3294.0,8.9819,0.4022
3295.0,8.9839,0.3976
3296.0,9.0251,0.4034
3297.0,8.9858,0.4002
3298.0,8.9827,0.3999
3299.0,9.0171,0.4036
3300.0,9.0051,0.4019
3301.0,8.9859,0.3976
3302.0,9.0032,0.4054
3303.0,8.9846,0.3954
3304.0,9.0165,0.4008
3305.0,9.0159,0.3975
3306.0,9.008,0.3955
3307.0,9.0054,0.3966
3308.0,9.0264,0.3999
3309.0,9.0,0.401
3310.0,8.9823,0.4032
3311.0,9.0067,0.4044
3312.0,9.0313,0.4008
3313.0,8.9848,0.3987
3314.0,8.9946,0.4031
3315.0,9.0062,0.3982
3316.0,8.9992,0.3952
3317.0,8.9853,0.4028
3318.0,9.0168,0.404
3319.0,9.0348,0.3975
3320.0,9.0029,0.4059
3321.0,8.9864,0.4017
3322.0,8.9768,0.4013
3323.0,9.0039,0.3984
3324.0,9.0166,0.4031
3325.0,9.0071,0.3954
3326.0,9.0,0.399
3327.0,8.9912,0.3978
3328.0,8.9836,0.3961
3329.0,9.0125,0.4026
3330.0,9.0137,0.401
3331.0,8.9768,0.4024
3332.0,9.0238,0.3992
3333.0,9.0086,0.403
3334.0,9.021,0.4002
3335.0,8.9799,0.3986
3336.0,8.9795,0.3981
3337.0,8.9978,0.3941
3338.0,9.0075,0.4035
3339.0,9.0269,0.4032
3340.0,9.0106,0.4088
3341.0,8.9964,0.399
3342.0,8.9846,0.398
3343.0,9.0185,0.3949
3344.0,8.9855,0.4029
3345.0,9.0244,0.4022
3346.0,8.9957,0.4047
3347.0,9.0239,0.3973
3348.0,9.0102,0.4021
3349.0,8.9979,0.3984
3350.0,8.9922,0.404
3351.0,8.9949,0.4016
3352.0,9.0064,0.3953
3353.0,9.0012,0.3996
3354.0,8.9911,0.3942
3355.0,8.9975,0.3965
3356.0,9.0012,0.3967
3357.0,8.9681,0.3981
3358.0,9.0069,0.3992
3359.0,8.9853,0.4005
3360.0,8.9827,0.4003
3361.0,8.9747,0.3999
3362.0,8.9731,0.401
3363.0,8.9797,0.3963
3364.0,8.9894,0.4002
3365.0,9.0293,0.4043
3366.0,8.9921,0.3995
3367.0,9.0027,0.4015
3368.0,9.006,0.4012
3369.0,9.002,0.4026
3370.0,8.9988,0.4009
3371.0,8.9821,0.4025
3372.0,9.0218,0.4015
3373.0,9.0271,0.402
3374.0,8.9748,0.4013
3375.0,8.9846,0.397
3376.0,8.9958,0.3965
3377.0,8.9855,0.3989
3378.0,9.0076,0.4047
3379.0,8.9891,0.3995
3380.0,9.0325,0.4009
3381.0,9.0179,0.3941
3382.0,9.0032,0.4006
3383.0,9.0154,0.4003
3384.0,9.0166,0.392
3385.0,8.9915,0.4009
3386.0,8.9878,0.395
3387.0,9.0012,0.3978
3388.0,9.0129,0.403
3389.0,9.0021,0.4005
3390.0,8.9763,0.3987
3391.0,8.988,0.3984
3392.0,8.9989,0.3987
3393.0,8.9989,0.4005
3394.0,9.0296,0.3964
3395.0,8.9792,0.4034
3396.0,9.0076,0.3966
3397.0,9.0223,0.3948
3398.0,9.0341,0.403
3399.0,8.9939,0.3987
3400.0,9.0074,0.4002
3401.0,9.0085,0.402
3402.0,9.0029,0.3978
3403.0,8.9985,0.4004
3404.0,9.0065,0.4019
3405.0,8.962,0.4049
3406.0,9.0102,0.3985
3407.0,9.0019,0.3986
3408.0,8.9967,0.4017
3409.0,9.0307,0.4006
3410.0,8.9899,0.3996
3411.0,8.994,0.4048
3412.0,9.0299,0.395
3413.0,8.9875,0.3957
3414.0,8.9917,0.395
3415.0,8.9978,0.4036
3416.0,9.0126,0.4015
3417.0,9.0031,0.3959
3418.0,8.9806,0.3996
3419.0,8.992,0.3999
3420.0,8.9909,0.3934
3421.0,8.9988,0.4006
3422.0,9.0064,0.3965
3423.0,9.0063,0.4021
3424.0,8.9734,0.3966
3425.0,9.016,0.4007
3426.0,9.0038,0.4039
3427.0,9.0208,0.4029
3428.0,9.0067,0.4015
3429.0,9.0165,0.3998
3430.0,9.007,0.3955
3431.0,9.0202,0.3987
3432.0,9.0078,0.3993
3433.0,8.9985,0.3991
3434.0,9.0341,0.3954
3435.0,9.0133,0.4013
3436.0,9.0086,0.3965
3437.0,8.9809,0.4046
3438.0,8.9807,0.4004
3439.0,9.0044,0.4029
3440.0,9.0022,0.4029
3441.0,8.9908,0.4062
3442.0,9.0021,0.4005
3443.0,9.0238,0.3988
3444.0,9.0104,0.3989
3445.0,8.9829,0.4045
3446.0,8.9983,0.396
3447.0,8.9879,0.3974
3448.0,8.9942,0.4007
3449.0,8.9938,0.3995
3450.0,8.9928,0.4029
3451.0,8.9812,0.396
3452.0,8.9981,0.3998
3453.0,8.9916,0.3994
3454.0,8.9561,0.3968
3455.0,9.0308,0.4026
3456.0,9.0163,0.3997
3457.0,8.9944,0.3996
3458.0,9.0003,0.3975
3459.0,8.9824,0.3989
3460.0,9.0254,0.3969
3461.0,9.0285,0.4026
3462.0,9.0024,0.4031
3463.0,9.0154,0.405
3464.0,9.0026,0.4013
3465.0,8.9799,0.399
3466.0,8.9938,0.3986
3467.0,9.002,0.4015
3468.0,8.9932,0.4006
3469.0,8.9967,0.3995
3470.0,8.9986,0.3992
3471.0,8.9988,0.4035
3472.0,9.0008,0.3987
3473.0,8.9841,0.404
3474.0,8.9892,0.4005
3475.0,8.9807,0.3989
3476.0,9.0147,0.3976
3477.0,8.9684,0.3995
3478.0,9.0173,0.4015
3479.0,9.0208,0.3989
3480.0,8.9955,0.4026
3481.0,8.961,0.3987
3482.0,8.9946,0.3996
3483.0,8.999,0.3961
3484.0,8.9848,0.4017
3485.0,8.9923,0.3992
3486.0,9.023,0.4047
3487.0,9.01,0.4021
3488.0,8.9861,0.4003
3489.0,8.976,0.4037
3490.0,8.9951,0.4012
3491.0,8.9968,0.403
3492.0,9.0074,0.3974
3493.0,8.992,0.4014
3494.0,9.0077,0.4015
3495.0,9.029,0.3954
3496.0,9.0122,0.4045
3497.0,8.9993,0.3965
3498.0,8.9973,0.3961
3499.0,8.9946,0.3915
3500.0,9.0177,0.4014
3501.0,8.9906,0.3951
3502.0,9.0007,0.3984
3503.0,9.0008,0.4025
3504.0,8.9925,0.4006
3505.0,8.9794,0.3981
3506.0,9.0048,0.3952
3507.0,8.9991,0.3997
3508.0,9.0075,0.4026
3509.0,8.992,0.4021
3510.0,9.0183,0.4054
3511.0,8.9868,0.398
3512.0,9.0257,0.396
3513.0,8.9738,0.4009
3514.0,9.0065,0.4006
3515.0,9.0071,0.4
3516.0,8.9881,0.3978
3517.0,9.0064,0.392
3518.0,9.0192,0.397
3519.0,8.9667,0.4017
3520.0,9.0075,0.4009
3521.0,8.9626,0.4029
3522.0,8.9855,0.401
3523.0,9.0244,0.4022
3524.0,8.9913,0.4023
3525.0,8.9824,0.4001
3526.0,8.997,0.4001
3527.0,9.031,0.3913
3528.0,8.9725,0.398
3529.0,8.9842,0.3982
3530.0,9.0225,0.3997
3531.0,9.0279,0.3972
3532.0,8.9984,0.4028
3533.0,8.9814,0.3974
3534.0,9.0314,0.4033
3535.0,9.0239,0.3971
3536.0,9.0102,0.3982
3537.0,8.9878,0.398
3538.0,8.9993,0.3985
3539.0,8.9976,0.4035
3540.0,9.005,0.399
3541.0,9.0218,0.3991
3542.0,9.0132,0.3978
3543.0,8.9838,0.3992
3544.0,9.0206,0.4006
3545.0,9.0047,0.3994
3546.0,9.0103,0.3995
3547.0,9.022,0.403
3548.0,8.9833,0.4008
3549.0,8.9995,0.3965
3550.0,8.992,0.3997
3551.0,8.9765,0.3984
3552.0,9.0052,0.4016
3553.0,9.0377,0.4003
3554.0,8.9724,0.4034
3555.0,8.9995,0.3978
3556.0,9.0096,0.3994
3557.0,9.0018,0.3968
3558.0,8.9983,0.3999
3559.0,8.9805,0.3954
3560.0,9.0035,0.401
3561.0,8.9886,0.3998
3562.0,8.9672,0.4005
3563.0,9.0179,0.4024
3564.0,9.0144,0.4007
3565.0,9.0008,0.3962
3566.0,9.0034,0.3983
3567.0,9.0161,0.3998
3568.0,9.0034,0.399
3569.0,9.0136,0.3994
3570.0,8.9955,0.4049
3571.0,9.0197,0.4003
3572.0,9.0048,0.4011
3573.0,9.0029,0.394
3574.0,8.9809,0.4022
3575.0,9.0043,0.4086
3576.0,8.9875,0.404
3577.0,8.9904,0.3987
3578.0,8.9878,0.4068
3579.0,8.984,0.4001
3580.0,9.0319,0.4009
3581.0,9.02,0.3992
3582.0,9.0288,0.3991
3583.0,8.9817,0.3933
3584.0,9.0011,0.4024
3585.0,8.9806,0.3991
3586.0,8.9896,0.3994
3587.0,8.9862,0.4008
3588.0,9.0186,0.3988
3589.0,8.9941,0.4008
3590.0,9.016,0.4036
3591.0,9.0091,0.4012
3592.0,9.0346,0.3995
3593.0,8.9778,0.3996
3594.0,9.0189,0.4006
3595.0,9.0172,0.3975
3596.0,8.9854,0.4006
3597.0,9.0151,0.4021
3598.0,9.005,0.4003
3599.0,8.9966,0.3987
3600.0,8.9876,0.3991
3601.0,8.9892,0.402
3602.0,9.0307,0.3967
3603.0,9.0,0.3976
3604.0,9.0117,0.3952
3605.0,8.9881,0.4001
3606.0,8.9883,0.4026
3607.0,9.0162,0.404
3608.0,8.9798,0.4046
3609.0,8.9938,0.3979
3610.0,9.0005,0.4008
3611.0,9.0017,0.3988
3612.0,8.9973,0.4049
3613.0,9.0059,0.4039
3614.0,9.0104,0.4005
3615.0,9.011,0.3981
3616.0,8.9852,0.3897
3617.0,8.9957,0.3957
3618.0,9.0179,0.3944
3619.0,9.0134,0.3957
3620.0,8.9794,0.4056
3621.0,9.0053,0.3961
3622.0,8.9703,0.3968
3623.0,9.0007,0.3972
3624.0,9.0285,0.4078
3625.0,8.9858,0.3998
3626.0,8.9875,0.403
3627.0,9.0115,0.4005
3628.0,8.9769,0.394
3629.0,8.9905,0.4046
3630.0,9.0089,0.4012
3631.0,8.9905,0.3996
3632.0,8.9965,0.4053
3633.0,9.0112,0.399
3634.0,9.0063,0.3996
3635.0,9.004,0.399
3636.0,8.9949,0.4032
3637.0,9.0056,0.4024
3638.0,8.9981,0.4008
3639.0,9.0069,0.3968
3640.0,8.9925,0.3989
3641.0,8.9973,0.3968
3642.0,8.9852,0.4035
3643.0,8.9995,0.3953
3644.0,8.9878,0.4048
3645.0,8.9833,0.4039
3646.0,9.0039,0.3972
3647.0,9.0032,0.3988
3648.0,9.0117,0.3979
3649.0,8.9935,0.4013
3650.0,9.0061,0.4042
3651.0,9.0083,0.4036
3652.0,9.0067,0.3987
3653.0,8.9876,0.4038
3654.0,9.0022,0.4035
3655.0,9.0055,0.3994
3656.0,9.0001,0.4
3657.0,8.9687,0.4046
3658.0,9.0024,0.4032
3659.0,9.0332,0.4037
3660.0,8.9946,0.4078
3661.0,8.9891,0.4016
3662.0,9.0056,0.401
3663.0,9.0047,0.4041
3664.0,9.0179,0.406
3665.0,8.9811,0.3982
3666.0,9.011,0.3994
3667.0,9.0089,0.3969
3668.0,8.9979,0.401
3669.0,9.0051,0.4027
3670.0,9.0154,0.3972
3671.0,9.0131,0.4034
3672.0,8.9829,0.3986
3673.0,9.0123,0.3984
3674.0,8.999,0.4034
3675.0,9.0011,0.3981
3676.0,9.0011,0.3958
3677.0,8.9977,0.4022
3678.0,9.0179,0.3996
3679.0,8.9987,0.4036
3680.0,8.9832,0.4025
3681.0,8.9941,0.3948
3682.0,9.0027,0.4039
3683.0,9.0184,0.4057
3684.0,9.009,0.4031
3685.0,8.9872,0.4032
3686.0,9.0373,0.3993
3687.0,9.004,0.3986
3688.0,9.0191,0.4006
3689.0,8.9977,0.4028
3690.0,9.008,0.4027
3691.0,9.0126,0.3987
3692.0,9.0183,0.3984
3693.0,9.0159,0.3955
3694.0,9.0131,0.4019
3695.0,8.9953,0.3988
3696.0,8.9914,0.3991
3697.0,9.005,0.4052
3698.0,9.014,0.4018
3699.0,8.9967,0.401
3700.0,9.016,0.4025
3701.0,9.0218,0.4043
3702.0,8.9863,0.3951
3703.0,8.9874,0.3983
3704.0,8.9979,0.3993
3705.0,9.0046,0.3971
3706.0,8.9921,0.3992
3707.0,9.0203,0.3953
3708.0,9.0064,0.4028
3709.0,9.0006,0.3984
3710.0,8.9785,0.4006
3711.0,8.9803,0.4002
3712.0,9.0042,0.4017
3713.0,8.968,0.3926
3714.0,9.0152,0.4014
3715.0,8.9976,0.3992
3716.0,9.0486,0.4012
3717.0,9.0346,0.3965
3718.0,8.9973,0.4012
3719.0,8.9984,0.4039
3720.0,9.0149,0.4006
3721.0,9.0255,0.3978
3722.0,8.9754,0.398
3723.0,8.9732,0.4017
3724.0,8.9907,0.4017
3725.0,9.0087,0.4011
3726.0,9.0075,0.3999
3727.0,9.016,0.4006
3728.0,8.982,0.3998
3729.0,8.9653,0.3989
3730.0,9.0129,0.4023
3731.0,8.9876,0.4009
3732.0,8.9697,0.4039
3733.0,9.0022,0.4034
3734.0,9.0119,0.4008
3735.0,8.9982,0.4018
3736.0,8.9931,0.3971
3737.0,8.9976,0.3998
3738.0,8.9944,0.401
3739.0,8.9798,0.3953
3740.0,8.9893,0.4013
3741.0,9.0078,0.3971
3742.0,9.0048,0.3975
3743.0,9.0025,0.3984
3744.0,8.9851,0.3999
3745.0,8.9973,0.396
3746.0,8.9673,0.4026
3747.0,9.0027,0.4005
3748.0,9.0214,0.4058
3749.0,8.9779,0.4009
3750.0,8.9912,0.4017
3751.0,9.0049,0.3974
3752.0,9.0188,0.3965
3753.0,8.9933,0.4019
3754.0,8.9896,0.3967
3755.0,8.9705,0.4019
3756.0,9.0016,0.4051
3757.0,9.0306,0.4028
3758.0,9.0042,0.4017
3759.0,8.9997,0.4008
3760.0,9.0048,0.3988
3761.0,8.9998,0.3997
3762.0,8.9878,0.3983
3763.0,9.0123,0.3961
3764.0,9.0034,0.4001
3765.0,9.0003,0.4033
3766.0,8.9854,0.3961
3767.0,9.0196,0.4042
3768.0,9.01,0.4037
3769.0,8.9917,0.4012
3770.0,9.015,0.4012
3771.0,8.9925,0.3994
3772.0,8.9883,0.4001
3773.0,8.9886,0.3986
3774.0,8.9734,0.4001
3775.0,9.0071,0.4004
3776.0,8.9725,0.4056
3777.0,8.9816,0.4017
3778.0,8.9689,0.3994
3779.0,8.9987,0.3997
3780.0,8.9977,0.3979
3781.0,8.9951,0.3984
3782.0,8.9844,0.4027
3783.0,8.9824,0.3985
3784.0,9.007,0.3981
3785.0,8.9917,0.3982
3786.0,9.0047,0.3978
3787.0,8.9867,0.4034
3788.0,9.0027,0.4004
3789.0,9.0195,0.3992
3790.0,9.0088,0.4001
3791.0,8.9938,0.4007
3792.0,9.0039,0.3978
3793.0,8.9964,0.3958
3794.0,9.0001,0.404
3795.0,8.9951,0.403
3796.0,8.9975,0.4011
3797.0,9.0032,0.4028
3798.0,8.9851,0.4057
3799.0,8.9848,0.3984
3800.0,8.9792,0.3966
3801.0,8.976,0.402
3802.0,8.9817,0.3956
3803.0,9.0024,0.4001
3804.0,8.9866,0.3991
3805.0,9.0077,0.402
3806.0,9.0005,0.3986
3807.0,8.9705,0.4036
3808.0,9.0098,0.3978
3809.0,9.0122,0.4021
3810.0,8.9851,0.398
3811.0,9.0063,0.4016
3812.0,8.9872,0.397
3813.0,9.0015,0.3999
3814.0,8.981,0.404
3815.0,8.9731,0.4003
3816.0,8.9943,0.4035
3817.0,8.9981,0.3999
3818.0,8.994,0.3985
3819.0,8.9822,0.4005
3820.0,8.994,0.4019
3821.0,9.004,0.3943
3822.0,8.9993,0.4016
3823.0,9.0027,0.3972
3824.0,8.9899,0.3964
3825.0,9.0176,0.4016
3826.0,8.9824,0.404
3827.0,9.0073,0.4006
3828.0,9.0177,0.3959
3829.0,9.0072,0.398
3830.0,8.997,0.3987
3831.0,8.9921,0.4006
3832.0,9.0155,0.3998
3833.0,8.9787,0.4015
3834.0,8.9854,0.403
3835.0,8.994,0.401
3836.0,9.0186,0.4027
3837.0,9.0057,0.3992
3838.0,8.9855,0.4099
3839.0,8.9953,0.4017
3840.0,8.9908,0.4021
3841.0,8.9894,0.4053
3842.0,9.0147,0.4003
3843.0,8.9794,0.3981
3844.0,9.0241,0.4039
3845.0,9.0124,0.4041
3846.0,9.0164,0.4005
3847.0,8.9931,0.4053
3848.0,8.9978,0.3998
3849.0,8.9785,0.4028
3850.0,8.9921,0.4045
3851.0,9.0074,0.4003
3852.0,9.0194,0.4014
3853.0,8.9834,0.4031
3854.0,8.9945,0.3989
3855.0,8.9977,0.3976
3856.0,8.9791,0.404
3857.0,9.0089,0.4009
3858.0,8.9891,0.3985
3859.0,8.9971,0.4003
3860.0,8.9932,0.4015
3861.0,8.9882,0.3953
3862.0,8.9999,0.4021
3863.0,8.9968,0.4012
3864.0,8.9944,0.405
3865.0,8.9891,0.3993
3866.0,9.0048,0.4041
3867.0,9.0248,0.3999
3868.0,9.0021,0.4004
3869.0,9.0149,0.4008
3870.0,8.9791,0.4063
3871.0,9.0024,0.3963
3872.0,8.9835,0.4015
3873.0,8.9778,0.4001
3874.0,8.9889,0.3999
3875.0,9.0179,0.4017
3876.0,9.0143,0.4033
3877.0,9.0036,0.4016
3878.0,8.977,0.4037
3879.0,8.9971,0.3992
3880.0,9.0045,0.3999
3881.0,9.0026,0.397
3882.0,8.9723,0.4059
3883.0,8.9866,0.3994
3884.0,8.999,0.3991
3885.0,9.008,0.4018
3886.0,8.9671,0.4033
3887.0,8.9976,0.3979
3888.0,9.0021,0.4036
3889.0,9.0127,0.3991
3890.0,9.0104,0.4043
3891.0,9.0087,0.3984
3892.0,8.988,0.4022
3893.0,8.9714,0.4001
3894.0,8.9941,0.3966
3895.0,9.015,0.3958
3896.0,9.0209,0.3978
3897.0,9.0107,0.403
3898.0,9.0064,0.3942
3899.0,9.0057,0.401
3900.0,8.9917,0.4007
3901.0,8.998,0.395
3902.0,9.025,0.3976
3903.0,8.9859,0.3976
3904.0,9.0242,0.4002
3905.0,8.9952,0.4044
3906.0,9.0199,0.4032
3907.0,8.9789,0.3989
3908.0,9.0088,0.3975
3909.0,8.9889,0.3953
3910.0,8.9788,0.3989
3911.0,9.0033,0.3973
3912.0,9.0151,0.3999
3913.0,8.9873,0.4
3914.0,8.9775,0.3986
3915.0,8.9986,0.3986
3916.0,8.9987,0.3979
3917.0,9.0082,0.3985
3918.0,9.0142,0.4043
3919.0,8.9991,0.4016
3920.0,9.0278,0.4016
3921.0,9.0034,0.403
3922.0,8.9948,0.4028
3923.0,8.9758,0.4043
3924.0,8.9961,0.4018
3925.0,8.995,0.4006
3926.0,9.0144,0.3982
3927.0,9.0069,0.3975
3928.0,8.9823,0.4026
3929.0,9.0026,0.3997
3930.0,9.0101,0.3959
3931.0,9.0229,0.3937
3932.0,9.0133,0.4064
3933.0,9.0114,0.397
3934.0,9.0009,0.3979
3935.0,9.0058,0.4037
3936.0,9.0187,0.3964
3937.0,8.98,0.4016
3938.0,8.9948,0.4055
3939.0,8.9884,0.4063
3940.0,9.0057,0.3987
3941.0,9.0185,0.4
3942.0,8.991,0.3988
3943.0,8.9641,0.3999
3944.0,8.9938,0.4039
3945.0,9.0137,0.3958
3946.0,9.0081,0.4019
3947.0,9.0064,0.3994
3948.0,8.9958,0.4041
3949.0,8.9808,0.4039
3950.0,9.0077,0.3988
3951.0,8.9875,0.3997
3952.0,9.0328,0.4027
3953.0,9.0086,0.4029
3954.0,8.9913,0.3926
3955.0,8.9908,0.4027
3956.0,8.9986,0.4049
3957.0,8.9964,0.4008
3958.0,9.0168,0.4029
3959.0,9.0028,0.4038
3960.0,8.989,0.4007
3961.0,9.0284,0.4024
3962.0,9.0007,0.4
3963.0,9.0115,0.3998
3964.0,8.9909,0.398
3965.0,9.0054,0.4005
3966.0,9.0047,0.4057
3967.0,8.9717,0.3973
3968.0,9.0302,0.4019
3969.0,9.0194,0.401
3970.0,8.994,0.4044
3971.0,8.9835,0.405
3972.0,9.0052,0.3972
3973.0,9.0013,0.3983
3974.0,9.0053,0.3984
3975.0,9.0029,0.3985
3976.0,9.0076,0.3988
3977.0,9.0217,0.401
3978.0,9.0085,0.3974
3979.0,8.9843,0.3979
3980.0,9.0204,0.3976
3981.0,9.0246,0.4015
3982.0,9.0473,0.3998
3983.0,8.9831,0.3993
3984.0,9.0036,0.3975
3985.0,8.9688,0.3952
3986.0,9.0083,0.4049
3987.0,8.9918,0.3991
3988.0,9.0289,0.4081
3989.0,8.9884,0.4023
3990.0,8.9747,0.4055
3991.0,8.9929,0.403
3992.0,8.9704,0.4005
3993.0,9.0113,0.3982
3994.0,8.969,0.3971
3995.0,9.0004,0.4034
3996.0,8.9688,0.4008
3997.0,8.9952,0.4018
3998.0,9.0247,0.4024
3999.0,9.0054,0.4011
4000.0,8.987,0.3986
4001.0,8.9995,0.403
4002.0,9.0003,0.3994
4003.0,9.0071,0.4003
4004.0,8.9795,0.4022
4005.0,9.0089,0.3998
4006.0,8.9594,0.3945
4007.0,8.9906,0.4031
4008.0,8.9927,0.4038
4009.0,9.0095,0.3945
4010.0,9.0003,0.3969
4011.0,8.9789,0.4061
4012.0,8.9852,0.4007
4013.0,9.003,0.4
4014.0,8.9988,0.3987
4015.0,8.9913,0.3969
4016.0,8.9928,0.3994
4017.0,9.0104,0.4029
4018.0,8.9922,0.4
4019.0,8.9987,0.4018
4020.0,9.0325,0.4053
4021.0,8.9786,0.3983
4022.0,8.9722,0.4009
4023.0,9.0118,0.403
4024.0,8.9898,0.3972
4025.0,8.9952,0.4005
4026.0,8.9883,0.4056
4027.0,8.9961,0.399
4028.0,9.024,0.4032
4029.0,9.012,0.3996
4030.0,9.0129,0.4054
4031.0,8.9788,0.3951
4032.0,8.9827,0.4002
4033.0,8.9574,0.3956
4034.0,8.9879,0.3979
4035.0,9.0144,0.3979
4036.0,9.0078,0.3992
4037.0,8.9967,0.3964
4038.0,8.9997,0.3998
4039.0,8.9897,0.4014
4040.0,9.0031,0.3954
4041.0,9.0115,0.3981
4042.0,8.9758,0.4076
4043.0,9.0045,0.401
4044.0,9.014,0.3945
4045.0,8.9938,0.3958
4046.0,9.0105,0.4007
4047.0,9.0422,0.4003
4048.0,8.9984,0.3982
4049.0,9.0059,0.4066
4050.0,8.9889,0.4079
4051.0,9.0027,0.3992
4052.0,9.0069,0.4026
4053.0,9.0029,0.4028
4054.0,8.9847,0.4032
4055.0,9.0031,0.3981
4056.0,9.0219,0.4058
4057.0,9.0067,0.3998
4058.0,9.0144,0.4013
4059.0,8.9964,0.4
4060.0,9.0112,0.3996
4061.0,9.0042,0.4008
4062.0,8.9857,0.3964
4063.0,9.0048,0.3941
4064.0,8.9851,0.3994
4065.0,8.9905,0.3974
4066.0,9.0028,0.4016
4067.0,9.0045,0.4013
4068.0,8.9822,0.4
4069.0,9.0158,0.4044
4070.0,9.0086,0.4
4071.0,8.9894,0.3956
4072.0,8.9769,0.3993
4073.0,8.9978,0.4035
4074.0,8.9933,0.3943
4075.0,9.0017,0.3997
4076.0,8.9946,0.4017
4077.0,8.9699,0.408
4078.0,8.9942,0.4036
4079.0,8.9954,0.4004
4080.0,9.0095,0.4016
4081.0,8.9895,0.3943
4082.0,9.0252,0.3969
4083.0,8.9713,0.402
4084.0,9.0197,0.4005
4085.0,8.9966,0.4009
4086.0,9.0129,0.4001
4087.0,9.0012,0.4
4088.0,9.0171,0.4003
4089.0,8.9942,0.3968
4090.0,8.9835,0.3993
4091.0,9.0213,0.3963
4092.0,8.9983,0.3981
4093.0,9.0033,0.4036
4094.0,9.0185,0.3995
4095.0,8.9845,0.4018
4096.0,9.0089,0.4003
4097.0,8.9912,0.3988
4098.0,8.998,0.397
4099.0,9.0011,0.3988
4100.0,8.9775,0.4005
4101.0,8.9883,0.4017
4102.0,9.0203,0.4004
4103.0,9.0133,0.4019
4104.0,8.9991,0.3954
4105.0,9.0036,0.4026
4106.0,8.9956,0.3966
4107.0,9.0203,0.403
4108.0,8.997,0.4015
4109.0,9.0035,0.3944
4110.0,9.0172,0.4022
4111.0,8.9883,0.403
4112.0,9.0234,0.4038
4113.0,8.977,0.3977
4114.0,9.0244,0.4005
4115.0,8.9944,0.4021
4116.0,8.9964,0.4022
4117.0,8.9716,0.4012
4118.0,8.9932,0.3987
4119.0,8.9844,0.403
4120.0,8.9909,0.403
4121.0,8.9979,0.3995
4122.0,9.0144,0.3976
4123.0,9.0031,0.3978
4124.0,9.0046,0.4041
4125.0,8.9836,0.4029
4126.0,8.9868,0.3999
4127.0,9.027,0.3994
4128.0,8.989,0.3947
4129.0,9.0248,0.3997
4130.0,8.9964,0.3964
4131.0,9.0,0.4005
4132.0,9.0161,0.4036
4133.0,9.0191,0.3971
4134.0,8.9983,0.4007
4135.0,8.9942,0.403
4136.0,8.9992,0.4007
4137.0,9.0051,0.3984
4138.0,9.0134,0.4
4139.0,9.0001,0.4029
4140.0,9.0093,0.4008
4141.0,9.0246,0.4
4142.0,9.0057,0.4035
4143.0,9.0047,0.4015
4144.0,8.9772,0.3964
4145.0,8.9605,0.4019
4146.0,9.0058,0.4028
4147.0,8.9986,0.3963
4148.0,8.9923,0.3932
4149.0,9.0037,0.3969
4150.0,8.9991,0.3997
4151.0,9.0169,0.403
4152.0,9.0013,0.3973
4153.0,8.9888,0.4017
4154.0,9.0149,0.3913
4155.0,8.9967,0.4005
4156.0,9.0079,0.3988
4157.0,8.9928,0.4063
4158.0,8.9903,0.3943
4159.0,9.0013,0.4
4160.0,9.0002,0.3943
4161.0,9.0072,0.3984
4162.0,8.996,0.3949
4163.0,8.9725,0.4069
4164.0,8.9935,0.3989
4165.0,9.0119,0.3994
4166.0,8.9955,0.3999
4167.0,8.9963,0.3966
4168.0,9.0148,0.4032
4169.0,8.9893,0.4019
4170.0,8.9769,0.4028
4171.0,8.9976,0.3963
4172.0,8.9927,0.4034
4173.0,8.9855,0.4031
4174.0,8.9974,0.3993
4175.0,9.0074,0.4027
4176.0,8.9999,0.4008
4177.0,9.0046,0.3952
4178.0,9.0272,0.3995
4179.0,8.9949,0.3986
4180.0,9.0042,0.4003
4181.0,8.9924,0.4031
4182.0,8.9873,0.3951
4183.0,8.9912,0.3987
4184.0,8.9928,0.3975
4185.0,9.0054,0.3977
4186.0,9.0352,0.3975
4187.0,8.9893,0.4002
4188.0,8.9938,0.4016
4189.0,8.9991,0.401
4190.0,9.0059,0.4006
4191.0,9.004,0.4019
4192.0,9.0193,0.4071
4193.0,8.9636,0.4004
4194.0,8.9642,0.4031
4195.0,8.9926,0.4029
4196.0,9.0165,0.4053
4197.0,8.9765,0.4017
4198.0,8.9549,0.3975
4199.0,9.0086,0.4009
4200.0,9.0037,0.4008
4201.0,8.9836,0.4024
4202.0,8.9852,0.3974
4203.0,8.9855,0.4038
4204.0,9.0017,0.4
4205.0,8.9906,0.4025
4206.0,9.0074,0.4009
4207.0,8.9572,0.4004
4208.0,8.9871,0.4007
4209.0,8.9831,0.402
4210.0,8.9962,0.4059
4211.0,8.9919,0.3939
4212.0,9.012,0.4016
4213.0,8.9721,0.4001
4214.0,9.0007,0.3995
4215.0,9.0084,0.3929
4216.0,9.0278,0.4017
4217.0,8.9928,0.3996
4218.0,9.0049,0.3975
4219.0,8.9729,0.4001
4220.0,8.9641,0.3991
4221.0,9.0127,0.3948
4222.0,8.9999,0.4003
4223.0,9.0177,0.4017
4224.0,8.9794,0.3984
4225.0,9.0078,0.4008
4226.0,9.028,0.4003
4227.0,9.0063,0.4031
4228.0,9.0041,0.3997
4229.0,9.0001,0.4024
4230.0,8.9764,0.3991
4231.0,9.0203,0.4059
4232.0,8.9908,0.3987
4233.0,9.0076,0.3979
4234.0,8.9766,0.3997
4235.0,8.9823,0.3978
4236.0,9.0215,0.3963
4237.0,8.9948,0.4022
4238.0,9.0218,0.3908
4239.0,8.9988,0.3978
4240.0,8.9724,0.396
4241.0,9.0134,0.4004
4242.0,8.9912,0.3934
4243.0,9.0105,0.4016
4244.0,9.0004,0.402
4245.0,8.9769,0.3951
4246.0,9.0025,0.4006
4247.0,9.0329,0.4015
4248.0,9.0074,0.4028
4249.0,8.9991,0.3956
4250.0,9.0161,0.3952
4251.0,9.0032,0.4045
4252.0,9.0031,0.3975
4253.0,8.9836,0.3984
4254.0,9.0035,0.4019
4255.0,9.0155,0.3965
4256.0,8.9875,0.3992
4257.0,9.0214,0.4027
4258.0,8.9986,0.3957
4259.0,8.9867,0.3985
4260.0,9.015,0.3966
4261.0,8.9957,0.3977
4262.0,9.0114,0.4036
4263.0,8.9956,0.4042
4264.0,8.9991,0.4008
4265.0,9.0074,0.4016
4266.0,9.0044,0.4015
4267.0,8.9701,0.398
4268.0,8.9832,0.4007
4269.0,9.0139,0.3961
4270.0,8.998,0.3971
4271.0,8.9921,0.3997
4272.0,8.9796,0.3968
4273.0,8.9838,0.3962
4274.0,8.9697,0.3979
4275.0,8.9985,0.4034
4276.0,8.991,0.4047
4277.0,8.9855,0.3999
4278.0,8.999,0.4017
4279.0,9.0055,0.3983
4280.0,9.0314,0.3938
4281.0,8.9773,0.3973
4282.0,9.0174,0.3991
4283.0,9.0146,0.4004
4284.0,8.9883,0.3997
4285.0,9.003,0.3992
4286.0,8.9931,0.3983
4287.0,9.0028,0.401
4288.0,9.0226,0.3959
4289.0,9.0091,0.4024
4290.0,9.0076,0.3982
4291.0,8.9935,0.4062
4292.0,8.9777,0.3991
4293.0,8.9969,0.3986
4294.0,9.0181,0.3983
4295.0,8.9771,0.3986
4296.0,8.9842,0.4018
4297.0,9.0019,0.3999
4298.0,8.9852,0.403
4299.0,8.9881,0.4014
4300.0,8.9936,0.4001
4301.0,8.9795,0.4011
4302.0,8.9854,0.4036
4303.0,9.0106,0.402
4304.0,8.9804,0.4008
4305.0,8.976,0.4013
4306.0,8.9905,0.3965
4307.0,9.011,0.4077
4308.0,8.997,0.4016
4309.0,8.993,0.4019
4310.0,9.0007,0.3999
4311.0,8.9738,0.3931
4312.0,9.0074,0.3992
4313.0,9.0058,0.4002
4314.0,8.9939,0.3975
4315.0,9.0151,0.3975
4316.0,8.9831,0.399
4317.0,9.0169,0.4023
4318.0,9.0023,0.4038
4319.0,8.995,0.4005
4320.0,8.9997,0.3983
4321.0,8.9984,0.3989
4322.0,9.0183,0.4003
4323.0,8.9838,0.4007
4324.0,8.9886,0.4013
4325.0,9.0155,0.3987
4326.0,8.9911,0.4016
4327.0,9.0135,0.4014
4328.0,9.0255,0.3988
4329.0,8.994,0.3948
4330.0,9.0102,0.3973
4331.0,8.9827,0.4047
4332.0,9.0113,0.3949
4333.0,9.003,0.404
4334.0,9.0071,0.3948
4335.0,8.9903,0.3977
4336.0,8.9751,0.3989
4337.0,9.0075,0.4053
4338.0,8.969,0.4001
4339.0,8.9952,0.3994
4340.0,9.0141,0.3972
4341.0,9.0029,0.4016
4342.0,9.0292,0.3985
4343.0,9.0154,0.3993
4344.0,8.9902,0.3989
4345.0,9.0004,0.4022
4346.0,8.9993,0.4023
4347.0,8.9763,0.3973
4348.0,8.9859,0.3981
4349.0,8.9916,0.3978
4350.0,8.9695,0.4006
4351.0,9.0007,0.4027
4352.0,8.9963,0.4006
4353.0,8.9749,0.3934
4354.0,9.0061,0.4023
4355.0,9.0107,0.396
4356.0,9.0034,0.3979
4357.0,8.9951,0.4006
4358.0,9.0089,0.3997
4359.0,9.0102,0.4026
4360.0,9.0046,0.3982
4361.0,8.9876,0.3971
4362.0,9.0041,0.3991
4363.0,9.0179,0.4029
4364.0,8.9911,0.4019
4365.0,9.0315,0.4003
4366.0,8.9921,0.404
4367.0,9.0005,0.4034
4368.0,8.9899,0.4024
4369.0,9.0033,0.3965
4370.0,8.9739,0.4023
4371.0,8.9918,0.3994
4372.0,8.9836,0.3988
4373.0,9.002,0.398
4374.0,9.0149,0.3995
4375.0,9.0097,0.3981
4376.0,8.9644,0.4005
4377.0,9.0306,0.3995
4378.0,9.0044,0.4007
4379.0,8.9884,0.4017
4380.0,9.0024,0.3991
4381.0,9.0026,0.3978
4382.0,8.99,0.394
4383.0,9.003,0.4023
4384.0,8.9909,0.4002
4385.0,8.9939,0.3995
4386.0,8.9897,0.4035
4387.0,8.9785,0.3961
4388.0,9.0022,0.4002
4389.0,9.0088,0.3971
4390.0,9.0077,0.402
4391.0,9.0123,0.3933
4392.0,9.0049,0.4024
4393.0,8.992,0.4023
4394.0,9.0126,0.3972
4395.0,8.9796,0.4002
4396.0,8.9865,0.3973
4397.0,8.9855,0.4013
4398.0,9.0162,0.4025
4399.0,9.0141,0.397
4400.0,9.0073,0.3961
4401.0,9.0161,0.4033
4402.0,8.9868,0.4058
4403.0,9.0052,0.4015
4404.0,8.9981,0.4017
4405.0,9.0127,0.399
4406.0,8.9983,0.4005
4407.0,8.9942,0.4011
4408.0,9.0081,0.3995
4409.0,9.0131,0.404
4410.0,8.99,0.4005
4411.0,8.9991,0.4009
4412.0,8.9841,0.3995
4413.0,8.9625,0.3998
4414.0,9.003,0.4037
4415.0,9.0091,0.4004
4416.0,9.0039,0.4005
4417.0,8.9708,0.4005
4418.0,8.9947,0.3989
4419.0,8.9667,0.3958
4420.0,9.0205,0.4047
4421.0,8.9837,0.4032
4422.0,9.0188,0.4037
4423.0,9.0142,0.3968
4424.0,8.9865,0.4043
4425.0,8.983,0.4059
4426.0,9.0053,0.4031
4427.0,8.9873,0.4049
4428.0,9.0015,0.4024
4429.0,8.9928,0.3975
4430.0,8.9733,0.4015
4431.0,8.9665,0.3969
4432.0,9.0034,0.3982
4433.0,8.9916,0.4009
4434.0,8.9917,0.4005
4435.0,9.0104,0.4014
4436.0,9.0176,0.3946
4437.0,8.9959,0.3995
4438.0,8.9949,0.4016
4439.0,9.0075,0.4022
4440.0,8.9796,0.4024
4441.0,9.0033,0.4008
4442.0,9.0083,0.3989
4443.0,9.0102,0.4015
4444.0,8.9709,0.3991
4445.0,8.9886,0.4027
4446.0,8.9868,0.4013
4447.0,9.0015,0.3998
4448.0,9.0072,0.3977
4449.0,9.0225,0.4034
4450.0,8.9926,0.4017
4451.0,8.9925,0.4063
4452.0,9.0172,0.4016
4453.0,9.0044,0.4018
4454.0,9.019,0.3956
4455.0,9.0043,0.4009
4456.0,8.9826,0.3991
4457.0,8.98,0.4025
4458.0,8.9767,0.401
4459.0,9.0099,0.403
4460.0,9.0178,0.4064
4461.0,9.0277,0.3976
4462.0,9.0126,0.4028
4463.0,9.0174,0.4021
4464.0,8.9913,0.4059
4465.0,8.9827,0.4021
4466.0,9.0128,0.4018
4467.0,9.0063,0.4026
4468.0,9.0016,0.4028
4469.0,9.0058,0.4044
4470.0,9.0048,0.3975
4471.0,9.0193,0.3988
4472.0,9.0194,0.4052
4473.0,9.0082,0.3941
4474.0,9.0127,0.3997
4475.0,9.0077,0.4004
4476.0,8.9931,0.3995
4477.0,9.0113,0.4047
4478.0,8.9791,0.4014
4479.0,9.0158,0.3988
4480.0,8.9821,0.3981
4481.0,9.0043,0.4008
4482.0,8.9873,0.4035
4483.0,9.0083,0.4004
4484.0,8.9995,0.3996
4485.0,8.9761,0.3979
4486.0,9.0063,0.4011
4487.0,8.9913,0.401
4488.0,9.0132,0.3978
4489.0,9.0,0.4031
4490.0,9.0059,0.4051
4491.0,8.9856,0.4001
4492.0,8.9912,0.4009
4493.0,8.9931,0.3967
4494.0,9.0129,0.4022
4495.0,9.0252,0.4014
4496.0,8.9879,0.399
4497.0,9.0162,0.3978
4498.0,8.9675,0.4055
4499.0,8.9821,0.4011
4500.0,8.9856,0.3972
4501.0,8.9797,0.4026
4502.0,8.9762,0.4007
4503.0,9.0062,0.4002
4504.0,8.9968,0.4029
4505.0,9.0057,0.3922
4506.0,9.0104,0.3946
4507.0,9.004,0.4041
4508.0,9.0099,0.3996
4509.0,8.999,0.3987
4510.0,8.9822,0.396
4511.0,9.0159,0.4006
4512.0,8.9912,0.401
4513.0,8.986,0.4043
4514.0,8.9973,0.4011
4515.0,8.9863,0.3991
4516.0,8.9937,0.4012
4517.0,9.0052,0.4033
4518.0,9.0052,0.4027
4519.0,8.9865,0.4019
4520.0,8.9927,0.4008
4521.0,9.0161,0.3983
4522.0,9.0074,0.3969
4523.0,9.0311,0.3964
4524.0,9.0177,0.4012
4525.0,9.0172,0.4015
4526.0,8.9792,0.4033
4527.0,9.0115,0.4017
4528.0,8.9992,0.4032
4529.0,8.9917,0.3996
4530.0,9.0025,0.4023
4531.0,9.0142,0.397
4532.0,9.0075,0.3998
4533.0,8.9868,0.3945
4534.0,9.0111,0.4001
4535.0,8.9904,0.4037
4536.0,9.0033,0.4002
4537.0,8.9954,0.4022
4538.0,8.9967,0.4008
4539.0,9.0115,0.3983
4540.0,8.9844,0.3994
4541.0,9.0292,0.4035
4542.0,8.9727,0.4022
4543.0,8.991,0.3981
4544.0,9.0056,0.3958
4545.0,9.0088,0.4006
4546.0,8.9985,0.3983
4547.0,8.9991,0.3995
4548.0,9.0062,0.3956
4549.0,8.9965,0.4031
4550.0,9.0209,0.3997
4551.0,9.0126,0.4002
4552.0,9.0131,0.3975
4553.0,8.9855,0.3992
4554.0,8.9988,0.4004
4555.0,8.9955,0.3982
4556.0,8.9849,0.3994
4557.0,9.0054,0.4042
4558.0,8.9919,0.3947
4559.0,9.0098,0.4006
4560.0,8.9839,0.3976
4561.0,9.0258,0.404
4562.0,8.9866,0.3995
4563.0,9.0033,0.3969
4564.0,9.0119,0.3994
4565.0,8.9914,0.401
4566.0,9.0128,0.4083
4567.0,8.9816,0.3937
4568.0,9.0218,0.3964
4569.0,9.0002,0.4039
4570.0,8.9911,0.3955
4571.0,8.9955,0.4
4572.0,9.0121,0.3985
4573.0,8.9912,0.3981
4574.0,8.9888,0.3995
4575.0,8.9967,0.399
4576.0,8.9823,0.4032
4577.0,9.0273,0.404
4578.0,8.9915,0.4013
4579.0,9.0125,0.3993
4580.0,9.0031,0.4008
4581.0,8.9852,0.4024
4582.0,8.9999,0.403
4583.0,9.0118,0.4011
4584.0,8.9972,0.4046
4585.0,9.0179,0.3982
4586.0,9.0153,0.4034
4587.0,9.0138,0.4021
4588.0,8.9931,0.3982
4589.0,8.9838,0.4007
4590.0,8.9908,0.4009
4591.0,9.0029,0.3996
4592.0,9.0082,0.3995
4593.0,8.9674,0.3954
4594.0,8.9999,0.3979
4595.0,9.0024,0.3993
4596.0,8.9958,0.3983
4597.0,9.0194,0.3974
4598.0,9.0063,0.4032
4599.0,9.0197,0.3997
4600.0,8.9968,0.4065
4601.0,9.0141,0.4007
4602.0,9.0245,0.4031
4603.0,9.0197,0.3994
4604.0,8.9836,0.398
4605.0,8.9962,0.4008
4606.0,8.9948,0.4039
4607.0,9.0073,0.3997
4608.0,9.0103,0.4013
4609.0,8.9874,0.4008
4610.0,9.001,0.3997
4611.0,8.9697,0.3999
4612.0,9.0216,0.397
4613.0,8.9923,0.4
4614.0,9.0008,0.402
4615.0,8.9954,0.4009
4616.0,9.0172,0.4006
4617.0,8.9574,0.4022
4618.0,8.9998,0.4006
4619.0,8.9984,0.4
4620.0,8.9932,0.4022
4621.0,9.0259,0.4004
4622.0,8.9867,0.3993
4623.0,9.0116,0.4014
4624.0,9.0053,0.3999
4625.0,9.0189,0.3992
4626.0,8.99,0.4005
4627.0,8.989,0.4005
4628.0,9.0164,0.3967
4629.0,9.0064,0.401
4630.0,8.9768,0.4055
4631.0,8.9919,0.3971
4632.0,9.0058,0.3985
4633.0,9.0126,0.4083
4634.0,8.9898,0.3975
4635.0,8.9563,0.4039
4636.0,9.0078,0.3993
4637.0,8.9817,0.4002
4638.0,8.9697,0.3996
4639.0,8.9575,0.4013
4640.0,9.0122,0.3953
4641.0,9.0019,0.4006
4642.0,8.9966,0.3988
4643.0,9.0208,0.3944
4644.0,9.0096,0.4034
4645.0,9.0242,0.3937
4646.0,8.9791,0.4064
4647.0,8.9995,0.4019
4648.0,8.9757,0.3959
4649.0,8.9966,0.404
4650.0,8.9963,0.3977
4651.0,9.0094,0.3979
4652.0,9.0007,0.3946
4653.0,9.0094,0.3974
4654.0,9.0106,0.3978
4655.0,9.0323,0.4025
4656.0,8.9953,0.4035
4657.0,8.9859,0.3963
4658.0,9.0037,0.4008
4659.0,8.988,0.3945
4660.0,9.0222,0.4008
4661.0,8.9958,0.4065
4662.0,8.9915,0.3947
4663.0,8.9929,0.397
4664.0,9.0108,0.4022
4665.0,8.9976,0.4025
4666.0,8.9904,0.3972
4667.0,9.025,0.4044
4668.0,8.9872,0.3976
4669.0,9.0005,0.405
4670.0,9.0098,0.4014
4671.0,8.9755,0.4038
4672.0,9.0072,0.4011
4673.0,8.9842,0.402
4674.0,9.0123,0.4021
4675.0,8.9856,0.4034
4676.0,9.0104,0.3999
4677.0,9.0166,0.3973
4678.0,9.0129,0.3998
4679.0,9.0038,0.398
4680.0,8.9965,0.3982
4681.0,8.9914,0.405
4682.0,9.0221,0.4019
4683.0,8.9895,0.4017
4684.0,8.9844,0.4032
4685.0,9.01,0.4019
4686.0,8.9881,0.4056
4687.0,8.9857,0.3937
4688.0,8.9783,0.397
4689.0,8.9928,0.3979
4690.0,8.9988,0.3959
4691.0,9.0036,0.4003
4692.0,9.0143,0.4005
4693.0,9.0079,0.4059
4694.0,8.9971,0.4027
4695.0,8.997,0.3985
4696.0,9.0077,0.4015
4697.0,9.0191,0.3945
4698.0,9.0019,0.4004
4699.0,8.993,0.4003
4700.0,8.9851,0.3973
4701.0,8.9783,0.3994
4702.0,9.01,0.3979
4703.0,9.0087,0.3972
4704.0,9.0087,0.402
4705.0,8.9981,0.4031
4706.0,9.0211,0.4015
4707.0,8.9927,0.3987
4708.0,9.0143,0.398
4709.0,8.9994,0.3988
4710.0,8.9909,0.3993
4711.0,9.0089,0.3974
4712.0,9.0061,0.4032
4713.0,9.0054,0.3994
4714.0,9.0012,0.4023
4715.0,8.9994,0.3958
4716.0,9.0358,0.3979
4717.0,9.0178,0.4026
4718.0,9.0108,0.4026
4719.0,9.0017,0.3964
4720.0,9.0151,0.4009
4721.0,9.0078,0.401
4722.0,9.0004,0.3979
4723.0,8.9954,0.4011
4724.0,8.9988,0.3953
4725.0,8.9524,0.3972
4726.0,9.0032,0.4018
4727.0,8.9927,0.4001
4728.0,9.0239,0.4002
4729.0,9.0003,0.3995
4730.0,8.9822,0.4016
4731.0,8.9993,0.4018
4732.0,8.9843,0.4024
4733.0,9.0071,0.4004
4734.0,9.0044,0.3988
4735.0,9.0144,0.3983
4736.0,8.9881,0.3968
4737.0,9.0005,0.3988
4738.0,8.9795,0.3982
4739.0,9.0105,0.4048
4740.0,9.0078,0.3969
4741.0,9.0074,0.4031
4742.0,9.0,0.3992
4743.0,9.0062,0.3994
4744.0,9.0241,0.4012
4745.0,8.9957,0.3957
4746.0,9.0021,0.3976
4747.0,8.9837,0.3963
4748.0,8.987,0.3989
4749.0,9.0015,0.3973
4750.0,9.0166,0.404
4751.0,8.9962,0.3982
4752.0,8.9965,0.3929
4753.0,8.9939,0.399
4754.0,8.992,0.4024
4755.0,9.0044,0.4049
4756.0,8.9775,0.3993
4757.0,9.0192,0.3984
4758.0,8.99,0.4
4759.0,9.0108,0.4012
4760.0,8.981,0.3966
4761.0,9.01,0.3993
4762.0,9.0101,0.3999
4763.0,9.0058,0.4001
4764.0,8.9851,0.3996
4765.0,9.0037,0.3972
4766.0,8.9823,0.401
4767.0,8.9962,0.3999
4768.0,9.0154,0.3999
4769.0,9.012,0.3968
4770.0,9.0002,0.4019
4771.0,8.9854,0.3972
4772.0,9.0097,0.4048
4773.0,9.0003,0.3965
4774.0,8.9652,0.4023
4775.0,9.0117,0.3943
4776.0,8.9996,0.3932
4777.0,9.018,0.3983
4778.0,8.9836,0.3932
4779.0,8.9523,0.4022
4780.0,9.0042,0.3999
4781.0,9.0044,0.4042
4782.0,8.9746,0.3995
4783.0,8.9853,0.4007
4784.0,9.0413,0.3992
4785.0,8.9954,0.3974
4786.0,9.011,0.3988
4787.0,8.9902,0.3964
4788.0,8.9686,0.4012
4789.0,8.9974,0.3991
4790.0,8.996,0.3997
4791.0,8.994,0.4085
4792.0,8.9983,0.3988
4793.0,9.004,0.4009
4794.0,8.9977,0.3998
4795.0,8.981,0.4035
4796.0,9.0073,0.4007
4797.0,8.9708,0.3992
4798.0,8.9692,0.4069
4799.0,9.0111,0.3974
4800.0,9.0076,0.3994
4801.0,8.9991,0.4027
4802.0,8.9791,0.3975
4803.0,8.9894,0.4023
4804.0,8.9961,0.3986
4805.0,8.9761,0.403
4806.0,8.9889,0.4029
4807.0,9.0098,0.3997
4808.0,9.0214,0.397
4809.0,8.9937,0.3988
4810.0,9.0113,0.4
4811.0,8.9713,0.4027
4812.0,9.0099,0.401
4813.0,8.9879,0.4016
4814.0,9.0046,0.401
4815.0,8.9963,0.4025
4816.0,9.0198,0.3994
4817.0,8.9869,0.4005
4818.0,9.0094,0.4001
4819.0,8.9958,0.3987
4820.0,8.9976,0.403
4821.0,8.9972,0.403
4822.0,8.9873,0.4036
4823.0,8.9998,0.3977
4824.0,8.9991,0.4011
4825.0,9.0036,0.4033
4826.0,9.0013,0.4045
4827.0,9.012,0.3955
4828.0,9.0139,0.4
4829.0,8.9842,0.3994
4830.0,9.013,0.4048
4831.0,8.9822,0.3934
4832.0,9.0088,0.3969
4833.0,9.0093,0.4043
4834.0,8.9713,0.3986
4835.0,9.0014,0.3961
4836.0,8.993,0.4045
4837.0,8.9886,0.3957
4838.0,9.0203,0.4031
4839.0,8.9902,0.3953
4840.0,8.9879,0.3957
4841.0,9.0011,0.4006
4842.0,9.0103,0.3975
4843.0,8.9979,0.4008
4844.0,9.0175,0.4054
4845.0,9.008,0.3995
4846.0,8.9673,0.4049
4847.0,8.9921,0.401
4848.0,8.9916,0.4029
4849.0,9.0072,0.3929
4850.0,8.9606,0.4019
4851.0,9.0382,0.4014
4852.0,9.008,0.3989
4853.0,9.0022,0.4057
4854.0,9.0177,0.3985
4855.0,9.0352,0.3952
4856.0,9.0131,0.4023
4857.0,9.0142,0.3957
4858.0,9.002,0.4002
4859.0,8.9979,0.404
4860.0,8.9929,0.4015
4861.0,8.9876,0.3993
4862.0,8.9897,0.3989
4863.0,8.9797,0.4038
4864.0,8.9989,0.3963
4865.0,8.9747,0.4023
4866.0,9.0029,0.4066
4867.0,8.9995,0.4016
4868.0,9.0022,0.3993
4869.0,8.9922,0.3995
4870.0,9.0462,0.3986
4871.0,9.0204,0.398
4872.0,8.9813,0.4004
4873.0,9.0035,0.402
4874.0,8.9909,0.4048
4875.0,8.9848,0.3941
4876.0,8.9799,0.3927
4877.0,9.0065,0.4049
4878.0,8.9898,0.4002
4879.0,9.0145,0.4003
4880.0,9.0149,0.4015
4881.0,9.0206,0.3994
4882.0,8.9872,0.4059
4883.0,9.0071,0.4015
4884.0,9.0095,0.3987
4885.0,8.9929,0.3989
4886.0,8.9884,0.3996
4887.0,9.0241,0.3977
4888.0,9.0034,0.4051
4889.0,9.0095,0.4004
4890.0,8.9877,0.3965
4891.0,8.9817,0.4012
4892.0,8.9915,0.4043
4893.0,8.9981,0.4032
4894.0,8.984,0.3977
4895.0,8.9999,0.3967
4896.0,8.9747,0.4043
4897.0,8.9832,0.3951
4898.0,9.0101,0.4011
4899.0,9.0091,0.3983
4900.0,8.9941,0.4039
4901.0,8.9847,0.3968
4902.0,8.9846,0.3976
4903.0,8.9944,0.4019
4904.0,9.0097,0.4024
4905.0,9.0139,0.4041
4906.0,8.9926,0.4014
4907.0,8.9827,0.401
4908.0,9.004,0.4031
4909.0,8.9876,0.3959
4910.0,8.9922,0.3974
4911.0,9.0199,0.3961
4912.0,9.0124,0.3919
4913.0,9.0024,0.4025
4914.0,8.9809,0.4043
4915.0,9.0032,0.4017
4916.0,9.0159,0.4011
4917.0,8.9944,0.4003
4918.0,9.0203,0.4002
4919.0,9.0194,0.4051
4920.0,9.025,0.4046
4921.0,9.0046,0.3982
4922.0,9.0088,0.4033
4923.0,9.0212,0.4037
4924.0,9.0067,0.402
4925.0,8.9925,0.4012
4926.0,8.9933,0.4011
4927.0,9.0036,0.3956
4928.0,8.9806,0.3953
4929.0,8.9979,0.4023
4930.0,9.0164,0.3967
4931.0,8.9671,0.3958
4932.0,9.023,0.3938
4933.0,9.0168,0.3986
4934.0,8.9931,0.4011
4935.0,9.0082,0.4014
4936.0,9.0,0.4026
4937.0,9.0184,0.3988
4938.0,9.0147,0.4003
4939.0,8.979,0.4025
4940.0,9.0088,0.4014
4941.0,8.9969,0.3982
4942.0,9.0012,0.4009
4943.0,8.9891,0.394
4944.0,9.0262,0.4
4945.0,9.0156,0.3981
4946.0,8.9889,0.4046
4947.0,8.98,0.3971
4948.0,8.9942,0.4004
4949.0,9.0065,0.3987
4950.0,9.0036,0.3983
4951.0,9.0188,0.4011
4952.0,9.0118,0.3987
4953.0,9.0145,0.4056
4954.0,9.0049,0.3941
4955.0,8.9792,0.4019
4956.0,8.9971,0.3997
4957.0,9.0159,0.3998
4958.0,8.9992,0.4009
4959.0,9.0075,0.403
4960.0,8.9952,0.4008
4961.0,8.9846,0.403
4962.0,8.9981,0.4001
4963.0,9.0046,0.3969
4964.0,8.9902,0.3997
4965.0,8.9965,0.4035
4966.0,8.9859,0.3988
4967.0,9.0168,0.3968
4968.0,8.9956,0.4019
4969.0,9.0218,0.401
4970.0,9.0229,0.3977
4971.0,8.9988,0.3993
4972.0,8.9849,0.3995
4973.0,8.9687,0.4
4974.0,8.9779,0.4019
4975.0,8.9794,0.3988
4976.0,9.0207,0.4021
4977.0,9.0017,0.3984
4978.0,9.0058,0.405
4979.0,8.9667,0.4051
4980.0,8.982,0.3974
4981.0,9.0133,0.3963
4982.0,9.0043,0.4029
4983.0,8.9978,0.4008
4984.0,9.0085,0.4017
4985.0,9.0245,0.398
4986.0,8.9967,0.3996
4987.0,9.001,0.399
4988.0,9.0029,0.4009
4989.0,9.0359,0.3963
4990.0,8.9685,0.3997
4991.0,9.0102,0.3962
4992.0,8.9983,0.3985
4993.0,9.0085,0.3997
4994.0,8.9901,0.4015
4995.0,8.9993,0.4018
4996.0,9.0107,0.4023
4997.0,9.0467,0.3956
4998.0,9.0121,0.4038
4999.0,8.9873,0.3981
5000.0,,
5001.0,,
5002.0,,
5003.0,,
5004.0,,
5005.0,,
5006.0,,
5007.0,,
5008.0,,
5009.0,,
5010.0,,
5011.0,,
5012.0,,
5013.0,,
5014.0,,
5015.0,8.9923,0.4048
5016.0,8.9684,0.4021
5017.0,9.0306,0.4038
5018.0,9.0023,0.3971
5019.0,9.006,0.3942
5020.0,8.9991,0.4009
5021.0,8.989,0.4056
5022.0,8.9972,0.3985
5023.0,8.976,0.4003
5024.0,9.0342,0.3953
5025.0,8.9815,0.4001
5026.0,8.9845,0.3996
5027.0,8.9934,0.3937
5028.0,9.0193,0.3969
5029.0,9.0002,0.3966
5030.0,8.9815,0.3953
5031.0,9.0188,0.3978
5032.0,9.011,0.4015
5033.0,9.0081,0.3981
5034.0,9.0107,0.4034
5035.0,9.0359,0.3989
5036.0,9.0328,0.401
5037.0,8.9897,0.4015
5038.0,9.0244,0.4046
5039.0,9.0057,0.3979
5040.0,9.0075,0.4013
5041.0,8.9746,0.3972
5042.0,8.9974,0.4052
5043.0,8.9878,0.3969
5044.0,9.0124,0.4012
5045.0,9.0161,0.4047
5046.0,8.9689,0.3964
5047.0,8.9997,0.4018
5048.0,9.0168,0.397
5049.0,8.9972,0.407
5050.0,9.0109,0.3943
5051.0,9.0053,0.3954
5052.0,9.0051,0.3966
5053.0,8.9959,0.3967
5054.0,8.9818,0.4016
5055.0,8.9832,0.4054
5056.0,9.0106,0.4035
5057.0,9.0003,0.4007
5058.0,8.9979,0.4
5059.0,8.9936,0.3982
5060.0,8.9954,0.4012
5061.0,9.0157,0.3994
5062.0,8.995,0.4006
5063.0,8.9799,0.3978
5064.0,9.0112,0.3964
5065.0,8.9969,0.4001
5066.0,9.0005,0.4
5067.0,9.0241,0.3982
5068.0,8.9997,0.3977
5069.0,9.0043,0.4017
5070.0,8.9823,0.4014
5071.0,8.9967,0.4056
5072.0,9.0091,0.4041
5073.0,8.9767,0.3964
5074.0,9.003,0.3994
5075.0,9.0015,0.3959
5076.0,9.0006,0.3945
5077.0,9.0156,0.4066
5078.0,9.005,0.4044
5079.0,9.0222,0.3981
5080.0,8.9851,0.4037
5081.0,9.002,0.4042
5082.0,9.0013,0.3942
5083.0,8.984,0.4026
5084.0,9.0143,0.3985
5085.0,9.0349,0.4011
5086.0,8.9997,0.409
5087.0,9.0076,0.4048
5088.0,9.0013,0.3996
5089.0,8.9893,0.4043
5090.0,8.9727,0.3942
5091.0,8.9894,0.4015
5092.0,8.9791,0.4016
5093.0,9.0256,0.4021
5094.0,8.9983,0.3985
5095.0,8.9948,0.4011
5096.0,9.0133,0.4026
5097.0,8.9832,0.393
5098.0,8.9885,0.3991
5099.0,9.001,0.3973
5100.0,9.0154,0.402
5101.0,9.0075,0.4041
5102.0,9.0037,0.3982
5103.0,9.0012,0.3967
5104.0,9.006,0.4004
5105.0,9.003,0.3965
5106.0,8.9846,0.3993
5107.0,9.0007,0.399
5108.0,8.9839,0.4017
5109.0,9.0012,0.4009
5110.0,8.9928,0.4005
5111.0,9.0381,0.4049
5112.0,8.9994,0.4008
5113.0,8.9789,0.3987
5114.0,8.998,0.3991
5115.0,9.0078,0.3977
5116.0,9.0251,0.3969
5117.0,8.9912,0.3958
5118.0,8.9763,0.4034
5119.0,9.0123,0.3978
5120.0,8.9793,0.4009
5121.0,8.9935,0.3991
5122.0,8.9961,0.3999
5123.0,8.999,0.4035
5124.0,9.0103,0.4005
5125.0,8.9897,0.3972
5126.0,8.9959,0.3983
5127.0,8.9998,0.4026
5128.0,9.0022,0.4014
5129.0,9.0015,0.4028
5130.0,9.0065,0.3993
5131.0,9.0127,0.3958
5132.0,9.0059,0.4015
5133.0,9.0068,0.4008
5134.0,8.9763,0.4008
5135.0,9.0008,0.3959
5136.0,9.0072,0.3981
5137.0,9.0109,0.3972
5138.0,8.9896,0.4012
5139.0,8.9901,0.4013
5140.0,8.9914,0.3999
5141.0,9.008,0.4029
5142.0,9.0155,0.4045
5143.0,8.9939,0.4011
5144.0,9.0136,0.402
5145.0,9.0019,0.3984
5146.0,8.9981,0.3978
5147.0,8.9968,0.403
5148.0,9.0112,0.3974
5149.0,9.0049,0.4021
5150.0,9.0341,0.4052
5151.0,8.9872,0.402
5152.0,9.0078,0.3998
5153.0,8.9921,0.396
5154.0,8.987,0.4005
5155.0,8.9998,0.403
5156.0,9.0021,0.3995
5157.0,9.0438,0.4031
5158.0,8.9972,0.4011
5159.0,8.983,0.4009
5160.0,9.0041,0.399
5161.0,8.9689,0.3956
5162.0,8.9986,0.3987
5163.0,9.0002,0.3987
5164.0,9.0119,0.4017
5165.0,9.0146,0.4
5166.0,8.9924,0.4032
5167.0,8.9977,0.4008
5168.0,8.9885,0.3985
5169.0,8.9831,0.3976
5170.0,9.0046,0.3982
5171.0,8.9809,0.4005
5172.0,8.9938,0.3989
5173.0,8.9851,0.3968
5174.0,9.0082,0.403
5175.0,9.027,0.4005
5176.0,8.9805,0.4008
5177.0,8.9722,0.3975
5178.0,8.9981,0.3969
5179.0,9.0002,0.3995
5180.0,9.0033,0.3939
5181.0,8.9933,0.4023
5182.0,8.997,0.3979
5183.0,9.0055,0.3992
5184.0,9.0156,0.4013
5185.0,8.9707,0.3993
5186.0,8.9945,0.3965
5187.0,9.0032,0.4045
5188.0,8.9862,0.3954
5189.0,9.026,0.3933
5190.0,8.9905,0.4026
5191.0,8.9994,0.3956
5192.0,9.0083,0.4038
5193.0,8.9911,0.4011
5194.0,8.9723,0.4008
5195.0,8.9936,0.3983
5196.0,9.0154,0.3975
5197.0,8.9949,0.3989
5198.0,8.9873,0.3974
5199.0,9.0139,0.4036
5200.0,8.995,0.3978
5201.0,8.9923,0.4015
5202.0,9.0022,0.403
5203.0,9.0116,0.3974
5204.0,9.0357,0.4011
5205.0,9.0124,0.3973
5206.0,9.0174,0.3995
5207.0,8.9924,0.3986
5208.0,8.9846,0.3979
5209.0,9.0009,0.4005
5210.0,9.0016,0.3964
5211.0,8.9838,0.4028
5212.0,8.9974,0.3968
5213.0,9.006,0.3962
5214.0,9.0054,0.3992
5215.0,9.0076,0.3989
5216.0,9.0044,0.4011
5217.0,8.9924,0.4003
5218.0,8.9923,0.3951
5219.0,8.982,0.403
5220.0,9.0268,0.3992
5221.0,9.0002,0.4007
5222.0,8.9966,0.4066
5223.0,8.9861,0.4039
5224.0,9.044,0.4006
5225.0,8.9839,0.3959
5226.0,8.9936,0.3959
5227.0,9.0062,0.4035
5228.0,9.009,0.3988
5229.0,9.0144,0.3995
5230.0,9.0271,0.3966
5231.0,9.0076,0.4013
5232.0,8.9842,0.4034
5233.0,8.9961,0.4046
5234.0,9.0046,0.3987
5235.0,9.031,0.4019
5236.0,8.979,0.3997
5237.0,9.018,0.4026
5238.0,9.0027,0.4
5239.0,9.0126,0.3975
5240.0,8.9985,0.404
5241.0,8.9874,0.4003
5242.0,9.0113,0.3989
5243.0,9.0098,0.4005
5244.0,9.0146,0.3978
5245.0,8.9998,0.4012
5246.0,8.991,0.3994
5247.0,8.9766,0.3976
5248.0,9.0123,0.4071
5249.0,9.0064,0.397
5250.0,8.9855,0.4011
5251.0,8.9919,0.4002
5252.0,8.993,0.3969
5253.0,8.9778,0.399
5254.0,8.9877,0.396
5255.0,8.983,0.4062
5256.0,8.9938,0.3992
5257.0,8.9889,0.3995
5258.0,8.9756,0.4058
5259.0,9.0303,0.3975
5260.0,9.0188,0.4039
5261.0,8.9883,0.4018
5262.0,9.0041,0.3941
5263.0,9.0063,0.3989
5264.0,9.0179,0.4013
5265.0,8.9877,0.4001
5266.0,9.0164,0.4001
5267.0,8.9918,0.3982
5268.0,8.98,0.3979
5269.0,9.0109,0.3991
5270.0,9.0194,0.4059
5271.0,9.0388,0.3973
5272.0,8.982,0.3986
5273.0,9.0105,0.4001
5274.0,8.9939,0.3956
5275.0,9.0118,0.4013
5276.0,8.9779,0.3961
5277.0,8.9811,0.3967
5278.0,8.9884,0.3966
5279.0,9.0012,0.3951
5280.0,8.9904,0.4038
5281.0,9.0099,0.4016
5282.0,9.0154,0.4028
5283.0,9.009,0.4025
5284.0,9.0243,0.3995
5285.0,9.0062,0.3999
5286.0,8.9817,0.403
5287.0,9.0205,0.4049
5288.0,8.9909,0.3962
5289.0,9.0137,0.4076
5290.0,9.0236,0.3961
5291.0,9.0069,0.3986
5292.0,8.9776,0.4002
5293.0,8.9862,0.4005
5294.0,9.0198,0.4059
5295.0,8.9975,0.403
5296.0,9.0012,0.4012
5297.0,9.0114,0.4031
5298.0,9.0104,0.401
5299.0,9.0042,0.398
5300.0,8.9969,0.4015
5301.0,8.9953,0.4002
5302.0,9.0129,0.3975
5303.0,9.0083,0.4038
5304.0,8.9961,0.3998
5305.0,9.0162,0.3966
5306.0,8.9981,0.3971
5307.0,8.9872,0.4016
5308.0,8.9886,0.4031
5309.0,8.9853,0.4014
5310.0,8.9959,0.4015
5311.0,9.0185,0.3976
5312.0,8.9879,0.4003
5313.0,9.0028,0.399
5314.0,8.9901,0.3994
5315.0,8.9961,0.3997
5316.0,8.9773,0.398
5317.0,8.9967,0.4023
5318.0,8.9971,0.397
5319.0,9.0081,0.3961
5320.0,9.0033,0.3976
5321.0,8.982,0.4027
5322.0,9.0163,0.401
5323.0,9.0032,0.3947
5324.0,9.003,0.4018
5325.0,8.9999,0.3999
5326.0,8.9922,0.3987
5327.0,9.0033,0.3993
5328.0,9.0071,0.396
5329.0,8.9738,0.4005
5330.0,8.9919,0.3962
5331.0,8.9962,0.3989
5332.0,9.0038,0.399
5333.0,9.0179,0.4023
5334.0,8.9884,0.4001
5335.0,8.9925,0.4021
5336.0,8.9923,0.3964
5337.0,8.988,0.3997
5338.0,8.9948,0.4016
5339.0,9.0116,0.4037
5340.0,8.9842,0.3966
5341.0,9.0064,0.3975
5342.0,8.9745,0.4015
5343.0,8.9916,0.4048
5344.0,8.9951,0.4009
5345.0,9.0251,0.3967
5346.0,8.9959,0.3967
5347.0,8.967,0.4004
5348.0,8.97,0.4011
5349.0,9.0005,0.3993
5350.0,9.0092,0.3968
5351.0,9.0056,0.4033
5352.0,9.0025,0.399
5353.0,9.0174,0.4016
5354.0,8.9919,0.3947
5355.0,9.0134,0.4036
5356.0,8.9755,0.3979
5357.0,8.9864,0.404
5358.0,8.9729,0.4018
5359.0,8.9959,0.3957
5360.0,8.9993,0.4007
5361.0,9.0017,0.405
5362.0,9.0009,0.3982
5363.0,8.9861,0.405
5364.0,8.9971,0.4012
5365.0,8.9775,0.404
5366.0,9.0204,0.4005
5367.0,8.9954,0.3996
5368.0,8.9927,0.4055
5369.0,9.0238,0.4022
5370.0,8.9814,0.3993
5371.0,8.9831,0.4013
5372.0,8.9836,0.3983
5373.0,8.999,0.4003
5374.0,9.0065,0.4036
5375.0,9.0111,0.3995
5376.0,9.0386,0.3974
5377.0,8.9663,0.3971
5378.0,9.0091,0.4002
5379.0,8.9916,0.3976
5380.0,8.9912,0.3957
5381.0,8.9907,0.3964
5382.0,8.9864,0.4035
5383.0,9.0253,0.3996
5384.0,9.0126,0.4002
5385.0,9.0003,0.3971
5386.0,9.0203,0.3983
5387.0,8.9773,0.3982
5388.0,8.98,0.3992
5389.0,8.9673,0.395
5390.0,8.9895,0.4033
5391.0,9.0024,0.4
5392.0,9.0015,0.4006
5393.0,9.0022,0.4027
5394.0,8.9788,0.4025
5395.0,9.012,0.3983
5396.0,9.0036,0.4018
5397.0,9.011,0.4018
5398.0,8.9716,0.4009
5399.0,9.0047,0.4032
5400.0,8.9822,0.4024
5401.0,8.994,0.4022
5402.0,9.008,0.4041
5403.0,9.0014,0.4001
5404.0,8.9872,0.4002
5405.0,9.0001,0.4025
5406.0,8.977,0.3995
5407.0,9.0173,0.4014
5408.0,8.9969,0.3983
5409.0,9.0168,0.3932
5410.0,8.9921,0.4018
5411.0,8.9921,0.3954
5412.0,8.9885,0.3979
5413.0,9.0131,0.4025
5414.0,8.9894,0.4025
5415.0,9.0097,0.4035
5416.0,8.9943,0.3939
5417.0,8.9704,0.4009
5418.0,8.9914,0.3992
5419.0,8.9823,0.403
5420.0,9.0005,0.4044
5421.0,8.9821,0.3961
5422.0,9.0139,0.4
5423.0,8.9986,0.4025
5424.0,8.9973,0.399
5425.0,9.0098,0.4052
5426.0,9.0145,0.3988
5427.0,8.9997,0.3991
5428.0,8.9884,0.3968
5429.0,8.9734,0.4005
5430.0,8.9897,0.3909
5431.0,8.9907,0.3993
5432.0,9.0016,0.4038
5433.0,8.9948,0.3958
5434.0,9.0103,0.3951
5435.0,8.9908,0.4033
5436.0,8.9991,0.4038
5437.0,9.0178,0.3959
5438.0,9.0051,0.4052
5439.0,8.9991,0.4013
5440.0,8.991,0.4031
5441.0,8.9905,0.3976
5442.0,8.9872,0.4045
5443.0,8.9919,0.3992
5444.0,9.0113,0.3991
5445.0,8.9967,0.4014
5446.0,8.9798,0.3988
5447.0,9.0265,0.3954
5448.0,9.0048,0.4004
5449.0,8.9789,0.399
5450.0,8.9934,0.3977
5451.0,9.0017,0.4037
5452.0,9.0256,0.4072
5453.0,8.9834,0.3972
5454.0,9.0146,0.4006
5455.0,9.021,0.3988
5456.0,8.9906,0.4069
5457.0,8.9958,0.4015
5458.0,8.9845,0.4028
5459.0,8.9969,0.4035
5460.0,8.9995,0.4004
5461.0,9.0099,0.3994
5462.0,9.0164,0.4046
5463.0,8.9888,0.4023
5464.0,8.9705,0.3975
5465.0,8.9997,0.3978
5466.0,9.0044,0.3988
5467.0,9.0037,0.4035
5468.0,8.9951,0.4044
5469.0,9.0019,0.4065
5470.0,9.0227,0.3979
5471.0,9.0057,0.4004
5472.0,8.9944,0.3988
5473.0,8.9925,0.3995
5474.0,8.9975,0.4028
5475.0,9.0246,0.3999
5476.0,8.9973,0.4039
5477.0,8.9997,0.3985
5478.0,8.9928,0.4022
5479.0,9.0165,0.3987
5480.0,9.0294,0.3945
5481.0,9.0068,0.3969
5482.0,9.0012,0.4004
5483.0,9.0006,0.4058
5484.0,8.9642,0.3986
5485.0,9.0112,0.3995
5486.0,9.002,0.4015
5487.0,9.0064,0.3982
5488.0,8.9893,0.3985
5489.0,8.9942,0.4002
5490.0,8.9938,0.3987
5491.0,9.0153,0.3947
5492.0,8.9943,0.398
5493.0,9.0312,0.4018
5494.0,9.0065,0.4019
5495.0,8.9809,0.404
5496.0,8.9981,0.4038
5497.0,8.9902,0.3973
5498.0,8.9671,0.3978
5499.0,9.024,0.3979
5500.0,9.0105,0.3995
5501.0,9.008,0.3981
5502.0,9.0025,0.3995
5503.0,8.9793,0.3974
5504.0,8.9927,0.4024
5505.0,9.0126,0.3972
5506.0,8.9842,0.397
5507.0,8.962,0.4016
5508.0,8.9966,0.4022
5509.0,8.9979,0.3993
5510.0,9.002,0.4026
5511.0,9.0109,0.4024
5512.0,9.0096,0.4057
5513.0,9.0039,0.4022
5514.0,9.0179,0.4051
5515.0,8.9772,0.4002
5516.0,9.0076,0.4042
5517.0,9.0094,0.4043
5518.0,8.9814,0.3996
5519.0,8.9775,0.3979
5520.0,8.9888,0.3985
5521.0,8.9901,0.4012
5522.0,9.0113,0.3966
5523.0,8.9908,0.3986
5524.0,8.9872,0.4036
5525.0,8.9908,0.402
5526.0,9.0168,0.3929
5527.0,9.0002,0.396
5528.0,8.9973,0.4065
5529.0,8.9983,0.4035
5530.0,9.0194,0.3983
5531.0,8.9888,0.3955
5532.0,9.0197,0.3963
5533.0,9.0032,0.4015
5534.0,8.9976,0.4059
5535.0,9.0375,0.4057
5536.0,8.9842,0.3953
5537.0,8.9947,0.3991
5538.0,8.9815,0.3974
5539.0,9.0143,0.4004
5540.0,9.0253,0.396
5541.0,9.025,0.3984
5542.0,9.0184,0.3974
5543.0,8.997,0.4016
5544.0,8.9945,0.3985
5545.0,8.9749,0.3989
5546.0,9.0305,0.4015
5547.0,9.007,0.4049
5548.0,8.9926,0.4063
5549.0,9.0199,0.4014
5550.0,8.9854,0.3997
5551.0,9.0061,0.4039
5552.0,8.9974,0.4035
5553.0,9.0096,0.4026
5554.0,8.999,0.3953
5555.0,8.9782,0.4036
5556.0,9.0011,0.4011
5557.0,9.0157,0.3973
5558.0,8.9996,0.398
5559.0,9.0116,0.4017
5560.0,8.9843,0.3925
5561.0,8.9996,0.3996
5562.0,8.9906,0.398
5563.0,9.0112,0.3977
5564.0,9.0005,0.3986
5565.0,9.0104,0.3956
5566.0,9.0163,0.4032
5567.0,9.0104,0.3936
5568.0,9.0041,0.4005
5569.0,8.985,0.3975
5570.0,9.0,0.406
5571.0,8.992,0.4001
5572.0,8.9948,0.3936
5573.0,8.9944,0.4016
5574.0,8.9853,0.3967
5575.0,8.9706,0.403
5576.0,8.99,0.4019
5577.0,9.0029,0.4044
5578.0,8.9798,0.4006
5579.0,9.0002,0.4025
5580.0,9.0285,0.4001
5581.0,9.0153,0.3982
5582.0,9.0247,0.4032
5583.0,9.0059,0.3963
5584.0,9.0175,0.3999
5585.0,8.9891,0.3983
5586.0,8.9903,0.4025
5587.0,8.9589,0.3972
5588.0,9.0178,0.3988
5589.0,9.0231,0.4001
5590.0,8.9917,0.4045
5591.0,8.9962,0.3984
5592.0,8.9887,0.3988
5593.0,9.0057,0.396
5594.0,9.0169,0.3971
5595.0,8.9739,0.4012
5596.0,9.0061,0.4001
5597.0,8.9958,0.4001
5598.0,9.0017,0.4052
5599.0,9.0069,0.395
5600.0,8.9972,0.407
5601.0,8.9984,0.4035
5602.0,8.9968,0.399
5603.0,9.0146,0.4012
5604.0,9.0063,0.398
5605.0,9.0033,0.401
5606.0,8.9809,0.4064
5607.0,8.9943,0.3981
5608.0,9.0135,0.3993
5609.0,9.0006,0.3977
5610.0,9.0099,0.3982
5611.0,9.0265,0.3988
5612.0,9.0156,0.3967
5613.0,9.0014,0.3992
5614.0,8.9923,0.4002
5615.0,8.9617,0.3988
5616.0,8.9975,0.3931
5617.0,8.9951,0.3995
5618.0,9.0059,0.3999
5619.0,8.9977,0.4057
5620.0,8.9952,0.4001
5621.0,8.9733,0.4028
5622.0,8.9859,0.3987
5623.0,9.0071,0.4039
5624.0,9.0257,0.3972
5625.0,8.9985,0.4015
5626.0,9.0049,0.4025
5627.0,9.0143,0.4021
5628.0,8.9878,0.4065
5629.0,9.0055,0.3982
5630.0,8.9889,0.4042
5631.0,9.013,0.4035
5632.0,9.0023,0.4001
5633.0,9.0045,0.4055
5634.0,8.9883,0.3996
5635.0,9.0106,0.4001
5636.0,9.0313,0.4
5637.0,8.9849,0.3962
5638.0,8.9949,0.4023
5639.0,9.0035,0.4018
5640.0,9.0118,0.3997
5641.0,8.9916,0.4053
5642.0,8.9575,0.3987
5643.0,9.0204,0.3948
5644.0,9.0114,0.4057
5645.0,8.9739,0.403
5646.0,8.9909,0.4019
5647.0,9.0235,0.399
5648.0,9.0217,0.401
5649.0,9.0141,0.3962
5650.0,8.9974,0.3993
5651.0,9.0012,0.3973
5652.0,8.998,0.4008
5653.0,9.0169,0.4028
5654.0,8.9869,0.3969
5655.0,8.9879,0.4022
5656.0,9.0152,0.4006
5657.0,8.9993,0.4021
5658.0,9.0207,0.3993
5659.0,8.9899,0.4021
5660.0,8.9992,0.3979
5661.0,8.9862,0.395
5662.0,9.0001,0.3956
5663.0,8.9778,0.3985
5664.0,8.9927,0.3952
5665.0,8.9785,0.4047
5666.0,9.0104,0.3998
5667.0,9.0107,0.4028
5668.0,8.974,0.4024
5669.0,9.02,0.4
5670.0,9.0375,0.4106
5671.0,9.0007,0.4088
5672.0,8.9904,0.4042
5673.0,9.0424,0.3973
5674.0,8.9802,0.4043
5675.0,9.0003,0.3948
5676.0,9.0027,0.4042
5677.0,9.0202,0.3923
5678.0,9.0054,0.399
5679.0,8.9925,0.4036
5680.0,8.9857,0.4012
5681.0,8.9949,0.3956
5682.0,8.9849,0.4005
5683.0,9.0007,0.4012
5684.0,8.9915,0.4006
5685.0,8.9776,0.3988
5686.0,9.0188,0.4026
5687.0,8.9925,0.4034
5688.0,8.981,0.3995
5689.0,8.9975,0.4046
5690.0,9.001,0.3995
5691.0,8.9738,0.3985
5692.0,9.005,0.4041
5693.0,8.9843,0.404
5694.0,9.0257,0.3981
5695.0,9.0079,0.3977
5696.0,8.994,0.4053
5697.0,8.9888,0.3997
5698.0,8.9984,0.4
5699.0,9.0092,0.3992
5700.0,8.9996,0.404
5701.0,8.9967,0.4064
5702.0,9.0009,0.4002
5703.0,8.9909,0.4073
5704.0,8.9949,0.3983
5705.0,8.9687,0.3992
5706.0,9.0146,0.402
5707.0,9.0045,0.3975
5708.0,8.9884,0.402
5709.0,9.0285,0.3984
5710.0,9.0013,0.3954
5711.0,8.9845,0.3948
5712.0,9.0129,0.399
5713.0,9.006,0.4013
5714.0,9.0059,0.3959
5715.0,8.9936,0.4005
5716.0,9.0068,0.4005
5717.0,8.9961,0.3995
5718.0,9.0083,0.3972
5719.0,8.9714,0.4007
5720.0,8.9935,0.3996
5721.0,9.0258,0.4029
5722.0,8.9885,0.3961
5723.0,8.9909,0.4003
5724.0,8.9933,0.3962
5725.0,8.9818,0.3993
5726.0,8.9669,0.3967
5727.0,8.9965,0.3972
5728.0,9.002,0.4
5729.0,8.9992,0.3983
5730.0,8.9978,0.4044
5731.0,9.0006,0.4035
5732.0,9.0153,0.4024
5733.0,8.9971,0.4024
5734.0,8.9914,0.4004
5735.0,8.9958,0.4039
5736.0,9.0087,0.3991
5737.0,9.0212,0.4064
5738.0,8.9906,0.3972
5739.0,9.0015,0.3966
5740.0,9.0051,0.3958
5741.0,8.9851,0.3963
5742.0,9.0003,0.3951
5743.0,8.978,0.4006
5744.0,8.9735,0.4026
5745.0,9.0055,0.4001
5746.0,8.9942,0.3958
5747.0,9.003,0.3986
5748.0,8.9997,0.4025
5749.0,8.9854,0.399
5750.0,8.9993,0.3976
5751.0,8.9815,0.3955
5752.0,9.0209,0.3987
5753.0,8.9797,0.3979
5754.0,8.9971,0.3997
5755.0,8.9844,0.4014
5756.0,9.0086,0.3992
5757.0,8.995,0.4006
5758.0,8.9922,0.4014
5759.0,9.0128,0.3963
5760.0,9.0004,0.4057
5761.0,9.0077,0.3978
5762.0,8.9853,0.4015
5763.0,8.9789,0.3966
5764.0,9.0016,0.4003
5765.0,8.9952,0.4004
5766.0,9.0094,0.405
5767.0,8.9988,0.3993
5768.0,9.0031,0.4039
5769.0,8.9756,0.4009
5770.0,9.0283,0.4056
5771.0,8.9975,0.3947
5772.0,9.0105,0.4014
5773.0,8.9875,0.392
5774.0,9.0046,0.3998
5775.0,8.9805,0.4031
5776.0,9.0068,0.4043
5777.0,8.9947,0.4022
5778.0,9.0004,0.3991
5779.0,9.0105,0.4016
5780.0,8.9815,0.4075
5781.0,8.9897,0.4002
5782.0,9.0069,0.4029
5783.0,9.0315,0.3987
5784.0,8.9979,0.4032
5785.0,9.0089,0.4027
5786.0,8.9984,0.3982
5787.0,9.0291,0.4023
5788.0,8.9738,0.4025
5789.0,9.0014,0.4022
5790.0,8.9756,0.3999
5791.0,8.9624,0.4037
5792.0,9.0045,0.3972
5793.0,9.0021,0.4
5794.0,8.9957,0.4003
5795.0,8.9984,0.4035
5796.0,9.0465,0.3971
5797.0,8.9961,0.4007
5798.0,9.0077,0.3985
5799.0,8.9903,0.4003
5800.0,9.0044,0.4012
5801.0,8.9964,0.3962
5802.0,8.9938,0.4038
5803.0,9.0273,0.4013
5804.0,9.0177,0.3974
5805.0,9.0021,0.399
5806.0,8.9654,0.4045
5807.0,8.9946,0.4012
5808.0,9.0405,0.3971
5809.0,8.9965,0.3976
5810.0,9.0165,0.4019
5811.0,9.0216,0.4022
5812.0,9.0033,0.4011
5813.0,8.9874,0.3991
5814.0,8.9635,0.4024
5815.0,9.0103,0.3991
5816.0,8.9878,0.3974
5817.0,9.0026,0.4048
5818.0,8.9813,0.4015
5819.0,8.996,0.3976
5820.0,9.0005,0.4004
5821.0,9.004,0.4001
5822.0,8.9833,0.399
5823.0,9.018,0.4007
5824.0,8.991,0.3972
5825.0,8.9749,0.4026
5826.0,8.9984,0.4
5827.0,9.0005,0.3952
5828.0,9.0024,0.3993
5829.0,9.0204,0.3982
5830.0,8.9965,0.391
5831.0,8.9982,0.3995
5832.0,8.9835,0.4031
5833.0,9.0123,0.3997
5834.0,9.0028,0.4021
5835.0,8.9937,0.4
5836.0,8.9714,0.3986
5837.0,9.0217,0.3978
5838.0,8.9816,0.3962
5839.0,8.9911,0.4028
5840.0,9.0054,0.4022
5841.0,8.9821,0.3992
5842.0,8.9776,0.3939
5843.0,8.9681,0.4014
5844.0,9.0108,0.3973
5845.0,8.9918,0.4004
5846.0,9.0439,0.3954
5847.0,8.9851,0.4003
5848.0,8.9862,0.3996
5849.0,8.9915,0.3928
5850.0,9.0036,0.4049
5851.0,8.9929,0.399
5852.0,9.0092,0.3992
5853.0,8.9853,0.4016
5854.0,8.9793,0.3998
5855.0,8.973,0.4011
5856.0,8.9666,0.3966
5857.0,8.9922,0.3996
5858.0,8.9955,0.3943
5859.0,8.9905,0.3993
5860.0,9.0187,0.4043
5861.0,9.0184,0.3955
5862.0,8.995,0.3989
5863.0,8.9731,0.3936
5864.0,8.9915,0.4
5865.0,8.991,0.4014
5866.0,8.9901,0.4012
5867.0,8.9895,0.3982
5868.0,8.9902,0.3936
5869.0,8.9942,0.3963
5870.0,8.9905,0.4038
5871.0,9.0031,0.4026
5872.0,9.0054,0.3997
5873.0,8.9863,0.4005
5874.0,9.0191,0.3969
5875.0,8.9853,0.4039
5876.0,8.9757,0.3978
5877.0,9.0057,0.4013
5878.0,8.9877,0.396
5879.0,9.0048,0.3995
5880.0,8.9639,0.4037
5881.0,9.0209,0.3972
5882.0,9.0101,0.4022
5883.0,8.9775,0.3968
5884.0,8.9778,0.3973
5885.0,9.0251,0.4
5886.0,8.9889,0.4029
5887.0,8.9875,0.3991
5888.0,8.966,0.4019
5889.0,8.9947,0.4034
5890.0,8.9966,0.3977
5891.0,9.0107,0.3954
5892.0,8.979,0.3989
5893.0,8.9772,0.4038
5894.0,9.0068,0.3976
5895.0,9.0151,0.403
5896.0,8.9764,0.3992
5897.0,9.0162,0.4053
5898.0,9.0006,0.4067
5899.0,9.0164,0.4031
5900.0,8.9989,0.3951
5901.0,8.9622,0.3928
5902.0,8.9977,0.4002
5903.0,9.0159,0.4027
5904.0,8.9866,0.4015
5905.0,8.9942,0.3978
5906.0,8.9974,0.3955
5907.0,8.9565,0.4028
5908.0,9.0251,0.4056
5909.0,8.9865,0.398
5910.0,9.0076,0.4025
5911.0,8.9987,0.4078
5912.0,9.0189,0.3994
5913.0,9.0061,0.3995
5914.0,8.9965,0.4017
5915.0,8.9866,0.3991
5916.0,9.012,0.404
5917.0,8.9719,0.3988
5918.0,9.0097,0.3999
5919.0,8.9835,0.3957
5920.0,9.0188,0.3993
5921.0,9.0024,0.397
5922.0,9.0097,0.401
5923.0,9.0012,0.395
5924.0,8.9737,0.4029
5925.0,8.9871,0.3974
5926.0,9.0101,0.4054
5927.0,9.0025,0.4041
5928.0,9.0177,0.4016
5929.0,9.006,0.3954
5930.0,8.9855,0.3981
5931.0,8.9881,0.3973
5932.0,9.0015,0.3977
5933.0,8.9653,0.4047
5934.0,9.0251,0.3995
5935.0,9.0066,0.398
5936.0,9.0184,0.3978
5937.0,8.9763,0.3984
5938.0,9.0187,0.4016
5939.0,9.0335,0.3951
5940.0,8.9802,0.4003
5941.0,9.0116,0.4013
5942.0,9.0,0.3948
5943.0,8.9768,0.3957
5944.0,9.0074,0.3999
5945.0,9.0125,0.4043
5946.0,8.991,0.4036
5947.0,9.0175,0.3982
5948.0,8.975,0.4042
5949.0,8.9776,0.399
5950.0,9.002,0.399
5951.0,9.0004,0.4003
5952.0,8.9893,0.4025
5953.0,9.0121,0.3982
5954.0,9.008,0.3988
5955.0,9.0129,0.3963
5956.0,8.9982,0.4011
5957.0,9.009,0.4028
5958.0,8.9933,0.403
5959.0,9.0308,0.3959
5960.0,8.9878,0.3989
5961.0,9.0316,0.4037
5962.0,9.0005,0.4007
5963.0,8.9794,0.4001
5964.0,9.0205,0.4
5965.0,9.0019,0.4016
5966.0,9.0128,0.4009
5967.0,9.0184,0.3983
5968.0,9.0051,0.4026
5969.0,8.9911,0.3964
5970.0,9.0146,0.404
5971.0,9.0,0.3973
5972.0,9.0103,0.4016
5973.0,8.9677,0.3995
5974.0,9.0067,0.3986
5975.0,8.9904,0.4041
5976.0,9.0248,0.4022
5977.0,9.0093,0.3998
5978.0,9.0036,0.4052
5979.0,9.0073,0.4029
5980.0,8.985,0.3976
5981.0,9.0243,0.3932
5982.0,9.0299,0.4003
5983.0,9.0059,0.4042
5984.0,9.0239,0.4018
5985.0,8.9915,0.4047
5986.0,8.988,0.3982
5987.0,9.0006,0.3996
5988.0,9.0065,0.3997
5989.0,8.9941,0.4007
5990.0,9.0081,0.4023
5991.0,9.0046,0.4049
5992.0,8.985,0.4055
5993.0,9.0078,0.405
5994.0,9.013,0.402
5995.0,9.0026,0.399
5996.0,9.0173,0.4007
5997.0,8.9817,0.402
5998.0,9.007,0.4004
5999.0,8.9824,0.3973
6000.0,0.297,0.5908
6001.0,0.2252,0.5916
6002.0,0.2717,0.5911
6003.0,0.2933,0.5882
6004.0,0.1679,0.5997
6005.0,0.2083,0.5977
6006.0,0.2785,0.5922
6007.0,0.1938,0.593
6008.0,0.0632,0.5943
6009.0,0.2242,0.5921
6010.0,0.2839,0.5942
6011.0,0.2453,0.5963
6012.0,0.2478,0.5996
6013.0,0.0698,0.597
6014.0,0.2343,0.5826
6015.0,0.0581,0.5909
6016.0,0.2827,0.5926
6017.0,0.2786,0.5853
6018.0,0.2951,0.5895
6019.0,0.1258,0.5987
6020.0,9.0037,0.4052
6021.0,9.006,0.3979
6022.0,9.0374,0.4016
6023.0,8.9959,0.3997
6024.0,8.9952,0.4001
6025.0,9.0017,0.4011
6026.0,9.0161,0.3937
6027.0,8.9774,0.404
6028.0,8.9705,0.3997
6029.0,8.9912,0.3985
6030.0,8.9755,0.4014
6031.0,8.9936,0.3978
6032.0,9.0075,0.4006
6033.0,8.9866,0.3995
6034.0,8.9786,0.4021
6035.0,9.001,0.3994
6036.0,9.0129,0.3969
6037.0,8.9746,0.4011
6038.0,9.0123,0.3992
6039.0,9.0123,0.3945
6040.0,9.0143,0.4006
6041.0,9.0183,0.3984
6042.0,9.033,0.401
6043.0,8.9947,0.3974
6044.0,9.0016,0.3964
6045.0,8.9938,0.4035
6046.0,9.0,0.4025
6047.0,9.023,0.4
6048.0,8.9798,0.4013
6049.0,8.9871,0.4024
6050.0,9.0207,0.4
6051.0,9.0153,0.3964
6052.0,8.9946,0.4009
6053.0,9.0128,0.403
6054.0,9.0051,0.4018
6055.0,9.0225,0.4002
6056.0,9.0011,0.4017
6057.0,9.0154,0.3993
6058.0,9.0396,0.4031
6059.0,9.009,0.404
6060.0,9.0007,0.3961
6061.0,9.0108,0.4033
6062.0,8.9945,0.4067
6063.0,9.0358,0.4016
6064.0,9.0027,0.403
6065.0,8.9959,0.3981
6066.0,8.9875,0.3985
6067.0,9.0165,0.3994
6068.0,9.013,0.3988
6069.0,8.9925,0.3961
6070.0,9.0086,0.3995
6071.0,8.9774,0.4025
6072.0,9.0028,0.3961
6073.0,9.0068,0.4005
6074.0,9.0256,0.4004
6075.0,8.9884,0.3991
6076.0,8.9808,0.4015
6077.0,8.9866,0.4012
6078.0,8.98,0.3989
6079.0,9.02,0.4032
6080.0,9.0232,0.4017
6081.0,9.0048,0.4047
6082.0,9.0183,0.3998
6083.0,9.002,0.399
6084.0,8.9986,0.3994
6085.0,8.995,0.4035
6086.0,8.9953,0.3996
6087.0,8.9768,0.3997
6088.0,9.004,0.4059
6089.0,8.9994,0.396
6090.0,9.0112,0.4011
6091.0,9.0014,0.3998
6092.0,8.9976,0.3992
6093.0,8.9869,0.3971
6094.0,9.0011,0.398
6095.0,9.0111,0.3988
6096.0,8.9828,0.4015
6097.0,9.0013,0.4026
6098.0,9.0035,0.3947
6099.0,8.9892,0.3964
6100.0,8.9912,0.4016
6101.0,9.0035,0.4019
6102.0,8.983,0.3956
6103.0,9.0052,0.4026
6104.0,8.9866,0.4
6105.0,9.0159,0.4022
6106.0,9.0351,0.3974
6107.0,8.9871,0.3958
6108.0,9.008,0.3991
6109.0,8.9891,0.3992
6110.0,9.0156,0.399
6111.0,8.981,0.3988
6112.0,9.0072,0.4051
6113.0,8.9869,0.3949
6114.0,8.9969,0.3975
6115.0,8.9845,0.3987
6116.0,9.0123,0.4001
6117.0,8.9874,0.4021
6118.0,9.0083,0.4026
6119.0,8.9948,0.4032
6120.0,8.9983,0.4014
6121.0,9.0022,0.3948
6122.0,8.9886,0.395
6123.0,9.0032,0.4034
6124.0,9.023,0.4032
6125.0,8.9883,0.4019
6126.0,9.0176,0.3975
6127.0,9.0225,0.399
6128.0,8.9878,0.3988
6129.0,8.9782,0.3969
6130.0,9.0045,0.4008
6131.0,8.9918,0.4065
6132.0,9.028,0.3985
6133.0,9.0005,0.4039
6134.0,8.988,0.3973
6135.0,8.9828,0.3954
6136.0,9.0163,0.403
6137.0,8.9914,0.3993
6138.0,9.0007,0.4038
6139.0,9.0143,0.4044
6140.0,8.9927,0.3992
6141.0,8.9993,0.404
6142.0,8.9998,0.3974
6143.0,9.0102,0.3973
6144.0,9.0089,0.4032
6145.0,8.9967,0.3954
6146.0,9.001,0.4
6147.0,8.9944,0.4037
6148.0,8.9778,0.404
6149.0,9.0039,0.3987
6150.0,9.0284,0.403
6151.0,8.9867,0.3966
6152.0,8.9884,0.398
6153.0,8.9869,0.4007
6154.0,9.0109,0.4011
6155.0,9.0067,0.3969
6156.0,8.9976,0.4056
6157.0,8.9862,0.3944
6158.0,9.0014,0.4002
6159.0,8.9765,0.4006
6160.0,9.0022,0.3948
6161.0,9.0131,0.404
6162.0,8.9812,0.3978
6163.0,8.977,0.4003
6164.0,9.0237,0.401
6165.0,8.9908,0.3956
6166.0,9.017,0.3968
6167.0,8.9977,0.4047
6168.0,8.9976,0.3998
6169.0,9.0066,0.3919
6170.0,8.9867,0.3991
6171.0,9.002,0.3999
6172.0,8.9943,0.4007
6173.0,8.9802,0.394
6174.0,9.0051,0.3999
6175.0,8.9961,0.3975
6176.0,8.9976,0.4007
6177.0,8.9818,0.4015
6178.0,9.0239,0.4012
6179.0,9.0132,0.4042
6180.0,9.0145,0.4066
6181.0,8.9954,0.3966
6182.0,8.9741,0.3989
6183.0,9.0293,0.4022
6184.0,8.9991,0.3996
6185.0,8.9888,0.3918
6186.0,9.0063,0.3994
6187.0,9.0175,0.4037
6188.0,8.9997,0.3958
6189.0,9.0192,0.4007
6190.0,9.0162,0.3943
6191.0,8.9839,0.4026
6192.0,8.9899,0.4007
6193.0,9.0144,0.3983
6194.0,8.9593,0.3987
6195.0,8.9978,0.3955
6196.0,8.9785,0.403
6197.0,8.9929,0.3976
6198.0,8.9955,0.4015
6199.0,8.9946,0.3971
6200.0,8.9917,0.4066
6201.0,8.9835,0.4047
6202.0,9.0344,0.4062
6203.0,9.028,0.4066
6204.0,8.9826,0.3981
6205.0,9.0237,0.3973
6206.0,8.994,0.4061
6207.0,9.0019,0.3996
6208.0,8.9991,0.4025
6209.0,8.9901,0.3981
6210.0,9.0148,0.3982
6211.0,9.0019,0.4025
6212.0,8.9929,0.3941
6213.0,8.9804,0.4023
6214.0,8.9866,0.4016
6215.0,8.9754,0.3984
6216.0,9.0002,0.4001
6217.0,8.9821,0.4005
6218.0,8.996,0.4007
6219.0,9.0206,0.4021
6220.0,9.018,0.3976
6221.0,8.9995,0.4081
6222.0,8.9987,0.3994
6223.0,9.0282,0.3996
6224.0,9.0078,0.4058
6225.0,8.9951,0.3945
6226.0,8.9786,0.4058
6227.0,9.0059,0.4003
6228.0,9.0124,0.3984
6229.0,8.9905,0.3966
6230.0,9.0044,0.3962
6231.0,8.9945,0.399
6232.0,8.9972,0.4008
6233.0,8.9627,0.4019
6234.0,8.9967,0.4008
6235.0,9.0145,0.3985
6236.0,8.9905,0.404
6237.0,9.0008,0.408
6238.0,8.9887,0.4045
6239.0,9.0054,0.3989
6240.0,8.9968,0.4015
6241.0,8.9859,0.4017
6242.0,9.02,0.4048
6243.0,9.0139,0.399
6244.0,8.9909,0.3971
6245.0,9.0075,0.4034
6246.0,9.0081,0.4012
6247.0,9.0096,0.3967
6248.0,8.9746,0.4021
6249.0,9.0151,0.4055
6250.0,8.9915,0.3979
6251.0,8.9946,0.3973
6252.0,9.0396,0.4001
6253.0,9.0045,0.402
6254.0,8.9942,0.3998
6255.0,8.9669,0.4034
6256.0,9.0208,0.4008
6257.0,8.9798,0.403
6258.0,8.9849,0.3978
6259.0,8.995,0.3963
6260.0,9.0212,0.399
6261.0,9.0116,0.396
6262.0,8.9976,0.4012
6263.0,9.0046,0.3939
6264.0,8.991,0.3986
6265.0,9.0021,0.3991
6266.0,9.0011,0.3969
6267.0,9.0145,0.3991
6268.0,9.0145,0.4
6269.0,9.0074,0.4038
6270.0,8.9946,0.3969
6271.0,9.0111,0.4011
6272.0,8.9986,0.4017
6273.0,8.9838,0.3999
6274.0,8.994,0.3985
6275.0,9.0013,0.3966
6276.0,9.0137,0.4057
6277.0,8.9972,0.4002
6278.0,8.9819,0.3991
6279.0,9.0009,0.4064
6280.0,9.0017,0.4007
6281.0,9.0028,0.4076
6282.0,9.0138,0.3958
6283.0,9.0153,0.3993
6284.0,8.9911,0.3959
6285.0,8.9908,0.3996
6286.0,8.9844,0.3996
6287.0,9.0105,0.3986
6288.0,9.0217,0.4002
6289.0,8.9953,0.3988
6290.0,8.9964,0.3997
6291.0,9.022,0.3977
6292.0,9.0076,0.4043
6293.0,9.0065,0.3967
6294.0,8.9821,0.4006
6295.0,9.0102,0.3964
6296.0,8.9861,0.3975
6297.0,8.983,0.3978
6298.0,8.9948,0.3996
6299.0,8.9912,0.4005
6300.0,8.9967,0.3967
6301.0,8.9784,0.3988
6302.0,9.0144,0.397
6303.0,9.0169,0.3969
6304.0,8.9708,0.4034
6305.0,9.0147,0.3958
6306.0,8.9878,0.4002
6307.0,9.0129,0.4051
6308.0,8.999,0.4036
6309.0,9.0004,0.4013
6310.0,8.9972,0.4
6311.0,9.0182,0.4022
6312.0,8.9814,0.4011
6313.0,9.0091,0.4043
6314.0,9.0165,0.3996
6315.0,9.0107,0.403
6316.0,9.0349,0.399
6317.0,8.9921,0.4057
6318.0,9.0144,0.3995
6319.0,8.9984,0.3951
6320.0,9.0185,0.4002
6321.0,8.9999,0.4023
6322.0,8.9942,0.4049
6323.0,9.0196,0.397
6324.0,8.9926,0.3948
6325.0,8.9788,0.4015
6326.0,8.9922,0.4014
6327.0,9.0093,0.3958
6328.0,9.0209,0.399
6329.0,9.0017,0.3991
6330.0,9.0198,0.4025
6331.0,8.9796,0.3988
6332.0,8.9934,0.3987
6333.0,8.9957,0.4003
6334.0,8.9983,0.3959
6335.0,9.0013,0.4057
6336.0,9.0104,0.4028
6337.0,8.9933,0.3979
6338.0,9.0021,0.3966
6339.0,8.9993,0.3969
6340.0,8.9861,0.4018
6341.0,8.9983,0.397
6342.0,8.9978,0.3993
6343.0,8.9975,0.3949
6344.0,9.0005,0.4016
6345.0,9.0011,0.4017
6346.0,8.9935,0.3994
6347.0,9.0191,0.4006
6348.0,8.9825,0.4024
6349.0,8.9892,0.4005
6350.0,9.0417,0.4023
6351.0,8.9844,0.3965
6352.0,8.9797,0.4011
6353.0,9.011,0.4006
6354.0,8.9688,0.4036
6355.0,8.9965,0.4001
6356.0,9.0322,0.3997
6357.0,8.9768,0.3983
6358.0,8.9703,0.4045
6359.0,8.9775,0.3929
6360.0,9.0135,0.4015
6361.0,9.0169,0.3999
6362.0,8.9923,0.3994
6363.0,9.0102,0.399
6364.0,9.0209,0.3998
6365.0,9.0268,0.4014
6366.0,8.9963,0.3976
6367.0,8.9655,0.4004
6368.0,8.9877,0.4011
6369.0,8.9936,0.3971
6370.0,8.9961,0.4015
6371.0,8.9972,0.4011
6372.0,9.0168,0.3976
6373.0,9.0191,0.3964
6374.0,8.9974,0.3976
6375.0,9.0165,0.4004
6376.0,9.0054,0.3998
6377.0,9.001,0.4042
6378.0,9.0136,0.3989
6379.0,9.0011,0.3973
6380.0,9.0309,0.402
6381.0,8.9784,0.3971
6382.0,8.9923,0.3976
6383.0,8.9981,0.3977
6384.0,9.0066,0.391
6385.0,9.019,0.4017
6386.0,8.9996,0.4028
6387.0,8.9787,0.4028
6388.0,9.0126,0.4057
6389.0,9.0113,0.4045
6390.0,8.9709,0.399
6391.0,8.9999,0.4033
6392.0,8.9761,0.3997
6393.0,8.99,0.3987
6394.0,8.9865,0.3977
6395.0,9.0121,0.3992
6396.0,9.0018,0.401
6397.0,8.9807,0.4047
6398.0,9.0132,0.4022
6399.0,8.9785,0.3977
6400.0,9.005,0.3969
6401.0,8.9878,0.4017
6402.0,8.9945,0.4027
6403.0,9.0076,0.4037
6404.0,9.0078,0.3992
6405.0,9.0201,0.4014
6406.0,8.9988,0.4026
6407.0,9.0046,0.3959
6408.0,8.9934,0.4008
6409.0,9.0027,0.4027
6410.0,9.0066,0.4015
6411.0,8.9985,0.3998
6412.0,8.9729,0.4078
6413.0,9.005,0.4058
6414.0,9.0055,0.4
6415.0,8.9898,0.3994
6416.0,8.9807,0.4021
6417.0,9.0221,0.3998
6418.0,9.0074,0.4038
6419.0,8.9966,0.3962
6420.0,8.9829,0.3993
6421.0,8.9877,0.4021
6422.0,9.0195,0.403
6423.0,9.0021,0.3956
6424.0,8.9917,0.3971
6425.0,9.0076,0.395
6426.0,8.9878,0.3974
6427.0,9.0225,0.3962
6428.0,9.0203,0.4016
6429.0,8.993,0.4007
6430.0,8.9906,0.3995
6431.0,8.9607,0.4001
6432.0,8.9778,0.4036
6433.0,8.9799,0.3969
6434.0,9.002,0.3942
6435.0,8.9951,0.4021
6436.0,8.9798,0.3988
6437.0,8.9958,0.3969
6438.0,9.0076,0.4017
6439.0,9.0079,0.3941
6440.0,8.9715,0.3974
6441.0,8.9981,0.3928
6442.0,8.9792,0.4008
6443.0,9.0135,0.4047
6444.0,9.0118,0.3983
6445.0,8.9865,0.3976
6446.0,8.9885,0.4054
6447.0,8.9931,0.4019
6448.0,8.9662,0.4071
6449.0,9.005,0.4005
6450.0,8.9959,0.4007
6451.0,9.0146,0.4043
6452.0,8.9835,0.3996
6453.0,8.9907,0.4007
6454.0,8.9774,0.3927
6455.0,8.9849,0.4052
6456.0,8.9823,0.4012
6457.0,9.0149,0.3997
6458.0,8.9895,0.4027
6459.0,9.0019,0.3965
6460.0,8.9943,0.3983
6461.0,8.981,0.4017
6462.0,8.9975,0.4001
6463.0,9.009,0.4013
6464.0,8.9819,0.4007
6465.0,9.0121,0.4019
6466.0,8.9873,0.396
6467.0,8.9928,0.4038
6468.0,9.008,0.3985
6469.0,8.99,0.4002
6470.0,9.0006,0.3982
6471.0,8.9953,0.3991
6472.0,9.0019,0.4007
6473.0,8.9643,0.4022
6474.0,8.9726,0.4027
6475.0,9.0092,0.4013
6476.0,9.0156,0.3982
6477.0,8.9863,0.4011
6478.0,8.9963,0.4007
6479.0,9.0044,0.4002
6480.0,9.0104,0.4016
6481.0,8.9696,0.3962
6482.0,8.9867,0.3939
6483.0,8.995,0.4036
6484.0,9.0105,0.3996
6485.0,9.0375,0.4012
6486.0,8.9966,0.3974
6487.0,8.9789,0.4038
6488.0,9.006,0.4011
6489.0,9.0198,0.3995
6490.0,9.0016,0.4009
6491.0,8.9864,0.3948
6492.0,9.0144,0.4011
6493.0,9.01,0.4045
6494.0,8.9846,0.4009
6495.0,9.0057,0.4006
6496.0,9.015,0.399
6497.0,9.0177,0.4032
6498.0,8.999,0.4037
6499.0,8.9946,0.3987
6500.0,9.0184,0.4011
6501.0,8.9818,0.4007
6502.0,9.0066,0.4012
6503.0,8.9794,0.3977
6504.0,9.016,0.4034
6505.0,8.9961,0.4017
6506.0,9.019,0.4036
6507.0,9.0074,0.3967
6508.0,8.9817,0.3968
6509.0,9.0214,0.4062
6510.0,9.0233,0.4034
6511.0,9.0132,0.3976
6512.0,8.9886,0.4026
6513.0,8.9954,0.3986
6514.0,9.0022,0.3949
6515.0,8.9894,0.3937
6516.0,9.0254,0.3999
6517.0,9.0022,0.4047
6518.0,8.9594,0.4046
6519.0,9.0051,0.4038
6520.0,8.9948,0.4025
6521.0,8.9989,0.401
6522.0,8.9945,0.4035
6523.0,9.0121,0.394
6524.0,9.0168,0.403
6525.0,9.0042,0.3966
6526.0,8.9949,0.3973
6527.0,8.9994,0.4021
6528.0,9.0003,0.4028
6529.0,8.988,0.3982
6530.0,9.0087,0.4019
6531.0,9.0069,0.4017
6532.0,9.0231,0.3991
6533.0,9.0188,0.4005
6534.0,8.9897,0.4062
6535.0,9.0123,0.3992
6536.0,8.9857,0.3993
6537.0,9.0104,0.4005
6538.0,8.9923,0.3995
6539.0,8.9847,0.4024
6540.0,9.0042,0.4044
6541.0,8.9599,0.3993
6542.0,8.9737,0.3974
6543.0,8.9973,0.4059
6544.0,9.0012,0.4004
6545.0,8.9945,0.3949
6546.0,8.9763,0.4056
6547.0,8.9877,0.4034
6548.0,9.0059,0.4048
6549.0,9.0087,0.4043
6550.0,8.9998,0.4079
6551.0,9.0174,0.3969
6552.0,9.006,0.3976
6553.0,8.9888,0.3985
6554.0,8.9958,0.3984
6555.0,8.979,0.4004
6556.0,8.9984,0.3985
6557.0,9.0167,0.3964
6558.0,9.0103,0.3974
6559.0,9.021,0.3991
6560.0,8.9955,0.4034
6561.0,9.0202,0.3983
6562.0,8.9971,0.4024
6563.0,9.0221,0.396
6564.0,8.9997,0.3904
6565.0,9.0106,0.3996
6566.0,9.0221,0.3982
6567.0,8.9971,0.3974
6568.0,9.0033,0.397
6569.0,9.0193,0.3979
6570.0,8.998,0.397
6571.0,8.9802,0.3973
6572.0,9.0321,0.3959
6573.0,8.993,0.3936
6574.0,9.0024,0.3934
6575.0,9.0173,0.4074
6576.0,8.9909,0.3998
6577.0,8.9849,0.4046
6578.0,9.0038,0.3995
6579.0,8.9731,0.3996
6580.0,8.9957,0.4009
6581.0,9.0037,0.4019
6582.0,8.996,0.3963
6583.0,8.9768,0.3989
6584.0,9.0239,0.4009
6585.0,9.0016,0.3942
6586.0,9.0215,0.4039
6587.0,8.9961,0.4032
6588.0,8.9868,0.3937
6589.0,9.004,0.3974
6590.0,8.9968,0.4003
6591.0,8.9823,0.4025
6592.0,9.022,0.4046
6593.0,8.9907,0.3981
6594.0,8.9724,0.407
6595.0,9.0199,0.3999
6596.0,8.9924,0.3993
6597.0,8.9909,0.4017
6598.0,8.9735,0.4009
6599.0,9.0261,0.4008
6600.0,8.9807,0.406
6601.0,9.0009,0.4007
6602.0,9.0137,0.397
6603.0,9.0063,0.3975
6604.0,8.9991,0.4044
6605.0,8.9745,0.4021
6606.0,8.9879,0.3953
6607.0,9.0028,0.3952
6608.0,8.9882,0.4001
6609.0,9.0031,0.4018
6610.0,9.0102,0.398
6611.0,9.0144,0.395
6612.0,8.9816,0.3966
6613.0,9.0329,0.4049
6614.0,9.0115,0.4015
6615.0,9.0,0.403
6616.0,9.0163,0.4035
6617.0,9.0355,0.3981
6618.0,8.9784,0.3989
6619.0,8.9966,0.3995
6620.0,8.9643,0.4013
6621.0,9.0029,0.4033
6622.0,9.0055,0.4056
6623.0,8.9994,0.4024
6624.0,8.9902,0.4025
6625.0,8.9693,0.4058
6626.0,9.0056,0.3994
6627.0,9.0218,0.4036
6628.0,8.9911,0.4017
6629.0,9.0066,0.4018
6630.0,8.9765,0.3994
6631.0,9.0069,0.3958
6632.0,8.9941,0.401
6633.0,8.9886,0.401
6634.0,8.9886,0.3983
6635.0,8.9941,0.3997
6636.0,9.0057,0.3974
6637.0,8.9803,0.3974
6638.0,8.994,0.3986
6639.0,8.9994,0.396
6640.0,8.9835,0.3982
6641.0,9.0269,0.4021
6642.0,8.9872,0.4044
6643.0,8.99,0.4062
6644.0,8.9853,0.3988
6645.0,9.027,0.4036
6646.0,9.0083,0.401
6647.0,8.986,0.3993
6648.0,9.0166,0.4012
6649.0,9.003,0.4033
6650.0,9.0039,0.3985
6651.0,8.9948,0.3984
6652.0,8.9888,0.3988
6653.0,9.0051,0.3981
6654.0,8.9918,0.4036
6655.0,9.0273,0.3977
6656.0,8.981,0.3982
6657.0,9.023,0.4009
6658.0,8.9983,0.4007
6659.0,9.0045,0.3988
6660.0,9.0125,0.4051
6661.0,8.9905,0.3981
6662.0,9.013,0.3995
6663.0,8.9594,0.3942
6664.0,8.9892,0.3991
6665.0,8.9861,0.396
6666.0,8.9812,0.3973
6667.0,8.9968,0.3941
6668.0,9.0058,0.3973
6669.0,9.0105,0.3998
6670.0,9.0036,0.3993
6671.0,8.99,0.3988
6672.0,9.0055,0.399
6673.0,9.0019,0.3985
6674.0,9.014,0.3999
6675.0,9.0117,0.3997
6676.0,9.0005,0.4008
6677.0,8.9865,0.3994
6678.0,8.9902,0.3987
6679.0,8.9918,0.4023
6680.0,8.9953,0.4018
6681.0,9.004,0.3999
6682.0,9.0107,0.4036
6683.0,8.9992,0.4002
6684.0,9.0002,0.3995
6685.0,9.0021,0.3998
6686.0,8.9923,0.4005
6687.0,8.9861,0.3972
6688.0,8.9737,0.3944
6689.0,8.9896,0.4008
6690.0,9.0071,0.4025
6691.0,8.9895,0.397
6692.0,8.9964,0.4032
6693.0,9.007,0.3951
6694.0,9.0078,0.3983
6695.0,8.9838,0.4051
6696.0,9.015,0.4011
6697.0,9.0169,0.3991
6698.0,8.9831,0.4008
6699.0,8.9876,0.4036
6700.0,9.0179,0.3957
6701.0,8.9978,0.404
6702.0,8.9667,0.3985
6703.0,8.979,0.4021
6704.0,8.9963,0.3982
6705.0,8.9826,0.4051
6706.0,8.9938,0.3999
6707.0,9.0005,0.396
6708.0,9.0219,0.4014
6709.0,8.9956,0.4039
6710.0,9.0161,0.4036
6711.0,9.0214,0.4003
6712.0,9.0215,0.4024
6713.0,9.0043,0.3987
6714.0,8.9706,0.4018
6715.0,9.0069,0.4011
6716.0,9.0157,0.3913
6717.0,8.9988,0.397
6718.0,9.0262,0.4006
6719.0,9.0129,0.4005
6720.0,9.0085,0.3999
6721.0,9.0163,0.4003
6722.0,9.005,0.4036
6723.0,8.9626,0.4011
6724.0,8.9925,0.393
6725.0,9.018,0.4058
6726.0,8.9879,0.3943
6727.0,8.9966,0.4029
6728.0,8.9843,0.3953
6729.0,9.0268,0.4043
6730.0,9.0252,0.3992
6731.0,8.9867,0.4012
6732.0,9.0022,0.394
6733.0,8.9898,0.4022
6734.0,9.0092,0.4012
6735.0,9.0076,0.4019
6736.0,9.0122,0.4028
6737.0,9.005,0.4005
6738.0,9.044,0.3994
6739.0,8.9846,0.3976
6740.0,8.9743,0.3987
6741.0,8.9941,0.4036
6742.0,8.9765,0.3975
6743.0,8.9776,0.3945
6744.0,8.985,0.397
6745.0,8.9862,0.4018
6746.0,8.9857,0.3991
6747.0,9.0078,0.4018
6748.0,8.9924,0.394
6749.0,8.9973,0.3911
6750.0,9.0134,0.4008
6751.0,8.9885,0.403
6752.0,8.996,0.3949
6753.0,9.0055,0.4016
6754.0,8.9709,0.4036
6755.0,8.9642,0.4
6756.0,9.0052,0.4027
6757.0,9.0074,0.4006
6758.0,9.031,0.3992
6759.0,9.0024,0.4025
6760.0,9.0123,0.4057
6761.0,8.9971,0.3983
6762.0,9.0045,0.3997
6763.0,9.025,0.397
6764.0,8.9681,0.4005
6765.0,9.0062,0.3995
6766.0,9.032,0.4035
6767.0,9.0042,0.4043
6768.0,9.0248,0.4024
6769.0,8.9906,0.4031
6770.0,8.9995,0.3979
6771.0,9.0005,0.3971
6772.0,8.9667,0.4013
6773.0,8.9825,0.4001
6774.0,8.9835,0.406
6775.0,9.0123,0.3942
6776.0,9.0131,0.4019
6777.0,9.0049,0.4018
6778.0,9.0124,0.3977
6779.0,8.9975,0.3971
6780.0,9.018,0.399
6781.0,9.0001,0.3951
6782.0,9.0009,0.4044
6783.0,8.996,0.4081
6784.0,9.0103,0.399
6785.0,8.9937,0.3981
6786.0,9.0146,0.3961
6787.0,8.983,0.3967
6788.0,8.9835,0.3982
6789.0,9.0103,0.4036
6790.0,8.9987,0.4096
6791.0,8.9932,0.3978
6792.0,9.0134,0.3973
6793.0,8.9909,0.3965
6794.0,8.997,0.4014
6795.0,9.021,0.401
6796.0,9.0231,0.4003
6797.0,9.0236,0.3987
6798.0,8.9958,0.4041
6799.0,9.0185,0.4023
6800.0,8.9858,0.4022
6801.0,8.9864,0.4011
6802.0,8.9647,0.3994
6803.0,9.0251,0.3979
6804.0,8.987,0.4016
6805.0,8.9981,0.4013
6806.0,8.9863,0.4017
6807.0,9.0104,0.3953
6808.0,8.9944,0.401
6809.0,8.9804,0.3991
6810.0,9.0066,0.3974
6811.0,8.9785,0.4022
6812.0,8.9874,0.4005
6813.0,8.9684,0.4071
6814.0,8.9786,0.4015
6815.0,9.0027,0.3991
6816.0,8.9705,0.3997
6817.0,8.9778,0.3965
6818.0,9.0,0.4037
6819.0,8.9918,0.4009
6820.0,9.0299,0.401
6821.0,9.0275,0.3968
6822.0,8.987,0.4023
6823.0,9.0084,0.3972
6824.0,9.0112,0.3983
6825.0,8.991,0.4004
6826.0,8.9776,0.3983
6827.0,8.9998,0.3976
6828.0,8.9974,0.3998
6829.0,8.9935,0.403
6830.0,9.0066,0.4027
6831.0,8.9887,0.4021
6832.0,8.9827,0.4015
6833.0,9.0016,0.3986
6834.0,9.0058,0.4034
6835.0,8.9824,0.3948
6836.0,9.0139,0.4013
6837.0,8.9734,0.4025
6838.0,8.9913,0.3997
6839.0,8.9961,0.3978
6840.0,8.9905,0.3999
6841.0,8.9915,0.3977
6842.0,9.0281,0.4015
6843.0,8.9872,0.4028
6844.0,9.0366,0.4013
6845.0,9.0066,0.4012
6846.0,9.0014,0.4023
6847.0,9.0071,0.4026
6848.0,9.0379,0.3977
6849.0,8.9851,0.3954
6850.0,8.9832,0.4008
6851.0,8.9887,0.4028
6852.0,9.0005,0.3953
6853.0,8.9741,0.4002
6854.0,9.0003,0.4034
6855.0,9.0254,0.3997
6856.0,9.0023,0.4046
6857.0,8.9956,0.404
6858.0,8.9907,0.3995
6859.0,9.0135,0.3989
6860.0,8.9876,0.399
6861.0,9.0277,0.4004
6862.0,9.029,0.3965
6863.0,9.0039,0.3959
6864.0,8.9998,0.3932
6865.0,9.0155,0.3999
6866.0,9.0164,0.4061
6867.0,8.9879,0.394
6868.0,8.9921,0.3994
6869.0,8.9802,0.3994
6870.0,9.0061,0.3995
6871.0,9.01,0.4038
6872.0,8.9798,0.3973
6873.0,8.9932,0.3942
6874.0,8.9798,0.3984
6875.0,8.9865,0.398
6876.0,9.0083,0.3933
6877.0,8.989,0.4007
6878.0,8.9955,0.3964
6879.0,8.9756,0.3998
6880.0,9.0028,0.3989
6881.0,8.9993,0.3968
6882.0,8.9891,0.4027
6883.0,8.9972,0.3992
6884.0,9.0027,0.4002
6885.0,8.9878,0.4018
6886.0,8.9779,0.4009
6887.0,9.0271,0.4004
6888.0,8.9905,0.3975
6889.0,8.9985,0.3967
6890.0,9.0152,0.4005
6891.0,9.0529,0.3971
6892.0,8.9813,0.4024
6893.0,9.0067,0.3996
6894.0,8.9894,0.4019
6895.0,8.9919,0.397
6896.0,8.9892,0.3966
6897.0,8.9831,0.405
6898.0,8.9994,0.3996
6899.0,8.9779,0.4027
6900.0,9.0142,0.3958
6901.0,9.0008,0.3992
6902.0,9.0063,0.4039
6903.0,8.993,0.3953
6904.0,8.9945,0.4068
6905.0,9.0043,0.4006
6906.0,8.9825,0.3975
6907.0,8.9946,0.4011
6908.0,8.9871,0.4033
6909.0,8.9866,0.3975
6910.0,8.9684,0.398
6911.0,9.0201,0.4007
6912.0,8.9897,0.4014
6913.0,9.0175,0.3994
6914.0,9.016,0.4012
6915.0,8.9807,0.4026
6916.0,8.9837,0.4005
6917.0,9.0384,0.3979
6918.0,9.0263,0.3999
6919.0,8.9995,0.4053
6920.0,9.0039,0.401
6921.0,8.9905,0.4037
6922.0,9.0065,0.3985
6923.0,8.9892,0.4008
6924.0,8.9695,0.4024
6925.0,8.9802,0.4045
6926.0,9.0003,0.4037
6927.0,8.983,0.3966
6928.0,8.999,0.4035
6929.0,8.9839,0.4051
6930.0,8.9883,0.3983
6931.0,9.0128,0.3973
6932.0,9.0037,0.3999
6933.0,8.9999,0.4005
6934.0,9.0132,0.3989
6935.0,9.0072,0.3964
6936.0,9.0217,0.4044
6937.0,8.9931,0.3974
6938.0,8.9936,0.3985
6939.0,8.9805,0.4003
6940.0,8.9936,0.3956
6941.0,9.0145,0.3954
6942.0,9.0195,0.3987
6943.0,9.0144,0.4025
6944.0,8.9731,0.4006
6945.0,9.0162,0.3938
6946.0,8.9724,0.4042
6947.0,9.0135,0.4024
6948.0,8.9945,0.4006
6949.0,9.0105,0.4005
6950.0,8.98,0.402
6951.0,9.0176,0.407
6952.0,8.978,0.4026
6953.0,8.99,0.4009
6954.0,8.985,0.3963
6955.0,8.9737,0.4005
6956.0,9.0014,0.4023
6957.0,9.0271,0.3997
6958.0,9.04,0.3984
6959.0,9.0015,0.4017
6960.0,9.0168,0.397
6961.0,9.0035,0.4026
6962.0,9.0075,0.3987
6963.0,8.9949,0.3936
6964.0,9.0029,0.3986
6965.0,9.0081,0.3998
6966.0,8.9913,0.4017
6967.0,8.9988,0.4013
6968.0,8.9991,0.3961
6969.0,9.0124,0.4004
6970.0,8.984,0.3984
6971.0,8.9992,0.3989
6972.0,9.0287,0.397
6973.0,9.0175,0.3998
6974.0,9.0202,0.4094
6975.0,9.0004,0.4056
6976.0,9.0048,0.397
6977.0,9.015,0.4002
6978.0,9.0234,0.3991
6979.0,8.9707,0.4004
6980.0,8.9803,0.4027
6981.0,9.0196,0.3996
6982.0,8.9958,0.3979
6983.0,8.9899,0.4035
6984.0,8.9812,0.3963
6985.0,8.9917,0.4006
6986.0,8.979,0.3955
6987.0,9.0314,0.3969
6988.0,8.9997,0.4022
6989.0,8.9991,0.398
6990.0,9.0088,0.3944
6991.0,9.0144,0.3978
6992.0,9.0142,0.3975
6993.0,9.0161,0.3962
6994.0,8.9905,0.4017
6995.0,8.9955,0.3954
6996.0,9.0115,0.3982
6997.0,8.9921,0.4004
6998.0,8.9999,0.399
6999.0,9.006,0.3988
7000.0,9.0118,0.3978
7001.0,8.9733,0.3963
7002.0,9.0107,0.3981
7003.0,8.9965,0.402
7004.0,9.0106,0.3987
7005.0,9.0117,0.4005
7006.0,9.0241,0.4034
7007.0,9.0203,0.4018
7008.0,9.0202,0.3962
7009.0,9.0217,0.4013
7010.0,9.0044,0.4031
7011.0,9.0005,0.3983
7012.0,9.0131,0.3952
7013.0,9.011,0.3987
7014.0,8.9954,0.4006
7015.0,9.0061,0.4018
7016.0,8.9995,0.3984
7017.0,8.9872,0.3939
7018.0,9.0194,0.3962
7019.0,9.0008,0.4011
7020.0,9.0307,0.406
7021.0,8.9756,0.3999
7022.0,8.9916,0.4039
7023.0,9.0005,0.3968
7024.0,9.0171,0.3981
7025.0,9.006,0.393
7026.0,9.0047,0.4011
7027.0,8.9831,0.3973
7028.0,8.9826,0.4018
7029.0,9.0048,0.3985
7030.0,8.9795,0.4061
7031.0,8.992,0.4054
7032.0,9.0075,0.3931
7033.0,8.9853,0.4018
7034.0,9.0241,0.3978
7035.0,9.0184,0.4019
7036.0,8.9764,0.396
7037.0,8.986,0.4043
7038.0,8.9657,0.4031
7039.0,8.9883,0.3958
7040.0,9.0115,0.3995
7041.0,8.9938,0.4005
7042.0,9.0069,0.4022
7043.0,8.9772,0.4
7044.0,9.012,0.4024
7045.0,8.9917,0.3998
7046.0,9.0002,0.4018
7047.0,8.9986,0.3959
7048.0,8.9809,0.3999
7049.0,8.9827,0.4035
7050.0,9.0145,0.4042
7051.0,9.006,0.4005
7052.0,9.0158,0.3997
7053.0,9.0049,0.4041
7054.0,9.0021,0.3997
7055.0,8.9741,0.4034
7056.0,8.9959,0.3997
7057.0,8.9996,0.4001
7058.0,9.0293,0.3967
7059.0,9.0103,0.3963
7060.0,9.023,0.4029
7061.0,9.009,0.4052
7062.0,8.9893,0.4003
7063.0,9.0018,0.3995
7064.0,9.0035,0.4031
7065.0,8.9859,0.401
7066.0,8.9942,0.3928
7067.0,8.9969,0.403
7068.0,9.0241,0.396
7069.0,8.9688,0.4
7070.0,9.0181,0.3987
7071.0,8.9859,0.3981
7072.0,8.9794,0.4001
7073.0,9.0177,0.4027
7074.0,9.011,0.4001
7075.0,9.0188,0.4042
7076.0,9.012,0.4046
7077.0,9.0309,0.4046
7078.0,9.0084,0.3998
7079.0,8.9977,0.3986
7080.0,9.0051,0.3999
7081.0,9.0187,0.4034
7082.0,8.9883,0.4032
7083.0,8.9902,0.3922
7084.0,8.9954,0.4009
7085.0,8.9684,0.3929
7086.0,9.0021,0.3999
7087.0,8.9717,0.3984
7088.0,9.0008,0.3975
7089.0,9.013,0.4025
7090.0,8.9928,0.3981
7091.0,9.0252,0.4
7092.0,8.9781,0.3972
7093.0,9.0179,0.4002
7094.0,9.0101,0.4029
7095.0,8.9743,0.3974
7096.0,9.0407,0.4019
7097.0,8.999,0.4002
7098.0,8.9868,0.4001
7099.0,8.9789,0.3989
7100.0,8.9967,0.4023
7101.0,8.9981,0.402
7102.0,9.0015,0.3996
7103.0,8.9955,0.4006
7104.0,9.0095,0.4022
7105.0,8.9942,0.4016
7106.0,8.971,0.3991
7107.0,8.9978,0.4035
7108.0,8.9645,0.4026
7109.0,9.0053,0.4063
7110.0,8.9853,0.3953
7111.0,9.0025,0.4021
7112.0,9.0197,0.4035
7113.0,8.9858,0.403
7114.0,9.0159,0.3992
7115.0,8.9935,0.3959
7116.0,9.0263,0.4046
7117.0,8.9945,0.3986
7118.0,8.9874,0.3991
7119.0,9.0103,0.4062
7120.0,8.9935,0.3962
7121.0,8.9874,0.4025
7122.0,8.9928,0.3977
7123.0,8.9993,0.3977
7124.0,9.0201,0.4005
7125.0,8.971,0.402
7126.0,9.0003,0.4029
7127.0,9.0094,0.4032
7128.0,9.0029,0.3979
7129.0,9.0196,0.3966
7130.0,8.9989,0.399
7131.0,8.9972,0.401
7132.0,9.0089,0.3994
7133.0,9.0015,0.3891
7134.0,8.9941,0.3945
7135.0,9.0077,0.3993
7136.0,8.9902,0.4026
7137.0,8.9908,0.3973
7138.0,8.9921,0.4022
7139.0,9.0203,0.3955
7140.0,8.9517,0.4008
7141.0,9.0059,0.4008
7142.0,9.0005,0.4014
7143.0,8.9748,0.397
7144.0,9.0046,0.3954
7145.0,9.0071,0.4022
7146.0,9.0088,0.3954
7147.0,8.9602,0.3977
7148.0,9.0205,0.4042
7149.0,8.9889,0.4005
7150.0,9.0103,0.4011
7151.0,9.0111,0.4019
7152.0,8.9868,0.4018
7153.0,9.0099,0.3999
7154.0,8.9942,0.3973
7155.0,8.9689,0.4081
7156.0,9.0175,0.3991
7157.0,8.9884,0.401
7158.0,8.9872,0.4013
7159.0,8.994,0.3984
7160.0,9.0041,0.3987
7161.0,8.9991,0.4045
7162.0,9.0082,0.3978
7163.0,8.9799,0.4012
7164.0,8.9889,0.4027
7165.0,8.9983,0.3994
7166.0,9.0285,0.3997
7167.0,8.9983,0.4029
7168.0,9.0163,0.3996
7169.0,9.0006,0.3938
7170.0,8.9927,0.4045
7171.0,8.9963,0.3971
7172.0,8.9975,0.4006
7173.0,9.0091,0.396
7174.0,9.0206,0.3985
7175.0,9.0054,0.3987
7176.0,9.0178,0.4005
7177.0,8.9855,0.3974
7178.0,8.9938,0.4059
7179.0,8.9891,0.4001
7180.0,9.0047,0.4026
7181.0,8.9946,0.4
7182.0,9.0109,0.403
7183.0,8.986,0.3937
7184.0,9.0006,0.3979
7185.0,9.0103,0.3984
7186.0,8.969,0.3984
7187.0,9.0318,0.4016
7188.0,8.9958,0.4018
7189.0,8.9696,0.3998
7190.0,9.0024,0.3999
7191.0,9.0005,0.4073
7192.0,8.9988,0.401
7193.0,9.0149,0.3933
7194.0,9.0112,0.4023
7195.0,9.0045,0.4017
7196.0,9.0068,0.4035
7197.0,8.9984,0.4018
7198.0,9.0266,0.3973
7199.0,8.9778,0.4027
7200.0,9.0021,0.4003
7201.0,9.001,0.4031
7202.0,9.0122,0.4046
7203.0,8.9873,0.3996
7204.0,8.9738,0.4026
7205.0,9.0024,0.4031
7206.0,9.0042,0.4005
7207.0,9.0223,0.4059
7208.0,8.9809,0.4031
7209.0,9.0173,0.3982
7210.0,9.0355,0.4008
7211.0,8.9943,0.4026
7212.0,8.9806,0.4058
7213.0,8.9939,0.4019
7214.0,9.0002,0.4009
7215.0,9.0085,0.4038
7216.0,8.9911,0.3993
7217.0,9.0233,0.397
7218.0,8.9833,0.4021
7219.0,8.9739,0.3989
7220.0,9.0166,0.4081
7221.0,8.9659,0.4008
7222.0,8.9969,0.4021
7223.0,9.0468,0.3981
7224.0,8.9998,0.4038
7225.0,8.9832,0.3999
7226.0,8.9991,0.3996
7227.0,8.9992,0.3997
7228.0,9.0024,0.3961
7229.0,9.0099,0.3992
7230.0,8.9844,0.4016
7231.0,9.0253,0.3954
7232.0,9.0037,0.4031
7233.0,9.0109,0.3992
7234.0,8.9906,0.4007
7235.0,9.0193,0.3933
7236.0,8.9961,0.4007
7237.0,9.0042,0.3969
7238.0,8.986,0.3989
7239.0,8.985,0.3953
7240.0,9.0103,0.3974
7241.0,8.9933,0.3995
7242.0,8.9872,0.3992
7243.0,8.9904,0.4027
7244.0,9.0105,0.3944
7245.0,8.9906,0.3998
7246.0,8.9982,0.3997
7247.0,9.0002,0.3986
7248.0,8.9712,0.3973
7249.0,8.9779,0.4033
7250.0,9.005,0.4061
7251.0,8.9889,0.3949
7252.0,9.0159,0.3972
7253.0,9.0145,0.397
7254.0,9.0108,0.3992
7255.0,9.0273,0.4038
7256.0,8.9988,0.4016
7257.0,9.0097,0.3995
7258.0,8.9912,0.4
7259.0,9.0368,0.399
7260.0,9.0298,0.4022
7261.0,9.0002,0.4026
7262.0,9.0058,0.4018
7263.0,9.0204,0.3934
7264.0,8.9978,0.4
7265.0,8.9902,0.3994
7266.0,9.0131,0.403
7267.0,9.0012,0.4007
7268.0,9.0027,0.4017
7269.0,8.9875,0.3985
7270.0,8.9742,0.4028
7271.0,9.0035,0.4037
7272.0,9.0136,0.3951
7273.0,8.9966,0.3961
7274.0,9.0215,0.4023
7275.0,8.9894,0.3995
7276.0,8.9842,0.4031
7277.0,8.999,0.4007
7278.0,8.9988,0.4021
7279.0,9.0115,0.3978
7280.0,8.9884,0.401
7281.0,9.0205,0.401
7282.0,9.0295,0.3979
7283.0,8.9994,0.403
7284.0,9.0187,0.3943
7285.0,8.9842,0.4006
7286.0,9.0161,0.3961
7287.0,9.0157,0.3969
7288.0,9.013,0.403
7289.0,8.9998,0.3967
7290.0,8.9557,0.3966
7291.0,8.9904,0.4017
7292.0,8.9906,0.3967
7293.0,8.9853,0.4031
7294.0,9.0018,0.4019
7295.0,8.9937,0.3977
7296.0,8.9876,0.4029
7297.0,8.9841,0.3942
7298.0,8.9893,0.4014
7299.0,9.0168,0.3963
7300.0,8.9901,0.3984
7301.0,8.9923,0.3986
7302.0,8.9931,0.4038
7303.0,9.0051,0.3985
7304.0,9.0068,0.3998
7305.0,8.9543,0.3987
7306.0,9.0153,0.3971
7307.0,9.0215,0.3969
7308.0,8.9842,0.4009
7309.0,8.9854,0.3999
7310.0,8.9932,0.4023
7311.0,8.9887,0.3993
7312.0,9.0034,0.3994
7313.0,8.9708,0.4023
7314.0,8.9832,0.3989
7315.0,9.0231,0.3957
7316.0,8.9861,0.4025
7317.0,9.0187,0.398
7318.0,9.0053,0.4002
7319.0,8.9729,0.3981
7320.0,9.0095,0.3971
7321.0,8.9982,0.3943
7322.0,8.9932,0.401
7323.0,9.0037,0.3898
7324.0,9.0071,0.4039
7325.0,9.0106,0.4031
7326.0,9.0177,0.3973
7327.0,9.0061,0.4048
7328.0,8.9794,0.4062
7329.0,8.9929,0.3992
7330.0,9.0441,0.4012
7331.0,9.0109,0.4004
7332.0,9.0355,0.4045
7333.0,9.0209,0.3958
7334.0,9.0036,0.3993
7335.0,9.0045,0.4028
7336.0,8.9995,0.4024
7337.0,8.9739,0.3999
7338.0,9.0003,0.4042
7339.0,9.0182,0.4007
7340.0,8.991,0.4003
7341.0,9.0062,0.4021
7342.0,9.0128,0.3998
7343.0,8.9864,0.4002
7344.0,8.9932,0.3976
7345.0,8.9847,0.4088
7346.0,8.9877,0.3986
7347.0,8.9807,0.4022
7348.0,8.9865,0.4057
7349.0,9.0213,0.396
7350.0,8.9863,0.4018
7351.0,9.0019,0.4001
7352.0,8.9925,0.4054
7353.0,9.0177,0.3973
7354.0,9.0197,0.3977
7355.0,9.013,0.3999
7356.0,9.0046,0.3985
7357.0,8.9965,0.3986
7358.0,8.9821,0.4061
7359.0,9.0292,0.4004
7360.0,8.9886,0.3976
7361.0,9.01,0.3988
7362.0,9.0159,0.4012
7363.0,8.9917,0.401
7364.0,9.0156,0.3983
7365.0,9.0115,0.3951
7366.0,9.0259,0.3998
7367.0,8.993,0.3998
7368.0,8.9807,0.3981
7369.0,8.9924,0.4038
7370.0,9.0031,0.4017
7371.0,9.0009,0.4004
7372.0,8.9941,0.3989
7373.0,8.9714,0.4052
7374.0,9.0071,0.3965
7375.0,9.0296,0.3985
7376.0,9.007,0.3986
7377.0,9.0091,0.4009
7378.0,9.0086,0.402
7379.0,9.006,0.396
7380.0,9.014,0.3979
7381.0,9.0059,0.4013
7382.0,8.9953,0.398
7383.0,8.9881,0.3988
7384.0,8.9963,0.4005
7385.0,9.0047,0.3971
7386.0,8.9953,0.4008
7387.0,9.0047,0.4018
7388.0,9.0066,0.4001
7389.0,9.0125,0.4043
7390.0,9.0192,0.4022
7391.0,9.0012,0.3999
7392.0,8.9804,0.399
7393.0,8.9948,0.4053
7394.0,9.0007,0.398
7395.0,8.9725,0.3992
7396.0,9.0208,0.3988
7397.0,9.0021,0.4012
7398.0,9.0057,0.4068
7399.0,9.0205,0.4007
7400.0,8.9905,0.399
7401.0,9.0086,0.4006
7402.0,8.9984,0.3961
7403.0,8.9972,0.3994
7404.0,8.9884,0.4051
7405.0,9.025,0.402
7406.0,8.9944,0.4037
7407.0,9.0105,0.403
7408.0,8.9719,0.3979
7409.0,9.0177,0.4057
7410.0,9.0158,0.3947
7411.0,9.0015,0.401
7412.0,8.9966,0.3938
7413.0,9.006,0.3949
7414.0,9.0343,0.4028
7415.0,8.9736,0.3979
7416.0,9.0117,0.4037
7417.0,8.9863,0.3935
7418.0,8.9997,0.3997
7419.0,8.9963,0.3964
7420.0,8.9936,0.399
7421.0,8.9998,0.4046
7422.0,8.983,0.4054
7423.0,9.0154,0.4015
7424.0,8.9731,0.3952
7425.0,9.0081,0.3964
7426.0,8.9951,0.4005
7427.0,8.9824,0.3976
7428.0,9.003,0.402
7429.0,8.9766,0.405
7430.0,9.0006,0.3971
7431.0,8.9787,0.3973
7432.0,9.0069,0.3965
7433.0,8.9861,0.3992
7434.0,8.9932,0.4002
7435.0,9.0044,0.4001
7436.0,8.9884,0.4027
7437.0,8.9991,0.4012
7438.0,8.9773,0.3998
7439.0,9.0095,0.4001
7440.0,9.0265,0.4003
7441.0,9.0419,0.3998
7442.0,9.0014,0.398
7443.0,9.0118,0.3964
7444.0,8.9733,0.4004
7445.0,9.0225,0.3985
7446.0,9.0116,0.4016
7447.0,8.9927,0.4002
7448.0,9.0186,0.4
7449.0,8.9962,0.403
7450.0,8.9931,0.3958
7451.0,9.0071,0.4053
7452.0,8.984,0.3934
7453.0,9.0153,0.4044
7454.0,8.9842,0.4006
7455.0,8.9842,0.3984
7456.0,8.9864,0.3956
7457.0,9.0114,0.3982
7458.0,8.9907,0.3995
7459.0,8.9798,0.4006
7460.0,8.9909,0.4043
7461.0,8.9995,0.4002
7462.0,8.9823,0.401
7463.0,8.9827,0.4011
7464.0,9.0317,0.399
7465.0,8.9871,0.3994
7466.0,8.9952,0.3997
7467.0,8.9945,0.4019
7468.0,8.9937,0.3973
7469.0,9.0093,0.3985
7470.0,9.0142,0.4011
7471.0,8.9954,0.3968
7472.0,8.9815,0.4003
7473.0,9.0191,0.3984
7474.0,8.9986,0.4015
7475.0,9.026,0.4041
7476.0,8.9663,0.3984
7477.0,9.0029,0.4023
7478.0,9.0288,0.4006
7479.0,8.9947,0.3988
7480.0,8.9966,0.4
7481.0,9.0044,0.4039
7482.0,8.9916,0.3995
7483.0,8.9953,0.4039
7484.0,8.9949,0.3996
7485.0,8.9906,0.3958
7486.0,9.0184,0.3996
7487.0,9.0069,0.3955
7488.0,9.0038,0.399
7489.0,9.0121,0.3989
7490.0,8.996,0.4055
7491.0,8.9884,0.4048
7492.0,8.991,0.4003
7493.0,9.0,0.4036
7494.0,8.9841,0.3988
7495.0,8.9925,0.3957
7496.0,8.9923,0.4016
7497.0,9.0319,0.4011
7498.0,8.9584,0.3972
7499.0,8.9973,0.3973
7500.0,9.0259,0.4028
7501.0,9.0018,0.3949
7502.0,9.0113,0.4017
7503.0,9.0015,0.3991
7504.0,8.99,0.4017
7505.0,8.9664,0.403
7506.0,9.0031,0.3974
7507.0,8.9884,0.3966
7508.0,8.988,0.4044
7509.0,8.9925,0.3998
7510.0,9.0262,0.401
7511.0,9.0361,0.4027
7512.0,9.0033,0.3971
7513.0,8.993,0.4027
7514.0,8.9823,0.4019
7515.0,9.007,0.4044
7516.0,9.0267,0.4044
7517.0,8.9963,0.4002
7518.0,8.9643,0.4023
7519.0,9.0101,0.4001
7520.0,9.0148,0.4004
7521.0,8.9762,0.3966
7522.0,9.0026,0.3993
7523.0,9.0068,0.3946
7524.0,8.9989,0.3996
7525.0,8.9881,0.404
7526.0,9.0152,0.4023
7527.0,8.9939,0.4003
7528.0,8.9777,0.3994
7529.0,8.9693,0.3984
7530.0,9.0189,0.3972
7531.0,9.0092,0.4025
7532.0,9.0013,0.3954
7533.0,8.9934,0.3953
7534.0,8.9921,0.4027
7535.0,8.9839,0.4006
7536.0,8.9935,0.4001
7537.0,8.9682,0.4006
7538.0,8.989,0.406
7539.0,8.9953,0.4002
7540.0,9.0091,0.4009
7541.0,8.9994,0.4062
7542.0,9.0119,0.3998
7543.0,9.0202,0.4052
7544.0,9.0159,0.3937
7545.0,9.0071,0.3965
7546.0,9.0002,0.398
7547.0,8.9853,0.4018
7548.0,9.0111,0.4053
7549.0,9.0252,0.3982
7550.0,9.0051,0.4029
7551.0,9.0288,0.4067
7552.0,8.9771,0.4047
7553.0,8.9827,0.3988
7554.0,9.0128,0.4026
7555.0,9.004,0.401
7556.0,9.0197,0.398
7557.0,8.9998,0.4013
7558.0,8.987,0.3986
7559.0,8.9968,0.4004
7560.0,8.977,0.3959
7561.0,8.9831,0.3947
7562.0,9.0146,0.3991
7563.0,9.0131,0.401
7564.0,9.0054,0.3966
7565.0,8.9742,0.4016
7566.0,8.9946,0.4001
7567.0,8.9816,0.402
7568.0,9.0176,0.4028
7569.0,8.9912,0.404
7570.0,8.9837,0.4018
7571.0,9.0004,0.3991
7572.0,8.9904,0.4006
7573.0,9.0223,0.407
7574.0,8.989,0.403
7575.0,8.979,0.4002
7576.0,8.9677,0.3995
7577.0,8.9995,0.3982
7578.0,8.9916,0.3964
7579.0,8.9786,0.4051
7580.0,9.0178,0.4014
7581.0,9.01,0.3962
7582.0,8.9996,0.3996
7583.0,9.0205,0.4038
7584.0,9.0099,0.3987
7585.0,8.9877,0.3976
7586.0,8.9844,0.4011
7587.0,9.0123,0.402
7588.0,9.0059,0.3987
7589.0,9.0025,0.3982
7590.0,8.9873,0.4014
7591.0,9.0091,0.3966
7592.0,8.9887,0.3984
7593.0,8.9985,0.3996
7594.0,9.0217,0.4022
7595.0,8.9901,0.3987
7596.0,8.9764,0.4017
7597.0,8.9842,0.4035
7598.0,9.0149,0.3985
7599.0,9.0038,0.4097
7600.0,8.9981,0.4043
7601.0,8.9924,0.4008
7602.0,9.0073,0.3995
7603.0,8.9873,0.3983
7604.0,9.0046,0.405
7605.0,8.989,0.4006
7606.0,8.9865,0.3957
7607.0,8.9904,0.3949
7608.0,8.9944,0.4003
7609.0,8.9993,0.4004
7610.0,9.0035,0.3972
7611.0,8.9447,0.3955
7612.0,8.9879,0.3941
7613.0,8.9941,0.3977
7614.0,9.0226,0.3989
7615.0,8.9838,0.4021
7616.0,9.0024,0.3996
7617.0,9.0224,0.4032
7618.0,8.9803,0.4018
7619.0,9.0059,0.4015
7620.0,8.988,0.4029
7621.0,8.9924,0.3958
7622.0,8.988,0.3984
7623.0,8.989,0.4072
7624.0,9.0408,0.3943
7625.0,9.0127,0.3991
7626.0,9.0165,0.4014
7627.0,9.0074,0.3944
7628.0,8.9759,0.3977
7629.0,9.0059,0.406
7630.0,9.0161,0.4005
7631.0,8.9872,0.3983
7632.0,9.0145,0.4006
7633.0,9.0106,0.3983
7634.0,9.0278,0.4051
7635.0,8.9937,0.397
7636.0,8.9835,0.3984
7637.0,8.9946,0.3955
7638.0,9.0215,0.3991
7639.0,8.9726,0.3995
7640.0,8.969,0.4036
7641.0,9.0013,0.3969
7642.0,8.9934,0.4015
7643.0,9.0001,0.4003
7644.0,9.0142,0.3943
7645.0,8.9917,0.3978
7646.0,8.9719,0.3977
7647.0,9.0307,0.405
7648.0,8.985,0.4016
7649.0,8.9841,0.4004
7650.0,9.0166,0.3871
7651.0,8.9942,0.3943
7652.0,8.999,0.4022
7653.0,9.0072,0.4023
7654.0,9.0163,0.3978
7655.0,8.995,0.4001
7656.0,9.0228,0.3999
7657.0,8.968,0.4005
7658.0,9.0114,0.3989
7659.0,8.9874,0.4024
7660.0,9.0206,0.4033
7661.0,9.0021,0.3971
7662.0,8.9899,0.3964
7663.0,9.0099,0.3976
7664.0,9.0134,0.4001
7665.0,9.0096,0.4011
7666.0,8.9846,0.4024
7667.0,8.9927,0.4029
7668.0,8.9999,0.4011
7669.0,8.9994,0.4007
7670.0,9.0112,0.4049
7671.0,8.9698,0.4
7672.0,9.005,0.4018
7673.0,8.9957,0.401
7674.0,8.9874,0.3995
7675.0,8.9889,0.3995
7676.0,8.9968,0.404
7677.0,8.946,0.3997
7678.0,8.9895,0.3989
7679.0,8.9869,0.3978
7680.0,9.008,0.4013
7681.0,8.9879,0.3985
7682.0,8.9968,0.401
7683.0,9.0231,0.4005
7684.0,9.0149,0.3987
7685.0,9.0135,0.3958
7686.0,8.9925,0.3969
7687.0,9.0081,0.3974
7688.0,8.9965,0.397
7689.0,8.9971,0.4014
7690.0,9.0061,0.4064
7691.0,8.991,0.3985
7692.0,9.0224,0.3988
7693.0,8.9976,0.3982
7694.0,9.0093,0.4026
7695.0,9.0218,0.4013
7696.0,9.0155,0.4
7697.0,8.9789,0.3964
7698.0,9.0067,0.3971
7699.0,9.0128,0.4005
7700.0,9.0134,0.4007
7701.0,8.9833,0.4
7702.0,8.9901,0.402
7703.0,9.0149,0.3963
7704.0,8.9886,0.4009
7705.0,8.9955,0.4007
7706.0,9.0236,0.3971
7707.0,8.9993,0.3982
7708.0,8.9891,0.4021
7709.0,8.9868,0.3966
7710.0,9.005,0.4074
7711.0,8.98,0.4017
7712.0,8.9963,0.3998
7713.0,9.005,0.3992
7714.0,9.0195,0.4024
7715.0,9.01,0.3988
7716.0,8.9893,0.3989
7717.0,9.0177,0.4044
7718.0,8.9955,0.3986
7719.0,8.9815,0.4004
7720.0,8.9974,0.3977
7721.0,9.0216,0.4008
7722.0,9.0025,0.4017
7723.0,9.0002,0.405
7724.0,9.0246,0.3972
7725.0,8.9785,0.3957
7726.0,8.9807,0.3992
7727.0,8.9758,0.3981
7728.0,9.0056,0.4
7729.0,9.0025,0.4016
7730.0,9.0231,0.4068
7731.0,9.0037,0.3986
7732.0,8.9939,0.3934
7733.0,9.0,0.3993
7734.0,9.0018,0.4011
7735.0,8.9749,0.3971
7736.0,9.0407,0.4007
7737.0,9.0078,0.4004
7738.0,9.0032,0.4008
7739.0,9.0092,0.4024
7740.0,9.0106,0.3998
7741.0,8.9979,0.4016
7742.0,8.9905,0.3946
7743.0,9.009,0.3971
7744.0,9.0058,0.399
7745.0,8.9879,0.397
7746.0,9.0213,0.4
7747.0,9.0044,0.399
7748.0,9.0109,0.3986
7749.0,9.0209,0.4027
7750.0,9.0003,0.4003
7751.0,9.0048,0.3967
7752.0,9.0122,0.3982
7753.0,8.9891,0.4023
7754.0,9.0008,0.4006
7755.0,9.0019,0.4036
7756.0,8.9857,0.4025
7757.0,9.0348,0.3988
7758.0,8.9789,0.4043
7759.0,8.9805,0.4046
7760.0,9.0197,0.3946
7761.0,9.0107,0.4001
7762.0,8.9846,0.3984
7763.0,9.0091,0.3992
7764.0,9.022,0.3976
7765.0,8.9995,0.3972
7766.0,9.039,0.4027
7767.0,8.9741,0.3965
7768.0,9.0104,0.4003
7769.0,9.0175,0.396
7770.0,9.0134,0.4038
7771.0,8.9969,0.4001
7772.0,8.9956,0.4022
7773.0,9.0067,0.4006
7774.0,9.0122,0.3992
7775.0,9.009,0.4002
7776.0,9.0156,0.4045
7777.0,8.9847,0.3973
7778.0,8.9966,0.3924
7779.0,8.9859,0.3976
7780.0,8.9942,0.3964
7781.0,9.0152,0.4029
7782.0,9.0016,0.3995
7783.0,9.0391,0.4025
7784.0,9.0029,0.4001
7785.0,9.0009,0.4
7786.0,9.0016,0.4005
7787.0,8.9904,0.4044
7788.0,8.9991,0.4006
7789.0,9.0169,0.4033
7790.0,9.0017,0.4031
7791.0,8.9881,0.3995
7792.0,8.9861,0.3998
7793.0,8.9932,0.3989
7794.0,9.0011,0.4038
7795.0,9.0179,0.3972
7796.0,8.9799,0.3978
7797.0,8.9952,0.3992
7798.0,9.0022,0.3966
7799.0,8.9725,0.3982
7800.0,8.9875,0.4034
7801.0,8.9898,0.402
7802.0,8.9881,0.3987
7803.0,9.0029,0.4024
7804.0,8.9976,0.4062
7805.0,8.9917,0.4009
7806.0,9.0064,0.4043
7807.0,9.0258,0.4026
7808.0,9.0246,0.3991
7809.0,8.9712,0.4006
7810.0,9.0087,0.4016
7811.0,8.9973,0.3978
7812.0,9.0023,0.3922
7813.0,8.994,0.3975
7814.0,9.0018,0.3935
7815.0,9.0023,0.3977
7816.0,8.9913,0.3949
7817.0,8.9866,0.4026
7818.0,8.9933,0.3965
7819.0,9.0035,0.4016
7820.0,9.009,0.4023
7821.0,9.0128,0.4021
7822.0,8.9926,0.3944
7823.0,9.0043,0.4034
7824.0,9.0144,0.4013
7825.0,9.0175,0.4024
7826.0,8.9991,0.4055
7827.0,8.9967,0.4024
7828.0,9.0029,0.3965
7829.0,8.9828,0.402
7830.0,8.9971,0.3955
7831.0,9.0112,0.3998
7832.0,9.0096,0.3985
7833.0,8.9959,0.4
7834.0,9.0033,0.3955
7835.0,8.9876,0.3958
7836.0,9.0106,0.3987
7837.0,8.9988,0.3993
7838.0,8.9959,0.3987
7839.0,8.9946,0.4044
7840.0,8.9991,0.4013
7841.0,8.9933,0.4012
7842.0,9.0099,0.3989
7843.0,8.9941,0.3958
7844.0,9.0239,0.4
7845.0,9.022,0.4054
7846.0,8.9866,0.4007
7847.0,9.001,0.4033
7848.0,8.9902,0.4037
7849.0,8.9951,0.4017
7850.0,9.03,0.4007
7851.0,8.9954,0.397
7852.0,9.0054,0.3994
7853.0,9.0081,0.3989
7854.0,8.985,0.401
7855.0,8.9872,0.3958
7856.0,8.9819,0.3984
7857.0,8.9867,0.4012
7858.0,8.9572,0.3979
7859.0,9.0082,0.3973
7860.0,9.0308,0.3976
7861.0,9.0022,0.3992
7862.0,8.9788,0.3929
7863.0,8.9904,0.3978
7864.0,8.9931,0.4029
7865.0,8.9847,0.401
7866.0,9.0129,0.4013
7867.0,9.0122,0.3945
7868.0,8.9827,0.3988
7869.0,9.0109,0.3997
7870.0,9.0229,0.4014
7871.0,9.0285,0.4033
7872.0,9.043,0.4029
7873.0,8.9865,0.3982
7874.0,9.0424,0.3983
7875.0,8.9947,0.4042
7876.0,8.9911,0.3989
7877.0,9.0049,0.3968
7878.0,8.9913,0.3994
7879.0,9.006,0.404
7880.0,8.9802,0.3973
7881.0,8.9964,0.3987
7882.0,9.0193,0.3974
7883.0,8.9991,0.4029
7884.0,9.0021,0.4009
7885.0,9.0071,0.4028
7886.0,9.0176,0.4047
7887.0,8.9752,0.3955
7888.0,9.0088,0.3977
7889.0,8.996,0.3987
7890.0,9.0025,0.4002
7891.0,9.0159,0.4015
7892.0,8.9821,0.3985
7893.0,8.9848,0.3979
7894.0,8.971,0.4029
7895.0,8.9918,0.4016
7896.0,9.02,0.4009
7897.0,8.9982,0.3936
7898.0,8.9799,0.4036
7899.0,8.9927,0.4006
7900.0,8.9777,0.3995
7901.0,8.9831,0.3975
7902.0,9.0058,0.3981
7903.0,8.9824,0.3973
7904.0,9.0167,0.394
7905.0,8.9989,0.3975
7906.0,9.0013,0.3952
7907.0,8.9958,0.3998
7908.0,9.0116,0.3965
7909.0,9.0117,0.4022
7910.0,9.005,0.395
7911.0,9.0085,0.4036
7912.0,8.9968,0.4025
7913.0,9.0081,0.3968
7914.0,8.9949,0.3997
7915.0,9.0,0.3974
7916.0,8.9959,0.4017
7917.0,8.9931,0.4054
7918.0,8.9897,0.4035
7919.0,9.007,0.3979
7920.0,9.0197,0.4003
7921.0,9.0176,0.4046
7922.0,8.9812,0.4016
7923.0,9.0193,0.403
7924.0,8.9952,0.402
7925.0,9.009,0.4002
7926.0,8.9864,0.3998
7927.0,9.0021,0.3964
7928.0,9.0047,0.3977
7929.0,8.9777,0.3973
7930.0,9.0091,0.3989
7931.0,9.0202,0.4003
7932.0,8.9974,0.3997
7933.0,9.0204,0.4006
7934.0,8.9972,0.402
7935.0,9.0127,0.3988
7936.0,8.9667,0.4022
7937.0,9.0363,0.4034
7938.0,9.0224,0.4012
7939.0,8.9957,0.3984
7940.0,8.9704,0.4028
7941.0,9.0043,0.4014
7942.0,8.9783,0.4019
7943.0,9.0067,0.4046
7944.0,9.0062,0.4021
7945.0,8.9859,0.4047
7946.0,9.0168,0.3996
7947.0,9.0121,0.3987
7948.0,9.0146,0.4034
7949.0,9.0001,0.397
7950.0,8.9788,0.4057
7951.0,9.0147,0.4039
7952.0,8.9959,0.4003
7953.0,8.9792,0.4036
7954.0,9.0203,0.402
7955.0,9.0315,0.3961
7956.0,8.9994,0.3976
7957.0,9.0324,0.4009
7958.0,9.0014,0.4005
7959.0,8.9943,0.4039
7960.0,8.9905,0.4009
7961.0,9.0246,0.3962
7962.0,8.9883,0.3984
7963.0,9.011,0.4022
7964.0,8.9916,0.3945
7965.0,8.9931,0.3958
7966.0,9.0155,0.3989
7967.0,8.9943,0.4028
7968.0,8.9939,0.3993
7969.0,9.017,0.4014
7970.0,9.024,0.4
7971.0,9.0097,0.3996
7972.0,8.9902,0.398
7973.0,8.9923,0.4025
7974.0,9.0012,0.3962
7975.0,9.0048,0.3993
7976.0,8.9852,0.4034
7977.0,9.0108,0.3977
7978.0,9.0013,0.3953
7979.0,8.9743,0.3936
7980.0,8.9861,0.402
7981.0,8.9924,0.4022
7982.0,8.9989,0.399
7983.0,9.0283,0.3962
7984.0,9.0036,0.3996
7985.0,8.9874,0.4035
7986.0,9.0033,0.3962
7987.0,8.9947,0.4032
7988.0,9.0049,0.3949
7989.0,9.0087,0.3966
7990.0,9.0181,0.4003
7991.0,8.9996,0.4028
7992.0,9.0246,0.4044
7993.0,9.0136,0.403
7994.0,8.9894,0.4047
7995.0,9.0331,0.4005
7996.0,9.0049,0.3981
7997.0,8.9875,0.4036
7998.0,9.0248,0.4041
7999.0,9.0312,0.4028
8000.0,8.9995,0.4018
8001.0,8.9924,0.4042
8002.0,8.9974,0.401
8003.0,9.0107,0.3999
8004.0,9.0192,0.4022
8005.0,9.0086,0.4014
8006.0,9.0015,0.4027
8007.0,9.0225,0.3996
8008.0,8.9953,0.4027
8009.0,9.0155,0.4026
8010.0,8.9957,0.4006
8011.0,9.0065,0.3977
8012.0,8.9983,0.4037
8013.0,8.9992,0.3964
8014.0,8.9943,0.3971
8015.0,9.0202,0.4005
8016.0,8.989,0.3925
8017.0,8.9889,0.4046
8018.0,9.0318,0.4
8019.0,9.0147,0.4046
8020.0,8.9642,0.4054
8021.0,8.9915,0.3995
8022.0,8.9728,0.404
8023.0,8.9857,0.3968
8024.0,8.9529,0.4013
8025.0,8.9979,0.3986
8026.0,8.9829,0.4021
8027.0,9.0009,0.4026
8028.0,8.9756,0.3995
8029.0,9.0012,0.4016
8030.0,8.9938,0.4028
8031.0,9.0225,0.4006
8032.0,9.0212,0.4076
8033.0,9.0118,0.3996
8034.0,8.9951,0.405
8035.0,9.0298,0.4034
8036.0,8.9767,0.3944
8037.0,8.9789,0.4045
8038.0,8.9987,0.4032
8039.0,9.0338,0.4003
8040.0,8.997,0.4011
8041.0,8.9973,0.4015
8042.0,8.9784,0.4041
8043.0,9.0142,0.3988
8044.0,9.0143,0.4048
8045.0,9.0118,0.3967
8046.0,8.9906,0.3947
8047.0,8.9894,0.4018
8048.0,8.9806,0.4038
8049.0,9.0013,0.3995
8050.0,8.9838,0.3932
8051.0,8.9823,0.3955
8052.0,8.9936,0.4013
8053.0,8.9927,0.4
8054.0,8.9919,0.4039
8055.0,9.007,0.4002
8056.0,9.0012,0.3978
8057.0,8.9957,0.4009
8058.0,9.0027,0.403
8059.0,8.9851,0.4041
8060.0,9.0016,0.3997
8061.0,9.0023,0.4002
8062.0,8.9775,0.4023
8063.0,9.0149,0.3978
8064.0,8.9868,0.4022
8065.0,9.0014,0.3993
8066.0,9.0175,0.3998
8067.0,9.0139,0.4
8068.0,9.0005,0.4004
8069.0,8.9946,0.4057
8070.0,9.0142,0.3986
8071.0,9.0101,0.3987
8072.0,8.9907,0.4043
8073.0,8.9881,0.4013
8074.0,8.9689,0.4023
8075.0,9.0023,0.3969
8076.0,8.9988,0.4007
8077.0,9.017,0.4024
8078.0,9.0054,0.398
8079.0,9.02,0.4019
8080.0,8.9895,0.3994
8081.0,9.0171,0.3981
8082.0,8.9921,0.403
8083.0,9.0117,0.4034
8084.0,8.9781,0.4004
8085.0,9.0035,0.4014
8086.0,8.9702,0.404
8087.0,8.996,0.3988
8088.0,9.0066,0.401
8089.0,8.9922,0.3988
8090.0,8.9842,0.3969
8091.0,9.0127,0.3988
8092.0,8.9984,0.3966
8093.0,8.9927,0.4013
8094.0,9.0006,0.3977
8095.0,9.0396,0.3958
8096.0,9.0173,0.4022
8097.0,9.0174,0.402
8098.0,9.0065,0.399
8099.0,9.0025,0.4021
8100.0,8.9641,0.3976
8101.0,8.9898,0.3989
8102.0,8.9928,0.4012
8103.0,8.9719,0.4031
8104.0,8.9826,0.3989
8105.0,8.9703,0.3982
8106.0,8.9994,0.4029
8107.0,9.0123,0.4018
8108.0,9.0166,0.4004
8109.0,9.0062,0.4035
8110.0,8.9855,0.4058
8111.0,8.971,0.4011
8112.0,8.9736,0.3982
8113.0,8.981,0.4015
8114.0,8.9867,0.3975
8115.0,8.9976,0.4037
8116.0,8.9848,0.3979
8117.0,9.0051,0.3994
8118.0,8.9965,0.3975
8119.0,9.0002,0.4005
8120.0,9.0171,0.4007
8121.0,8.9823,0.4022
8122.0,9.0063,0.4004
8123.0,8.9998,0.4001
8124.0,8.995,0.3983
8125.0,9.0133,0.3991
8126.0,9.0132,0.3958
8127.0,8.9858,0.4042
8128.0,8.9973,0.3997
8129.0,9.0042,0.4049
8130.0,8.9959,0.3996
8131.0,9.0088,0.3943
8132.0,9.0042,0.3986
8133.0,9.0275,0.4
8134.0,8.977,0.4002
8135.0,8.9982,0.402
8136.0,8.9864,0.4005
8137.0,9.0091,0.399
8138.0,8.9757,0.3973
8139.0,9.0052,0.3988
8140.0,8.9905,0.4018
8141.0,8.989,0.4026
8142.0,8.9783,0.398
8143.0,8.993,0.403
8144.0,9.0163,0.4017
8145.0,8.9996,0.3973
8146.0,9.0094,0.4007
8147.0,9.025,0.4011
8148.0,9.004,0.3968
8149.0,8.9916,0.3959
8150.0,9.007,0.4014
8151.0,8.9918,0.3986
8152.0,8.9924,0.4045
8153.0,8.9772,0.4052
8154.0,9.0139,0.4014
8155.0,8.9942,0.4029
8156.0,9.0027,0.3969
8157.0,8.9845,0.396
8158.0,9.0065,0.3996
8159.0,8.9886,0.3961
8160.0,8.9979,0.4009
8161.0,9.0132,0.3976
8162.0,9.0119,0.4006
8163.0,8.9997,0.3995
8164.0,8.9735,0.4019
8165.0,9.0449,0.401
8166.0,9.0262,0.3988
8167.0,9.0108,0.3959
8168.0,8.9887,0.4005
8169.0,8.9983,0.3948
8170.0,8.9918,0.4037
8171.0,9.019,0.4016
8172.0,9.0039,0.4025
8173.0,8.9882,0.3971
8174.0,8.9929,0.4011
8175.0,9.0168,0.398
8176.0,9.024,0.4004
8177.0,9.0229,0.397
8178.0,9.0114,0.3997
8179.0,8.9962,0.3959
8180.0,8.9514,0.3995
8181.0,9.0045,0.3951
8182.0,9.0,0.4052
8183.0,9.0021,0.4005
8184.0,9.0008,0.4
8185.0,8.9801,0.402
8186.0,9.0084,0.3961
8187.0,9.0095,0.3977
8188.0,9.0102,0.4016
8189.0,9.0142,0.4005
8190.0,9.0091,0.3978
8191.0,8.9938,0.4019
8192.0,8.9989,0.4009
8193.0,9.0014,0.4015
8194.0,9.0016,0.4012
8195.0,9.015,0.398
8196.0,9.0097,0.3998
8197.0,9.0312,0.3944
8198.0,9.0331,0.3985
8199.0,9.0012,0.3993
8200.0,8.9425,0.4019
8201.0,9.0186,0.4015
8202.0,8.9919,0.3977
8203.0,8.988,0.3977
8204.0,8.994,0.4039
8205.0,8.9933,0.3991
8206.0,9.0092,0.4003
8207.0,8.9766,0.4024
8208.0,8.9838,0.3998
8209.0,9.0051,0.3995
8210.0,9.0093,0.3991
8211.0,9.0096,0.3985
8212.0,8.9882,0.4004
8213.0,8.9853,0.3945
8214.0,8.9924,0.3989
8215.0,9.0036,0.4016
8216.0,9.0223,0.4013
8217.0,8.9693,0.4042
8218.0,8.9967,0.4025
8219.0,8.98,0.4012
8220.0,8.9752,0.4001
8221.0,9.0145,0.3986
8222.0,9.0082,0.4015
8223.0,9.0067,0.401
8224.0,9.0138,0.3989
8225.0,8.9928,0.3974
8226.0,8.9935,0.3998
8227.0,9.0328,0.4035
8228.0,8.9963,0.4003
8229.0,9.011,0.4001
8230.0,9.0001,0.4013
8231.0,8.9723,0.4014
8232.0,8.9693,0.4007
8233.0,8.9913,0.3999
8234.0,9.0158,0.3985
8235.0,9.0118,0.403
8236.0,9.0137,0.3987
8237.0,8.9852,0.4047
8238.0,9.0242,0.4005
8239.0,8.9855,0.4002
8240.0,9.0032,0.4023
8241.0,8.9998,0.398
8242.0,8.9974,0.4017
8243.0,9.0201,0.4003
8244.0,8.9894,0.4012
8245.0,8.9798,0.3979
8246.0,9.0003,0.3979
8247.0,8.994,0.3945
8248.0,9.0507,0.3986
8249.0,9.0101,0.3985
8250.0,8.9939,0.398
8251.0,8.9842,0.3997
8252.0,8.9718,0.4002
8253.0,8.9846,0.4015
8254.0,9.0017,0.4017
8255.0,9.0214,0.402
8256.0,9.0168,0.4021
8257.0,9.0034,0.4008
8258.0,8.9952,0.4002
8259.0,9.004,0.4028
8260.0,8.9922,0.4021
8261.0,9.0258,0.3956
8262.0,8.9972,0.3995
8263.0,8.9987,0.3946
8264.0,8.9668,0.3945
8265.0,8.9971,0.3985
8266.0,9.0125,0.3996
8267.0,8.984,0.3987
8268.0,8.9887,0.3947
8269.0,9.0119,0.4023
8270.0,8.9779,0.3979
8271.0,9.0159,0.4015
8272.0,8.992,0.398
8273.0,8.9942,0.3985
8274.0,8.9831,0.4013
8275.0,9.0057,0.399
8276.0,9.0369,0.4005
8277.0,9.0117,0.4008
8278.0,8.987,0.3957
8279.0,9.017,0.4014
8280.0,8.9952,0.3972
8281.0,9.0206,0.3967
8282.0,9.0121,0.3978
8283.0,8.9559,0.4024
8284.0,8.9849,0.3952
8285.0,9.0142,0.402
8286.0,9.0023,0.401
8287.0,8.9846,0.4002
8288.0,8.9905,0.4007
8289.0,8.9714,0.3991
8290.0,8.9987,0.402
8291.0,9.0332,0.3987
8292.0,9.0121,0.3951
8293.0,9.0329,0.3998
8294.0,9.0132,0.4024
8295.0,9.0154,0.4015
8296.0,9.0296,0.4054
8297.0,9.0057,0.3992
8298.0,8.9972,0.3995
8299.0,9.0155,0.3993
8300.0,9.0218,0.3977
8301.0,8.9928,0.3986
8302.0,8.9892,0.3969
8303.0,9.0021,0.3931
8304.0,9.0125,0.3983
8305.0,9.012,0.4001
8306.0,8.9786,0.4019
8307.0,9.0287,0.3983
8308.0,8.9904,0.3983
8309.0,8.996,0.4031
8310.0,8.9865,0.396
8311.0,9.0405,0.3995
8312.0,9.0036,0.4029
8313.0,8.9872,0.3979
8314.0,9.013,0.3954
8315.0,9.0115,0.4051
8316.0,8.9972,0.4024
8317.0,9.0126,0.4025
8318.0,8.9876,0.3997
8319.0,8.9926,0.4019
8320.0,8.9698,0.3925
8321.0,8.9801,0.3987
8322.0,9.0271,0.4028
8323.0,9.0246,0.3958
8324.0,9.001,0.399
8325.0,9.0249,0.401
8326.0,8.9976,0.3976
8327.0,8.9963,0.4
8328.0,9.0008,0.4012
8329.0,8.9981,0.4009
8330.0,8.9968,0.3988
8331.0,9.0172,0.3975
8332.0,9.0023,0.4012
8333.0,9.0107,0.401
8334.0,9.0155,0.4009
8335.0,9.0058,0.4003
8336.0,8.9854,0.401
8337.0,8.9797,0.4026
8338.0,9.0022,0.4009
8339.0,8.9974,0.4003
8340.0,9.0013,0.3984
8341.0,8.9998,0.4042
8342.0,9.0388,0.3966
8343.0,8.98,0.3994
8344.0,8.9702,0.3985
8345.0,9.005,0.3945
8346.0,8.9944,0.4011
8347.0,9.0047,0.3994
8348.0,9.0088,0.4001
8349.0,9.0193,0.3995
8350.0,8.9774,0.4023
8351.0,8.9916,0.4026
8352.0,9.0064,0.3967
8353.0,9.0116,0.4053
8354.0,9.0329,0.3993
8355.0,9.0143,0.4018
8356.0,8.9991,0.4005
8357.0,8.9866,0.4003
8358.0,8.9915,0.4017
8359.0,8.9911,0.404
8360.0,9.0098,0.4023
8361.0,9.0039,0.3993
8362.0,8.9801,0.3997
8363.0,8.9935,0.3983
8364.0,9.0132,0.4021
8365.0,9.0053,0.4018
8366.0,9.0085,0.399
8367.0,9.0057,0.404
8368.0,9.0244,0.4032
8369.0,9.0035,0.4055
8370.0,8.9942,0.3976
8371.0,8.9863,0.3997
8372.0,9.0037,0.3994
8373.0,8.9634,0.4078
8374.0,8.9972,0.4
8375.0,8.9969,0.4038
8376.0,8.9795,0.4031
8377.0,8.9861,0.3997
8378.0,9.0121,0.4002
8379.0,9.0035,0.4016
8380.0,9.0015,0.4038
8381.0,9.0046,0.3995
8382.0,9.0014,0.3985
8383.0,9.0186,0.4028
8384.0,9.0019,0.3966
8385.0,8.9781,0.4008
8386.0,9.0245,0.4032
8387.0,9.0056,0.4013
8388.0,8.9912,0.3983
8389.0,8.9812,0.397
8390.0,9.0059,0.4036
8391.0,8.9982,0.3995
8392.0,9.0236,0.3973
8393.0,8.9948,0.4034
8394.0,8.9874,0.4024
8395.0,9.0134,0.3968
8396.0,9.0139,0.4075
8397.0,9.0025,0.3984
8398.0,9.0101,0.4024
8399.0,8.9994,0.406
8400.0,9.0035,0.4027
8401.0,9.0175,0.4008
8402.0,9.0094,0.3957
8403.0,8.9975,0.4061
8404.0,9.0203,0.4026
8405.0,8.9645,0.3958
8406.0,9.0308,0.4046
8407.0,8.9744,0.4002
8408.0,8.9906,0.3992
8409.0,8.9994,0.3983
8410.0,8.9978,0.4005
8411.0,9.0151,0.4024
8412.0,8.9841,0.3985
8413.0,9.0039,0.4004
8414.0,8.9913,0.4101
8415.0,9.0044,0.4014
8416.0,8.999,0.4029
8417.0,9.0014,0.3971
8418.0,8.9918,0.3959
8419.0,8.9923,0.4044
8420.0,9.0043,0.4035
8421.0,9.0142,0.4051
8422.0,8.991,0.3998
8423.0,8.987,0.4038
8424.0,9.0092,0.3923
8425.0,8.9995,0.4016
8426.0,9.0125,0.4031
8427.0,8.9864,0.3979
8428.0,8.9733,0.4032
8429.0,8.992,0.3995
8430.0,8.9885,0.3998
8431.0,8.9988,0.3992
8432.0,8.9904,0.4047
8433.0,9.0111,0.3986
8434.0,8.9957,0.3983
8435.0,9.0023,0.3974
8436.0,9.0024,0.3989
8437.0,9.0029,0.4006
8438.0,8.9996,0.4019
8439.0,9.0077,0.3977
8440.0,8.9881,0.4011
8441.0,9.021,0.4018
8442.0,8.9965,0.3972
8443.0,8.9803,0.4002
8444.0,9.0028,0.3997
8445.0,8.9872,0.4002
8446.0,9.01,0.3984
8447.0,9.0331,0.3996
8448.0,8.9882,0.4001
8449.0,9.005,0.4056
8450.0,8.9737,0.4001
8451.0,9.0068,0.404
8452.0,8.9867,0.4042
8453.0,8.9906,0.396
8454.0,8.9835,0.3991
8455.0,9.011,0.4042
8456.0,9.0151,0.4005
8457.0,9.0004,0.3997
8458.0,8.987,0.4023
8459.0,9.0238,0.4032
8460.0,8.9887,0.3999
8461.0,8.9676,0.3992
8462.0,9.0069,0.3929
8463.0,8.9834,0.4001
8464.0,9.0148,0.3989
8465.0,8.9943,0.397
8466.0,9.0091,0.3994
8467.0,9.021,0.3987
8468.0,8.9819,0.4005
8469.0,8.9915,0.3992
8470.0,8.9989,0.4013
8471.0,9.0231,0.4005
8472.0,8.9901,0.4038
8473.0,8.9911,0.3984
8474.0,9.0072,0.4053
8475.0,8.9913,0.4032
8476.0,9.0023,0.4045
8477.0,8.9767,0.4008
8478.0,9.0332,0.3992
8479.0,8.9798,0.3984
8480.0,8.9952,0.4053
8481.0,8.9995,0.4033
8482.0,9.0287,0.397
8483.0,8.9801,0.4029
8484.0,9.0298,0.3975
8485.0,9.0114,0.401
8486.0,9.0063,0.4025
8487.0,8.9852,0.4044
8488.0,9.0086,0.4007
8489.0,8.9891,0.3996
8490.0,9.019,0.4001
8491.0,8.9854,0.4032
8492.0,8.9983,0.4024
8493.0,8.9917,0.4
8494.0,8.9852,0.3944
8495.0,9.0111,0.3927
8496.0,9.008,0.4007
8497.0,9.0181,0.3965
8498.0,8.9733,0.3984
8499.0,9.016,0.3993
8500.0,8.0689,0.4762
8501.0,8.0245,0.4704
8502.0,8.0597,0.4722
8503.0,8.0273,0.4715
8504.0,8.0107,0.4627
8505.0,8.0267,0.4688
8506.0,8.047,0.4664
8507.0,8.0187,0.4752
8508.0,8.0223,0.4646
8509.0,8.0402,0.4687
8510.0,8.0313,0.4692
8511.0,8.0401,0.4671
8512.0,8.0349,0.4703
8513.0,8.0385,0.4699
8514.0,8.0248,0.4705
8515.0,8.0348,0.4715
8516.0,8.0174,0.4707
8517.0,8.0506,0.4712
8518.0,8.0218,0.4733
8519.0,8.0482,0.4651
8520.0,8.0278,0.4721
8521.0,8.0343,0.4669
8522.0,8.0239,0.4681
8523.0,8.0161,0.4704
8524.0,8.0051,0.4712
8525.0,8.0155,0.4716
8526.0,8.0264,0.4672
8527.0,8.0345,0.4749
8528.0,8.0465,0.4688
8529.0,8.0246,0.4679
8530.0,8.0181,0.4662
8531.0,8.0097,0.4659
8532.0,8.0385,0.4658
8533.0,8.052,0.471
8534.0,8.0503,0.4718
8535.0,8.0419,0.4674
8536.0,8.0409,0.4666
8537.0,8.0568,0.4694
8538.0,8.0363,0.4703
8539.0,8.041,0.4708
8540.0,8.0265,0.4671
8541.0,8.0109,0.4695
8542.0,8.021,0.4747
8543.0,8.0312,0.4664
8544.0,8.0322,0.4699
8545.0,8.0602,0.4715
8546.0,8.0325,0.4671
8547.0,8.049,0.4718
8548.0,8.0248,0.466
8549.0,8.0266,0.4719
8550.0,8.0114,0.4701
8551.0,8.0202,0.4658
8552.0,8.0392,0.4721
8553.0,8.0314,0.4673
8554.0,8.0454,0.4696
8555.0,8.034,0.4719
8556.0,8.026,0.4671
8557.0,8.0635,0.4684
8558.0,8.0299,0.4734
8559.0,8.0487,0.4638
8560.0,8.994,0.4043
8561.0,9.0106,0.3956
8562.0,9.0139,0.3979
8563.0,9.0031,0.4008
8564.0,8.9647,0.4018
8565.0,9.0003,0.4009
8566.0,9.0185,0.4001
8567.0,9.0079,0.3987
8568.0,9.0067,0.4047
8569.0,8.9742,0.4023
8570.0,8.9892,0.4035
8571.0,9.0062,0.3987
8572.0,9.0062,0.393
8573.0,9.0182,0.4031
8574.0,8.9978,0.4011
8575.0,9.0061,0.4005
8576.0,9.0002,0.3983
8577.0,8.9852,0.399
8578.0,8.9662,0.3982
8579.0,9.0065,0.4001
8580.0,9.0026,0.3966
8581.0,8.9907,0.4023
8582.0,8.9757,0.4061
8583.0,9.0094,0.3982
8584.0,8.996,0.3952
8585.0,9.0084,0.3997
8586.0,9.028,0.4009
8587.0,8.9679,0.4014
8588.0,8.9895,0.4048
8589.0,8.9969,0.4024
8590.0,9.0218,0.3946
8591.0,8.9755,0.3963
8592.0,9.029,0.4012
8593.0,9.002,0.3986
8594.0,8.9986,0.4045
8595.0,8.997,0.3972
8596.0,8.9935,0.4029
8597.0,9.0157,0.3981
8598.0,8.984,0.4008
8599.0,9.0052,0.3975
8600.0,8.9942,0.4017
8601.0,8.9886,0.4032
8602.0,9.0388,0.4008
8603.0,9.0063,0.4057
8604.0,9.0092,0.3978
8605.0,9.0171,0.4003
8606.0,8.9787,0.4025
8607.0,9.0263,0.3972
8608.0,8.9624,0.4002
8609.0,8.9885,0.402
8610.0,8.9931,0.4028
8611.0,9.0087,0.4034
8612.0,9.0033,0.3974
8613.0,8.9975,0.4009
8614.0,8.9998,0.3961
8615.0,8.9853,0.3978
8616.0,8.9775,0.3995
8617.0,9.0109,0.4034
8618.0,9.0104,0.4016
8619.0,9.0238,0.4001
8620.0,8.9881,0.4013
8621.0,9.0104,0.4016
8622.0,8.9957,0.4011
8623.0,9.0179,0.3983
8624.0,9.0153,0.3971
8625.0,9.0032,0.3993
8626.0,8.9949,0.3976
8627.0,9.0144,0.4019
8628.0,9.0097,0.4046
8629.0,8.9897,0.4017
8630.0,8.9801,0.3946
8631.0,8.9957,0.3981
8632.0,9.0227,0.4001
8633.0,9.0172,0.3957
8634.0,8.9833,0.4001
8635.0,8.9825,0.4014
8636.0,9.0191,0.4042
8637.0,8.983,0.4055
8638.0,9.0076,0.3964
8639.0,8.9908,0.3997
8640.0,9.0243,0.3997
8641.0,8.9884,0.3979
8642.0,9.0172,0.4003
8643.0,9.0028,0.3998
8644.0,9.0038,0.4018
8645.0,8.9704,0.4041
8646.0,8.967,0.4004
8647.0,8.9967,0.3985
8648.0,9.0037,0.3969
8649.0,8.9831,0.4061
8650.0,8.9837,0.4027
8651.0,9.0084,0.4012
8652.0,9.0084,0.3995
8653.0,8.9979,0.4048
8654.0,9.0117,0.3995
8655.0,8.9824,0.3949
8656.0,8.9947,0.4008
8657.0,9.0247,0.3963
8658.0,9.001,0.4008
8659.0,9.0019,0.404
8660.0,9.0346,0.395
8661.0,8.979,0.3973
8662.0,9.0119,0.4026
8663.0,9.025,0.3985
8664.0,8.9951,0.4012
8665.0,9.0129,0.4013
8666.0,8.9853,0.4027
8667.0,8.9897,0.3981
8668.0,9.0058,0.3923
8669.0,9.012,0.4012
8670.0,9.0168,0.3953
8671.0,9.0235,0.4028
8672.0,8.999,0.3999
8673.0,9.0179,0.3991
8674.0,8.9949,0.4021
8675.0,9.0135,0.3948
8676.0,9.0031,0.3994
8677.0,9.0067,0.4013
8678.0,9.0064,0.4008
8679.0,8.9759,0.3985
8680.0,8.9831,0.3986
8681.0,9.0015,0.4046
8682.0,8.9747,0.4027
8683.0,9.0125,0.398
8684.0,9.0131,0.404
8685.0,9.0049,0.4023
8686.0,8.9832,0.4015
8687.0,9.0207,0.4016
8688.0,9.0306,0.3966
8689.0,9.0022,0.4045
8690.0,9.0077,0.4029
8691.0,9.003,0.4007
8692.0,9.008,0.4007
8693.0,8.9982,0.3997
8694.0,8.9995,0.3983
8695.0,9.0136,0.4016
8696.0,9.0352,0.3976
8697.0,8.979,0.4005
8698.0,8.9984,0.4003
8699.0,8.9823,0.4012
8700.0,9.0239,0.4028
8701.0,8.9912,0.4012
8702.0,8.9784,0.4021
8703.0,9.0096,0.3942
8704.0,9.0262,0.4014
8705.0,9.01,0.4002
8706.0,9.0031,0.4011
8707.0,9.0061,0.3984
8708.0,9.0212,0.4035
8709.0,8.9869,0.4008
8710.0,8.9983,0.3978
8711.0,8.9932,0.3983
8712.0,8.9825,0.4027
8713.0,8.9951,0.3997
8714.0,9.0166,0.4
8715.0,9.0085,0.3994
8716.0,9.0097,0.403
8717.0,9.0022,0.4014
8718.0,9.0078,0.3964
8719.0,8.988,0.3971
8720.0,8.9954,0.4
8721.0,9.0029,0.3981
8722.0,9.0042,0.3935
8723.0,9.0048,0.3978
8724.0,8.9979,0.3992
8725.0,8.9943,0.3988
8726.0,9.0474,0.4022
8727.0,9.0136,0.3933
8728.0,9.0062,0.3977
8729.0,8.9965,0.4024
8730.0,8.9932,0.398
8731.0,8.998,0.3964
8732.0,9.0044,0.398
8733.0,8.9718,0.4013
8734.0,8.9765,0.3992
8735.0,8.9904,0.3978
8736.0,9.0031,0.4014
8737.0,8.9964,0.4011
8738.0,9.0222,0.3962
8739.0,8.9778,0.4003
8740.0,8.9887,0.3961
8741.0,9.0228,0.4035
8742.0,9.002,0.4037
8743.0,9.0133,0.3991
8744.0,9.0308,0.4032
8745.0,8.9896,0.3977
8746.0,8.9985,0.3996
8747.0,8.9959,0.3982
8748.0,8.9707,0.3999
8749.0,8.9953,0.4002
8750.0,9.0132,0.4
8751.0,9.0081,0.3997
8752.0,9.0093,0.4004
8753.0,8.9944,0.4038
8754.0,8.9902,0.394
8755.0,9.019,0.4058
8756.0,8.9925,0.3989
8757.0,9.0044,0.3998
8758.0,9.0025,0.404
8759.0,9.0219,0.4018
8760.0,9.0146,0.4016
8761.0,8.9806,0.4037
8762.0,8.9822,0.3995
8763.0,9.0087,0.4028
8764.0,8.999,0.3962
8765.0,8.9932,0.4013
8766.0,9.0152,0.4017
8767.0,9.0028,0.4034
8768.0,9.0008,0.4021
8769.0,9.0117,0.4006
8770.0,8.9944,0.399
8771.0,9.0235,0.399
8772.0,8.9882,0.399
8773.0,9.0099,0.3961
8774.0,9.0215,0.4052
8775.0,8.9793,0.403
8776.0,8.9948,0.4008
8777.0,9.0171,0.4024
8778.0,9.0174,0.4023
8779.0,8.9974,0.397
8780.0,8.989,0.4019
8781.0,9.0143,0.4038
8782.0,9.0178,0.398
8783.0,8.9825,0.3954
8784.0,8.9819,0.3965
8785.0,9.0034,0.3997
8786.0,9.0094,0.3963
8787.0,8.9955,0.3995
8788.0,9.0102,0.398
8789.0,8.9893,0.4
8790.0,8.9683,0.3985
8791.0,8.9936,0.3999
8792.0,9.0009,0.4018
8793.0,8.9959,0.3971
8794.0,8.9826,0.4008
8795.0,8.9728,0.3974
8796.0,8.9923,0.4
8797.0,9.0135,0.3998
8798.0,9.0188,0.4011
8799.0,9.0178,0.4006
8800.0,8.9878,0.4037
8801.0,8.9827,0.3999
8802.0,9.0074,0.3981
8803.0,9.0095,0.4028
8804.0,9.006,0.401
8805.0,8.9698,0.4027
8806.0,8.987,0.3996
8807.0,8.9996,0.3961
8808.0,9.0073,0.4067
8809.0,9.0115,0.3982
8810.0,9.0022,0.3965
8811.0,9.005,0.4022
8812.0,9.0013,0.3972
8813.0,9.0103,0.3988
8814.0,9.0047,0.4004
8815.0,9.001,0.3996
8816.0,8.996,0.3989
8817.0,9.0012,0.4048
8818.0,9.0073,0.3997
8819.0,9.004,0.3973
8820.0,9.0057,0.4029
8821.0,9.0201,0.3978
8822.0,9.004,0.3997
8823.0,8.9903,0.3973
8824.0,9.0133,0.4006
8825.0,8.9795,0.4001
8826.0,8.9838,0.3999
8827.0,9.005,0.4005
8828.0,9.0077,0.4025
8829.0,8.9813,0.4021
8830.0,8.9943,0.3969
8831.0,8.9909,0.398
8832.0,8.9927,0.4028
8833.0,9.0142,0.3977
8834.0,9.0106,0.4015
8835.0,8.9997,0.4025
8836.0,8.9918,0.3951
8837.0,8.9798,0.3988
8838.0,9.0213,0.4024
8839.0,9.0089,0.3996
8840.0,8.9894,0.3988
8841.0,9.0108,0.4025
8842.0,8.9989,0.4033
8843.0,8.9957,0.398
8844.0,9.0065,0.4053
8845.0,8.9889,0.3946
8846.0,8.9948,0.3955
8847.0,9.0018,0.3986
8848.0,8.9925,0.399
8849.0,9.01,0.3991
8850.0,9.028,0.3984
8851.0,8.9887,0.3978
8852.0,8.975,0.3993
8853.0,8.97,0.3982
8854.0,8.9977,0.402
8855.0,8.9901,0.4001
8856.0,9.0031,0.3993
8857.0,9.002,0.3998
8858.0,8.976,0.4033
8859.0,8.9728,0.3985
8860.0,9.0044,0.3962
8861.0,9.002,0.3971
8862.0,8.9936,0.3993
8863.0,8.9751,0.4014
8864.0,9.0071,0.4026
8865.0,9.0191,0.4049
8866.0,9.0042,0.4022
8867.0,8.9873,0.3974
8868.0,9.0007,0.3994
8869.0,8.9795,0.3935
8870.0,9.0159,0.3991
8871.0,9.0012,0.3982
8872.0,8.9735,0.3931
8873.0,8.9955,0.4063
8874.0,9.0069,0.3989
8875.0,8.995,0.3937
8876.0,8.9959,0.3992
8877.0,8.9816,0.405
8878.0,9.0085,0.4057
8879.0,8.9903,0.4002
8880.0,8.9677,0.4003
8881.0,8.9944,0.4037
8882.0,9.0147,0.3995
8883.0,8.9942,0.4014
8884.0,9.0261,0.4025
8885.0,9.0064,0.3968
8886.0,9.0051,0.4046
8887.0,8.9981,0.3974
8888.0,8.999,0.3981
8889.0,8.996,0.4003
8890.0,8.9955,0.4028
8891.0,9.008,0.402
8892.0,8.986,0.3999
8893.0,8.9839,0.4009
8894.0,8.9832,0.4032
8895.0,9.0307,0.4
8896.0,9.008,0.3976
8897.0,9.0046,0.3982
8898.0,8.9841,0.4027
8899.0,9.0094,0.3976
8900.0,8.9983,0.3953
8901.0,9.0032,0.3991
8902.0,8.9854,0.3998
8903.0,9.0024,0.4026
8904.0,8.9936,0.3956
8905.0,8.9885,0.401
8906.0,9.011,0.4035
8907.0,8.9769,0.3975
8908.0,9.0085,0.4002
8909.0,9.0103,0.3935
8910.0,8.9868,0.4026
8911.0,8.9877,0.4024
8912.0,8.9967,0.3999
8913.0,9.0042,0.396
8914.0,8.9977,0.402
8915.0,9.0065,0.3993
8916.0,9.0264,0.3917
8917.0,8.9924,0.4023
8918.0,8.9743,0.4035
8919.0,9.0124,0.404
8920.0,9.0252,0.3962
8921.0,9.0059,0.3942
8922.0,8.9837,0.3988
8923.0,8.9981,0.4016
8924.0,8.9832,0.3972
8925.0,9.0096,0.3952
8926.0,8.9797,0.4022
8927.0,8.9955,0.399
8928.0,8.9849,0.4019
8929.0,9.0019,0.4
8930.0,8.9945,0.3995
8931.0,9.0027,0.3998
8932.0,9.0003,0.3989
8933.0,8.9852,0.3986
8934.0,9.0094,0.3967
8935.0,8.9993,0.4015
8936.0,8.9852,0.4037
8937.0,9.0336,0.3985
8938.0,9.0071,0.4056
8939.0,8.9977,0.4011
8940.0,9.0212,0.4008
8941.0,9.0276,0.402
8942.0,8.9978,0.4029
8943.0,9.0052,0.3986
8944.0,8.9852,0.4017
8945.0,8.9978,0.4031
8946.0,8.997,0.3989
8947.0,9.0028,0.4
8948.0,9.005,0.3977
8949.0,9.0084,0.3985
8950.0,9.0036,0.399
8951.0,8.9818,0.3973
8952.0,8.9859,0.3998
8953.0,8.9918,0.401
8954.0,8.9958,0.4013
8955.0,9.0158,0.3976
8956.0,8.9826,0.3982
8957.0,8.9946,0.4026
8958.0,9.0143,0.3982
8959.0,8.9955,0.4025
8960.0,9.0069,0.3978
8961.0,8.9979,0.4011
8962.0,9.0039,0.4023
8963.0,8.9966,0.3921
8964.0,9.01,0.4026
8965.0,8.9768,0.4039
8966.0,8.9946,0.3991
8967.0,9.0044,0.401
8968.0,9.008,0.3975
8969.0,9.0224,0.4011
8970.0,8.9941,0.4074
8971.0,9.0222,0.3934
8972.0,8.9901,0.3985
8973.0,9.0199,0.4024
8974.0,9.0123,0.4038
8975.0,8.9863,0.3959
8976.0,9.0046,0.3981
8977.0,8.9992,0.3983
8978.0,9.0094,0.398
8979.0,8.9967,0.3997
8980.0,8.9954,0.3957
8981.0,9.0205,0.3992
8982.0,8.9985,0.3972
8983.0,9.0124,0.3998
8984.0,8.9966,0.3979
8985.0,9.025,0.3995
8986.0,8.9898,0.3969
8987.0,8.9908,0.4029
8988.0,9.0229,0.399
8989.0,8.9933,0.4
8990.0,9.024,0.3996
8991.0,9.0134,0.4
8992.0,8.9977,0.4
8993.0,8.9728,0.4024
8994.0,8.9997,0.3991
8995.0,9.0015,0.3978
8996.0,9.0175,0.4001
8997.0,9.0238,0.3982
8998.0,8.9897,0.3998
8999.0,9.012,0.3968
9000.0,9.0115,0.4031
9001.0,9.0161,0.3977
9002.0,9.0075,0.4036
9003.0,8.9709,0.3998
9004.0,8.9977,0.4026
9005.0,8.9827,0.3977
9006.0,8.997,0.3941
9007.0,9.0147,0.3951
9008.0,9.0046,0.4075
9009.0,9.0172,0.3982
9010.0,9.0051,0.4033
9011.0,8.9805,0.3961
9012.0,8.9622,0.4005
9013.0,9.0022,0.401
9014.0,8.9968,0.4085
9015.0,8.9853,0.399
9016.0,8.9745,0.3979
9017.0,8.989,0.4011
9018.0,8.9971,0.3972
9019.0,9.01,0.4012
9020.0,9.0028,0.3998
9021.0,9.0241,0.3977
9022.0,8.9845,0.4015
9023.0,9.0132,0.4003
9024.0,9.0007,0.4023
9025.0,9.0104,0.405
9026.0,8.9935,0.3985
9027.0,9.0161,0.3988
9028.0,9.0044,0.396
9029.0,8.9898,0.4016
9030.0,8.9998,0.3981
9031.0,8.9964,0.401
9032.0,9.0073,0.4035
9033.0,8.9823,0.3979
9034.0,8.9996,0.3986
9035.0,9.0059,0.403
9036.0,9.0005,0.4021
9037.0,9.0202,0.4018
9038.0,9.0116,0.3988
9039.0,8.9999,0.3957
9040.0,9.0033,0.3979
9041.0,9.0044,0.397
9042.0,9.006,0.4017
9043.0,8.9726,0.4009
9044.0,8.9955,0.3982
9045.0,8.9777,0.3987
9046.0,9.0192,0.4014
9047.0,8.9991,0.399
9048.0,8.9971,0.3983
9049.0,9.0135,0.4059
9050.0,9.0063,0.3984
9051.0,8.9831,0.402
9052.0,8.9989,0.4012
9053.0,8.995,0.3954
9054.0,8.9738,0.398
9055.0,8.9896,0.4025
9056.0,8.9972,0.3996
9057.0,8.9983,0.3956
9058.0,8.9778,0.4012
9059.0,9.0173,0.3983
9060.0,8.9985,0.4013
9061.0,9.0006,0.4081
9062.0,9.006,0.4011
9063.0,8.9882,0.4018
9064.0,9.0068,0.3992
9065.0,8.9945,0.3966
9066.0,8.9866,0.4031
9067.0,9.0086,0.3982
9068.0,9.0224,0.3993
9069.0,9.0109,0.4054
9070.0,9.0138,0.399
9071.0,8.9922,0.4036
9072.0,8.976,0.4012
9073.0,9.0224,0.3983
9074.0,9.0308,0.401
9075.0,9.0231,0.3979
9076.0,8.995,0.4027
9077.0,8.9827,0.4037
9078.0,8.984,0.4001
9079.0,8.9747,0.404
9080.0,8.9984,0.4005
9081.0,9.0241,0.4027
9082.0,8.9979,0.4089
9083.0,9.0045,0.4074
9084.0,9.0206,0.3995
9085.0,8.9939,0.4009
9086.0,9.0305,0.3968
9087.0,9.0299,0.4024
9088.0,8.998,0.4012
9089.0,8.9913,0.3977
9090.0,9.0105,0.4036
9091.0,8.9948,0.3992
9092.0,8.9827,0.3984
9093.0,9.0192,0.4012
9094.0,9.0182,0.3986
9095.0,9.0023,0.3999
9096.0,8.9811,0.4052
9097.0,8.9816,0.3982
9098.0,9.0016,0.402
9099.0,8.9925,0.3982
9100.0,8.9949,0.3971
9101.0,9.0153,0.3998
9102.0,9.011,0.4081
9103.0,9.0207,0.4023
9104.0,8.9851,0.4014
9105.0,8.9949,0.3984
9106.0,9.0114,0.3988
9107.0,9.0067,0.3955
9108.0,9.023,0.4054
9109.0,9.0063,0.4008
9110.0,9.0277,0.4005
9111.0,9.0081,0.4006
9112.0,9.0159,0.4063
9113.0,8.9951,0.4009
9114.0,9.0002,0.3994
9115.0,9.0137,0.4054
9116.0,9.0242,0.3996
9117.0,9.0109,0.3949
9118.0,8.9988,0.3954
9119.0,9.0207,0.3994
9120.0,8.9671,0.4009
9121.0,8.9787,0.4025
9122.0,9.0102,0.3972
9123.0,9.0002,0.3993
9124.0,9.0091,0.3976
9125.0,9.001,0.4033
9126.0,9.0086,0.4038
9127.0,8.9878,0.4059
9128.0,9.0086,0.4011
9129.0,9.0149,0.4056
9130.0,9.0183,0.3979
9131.0,9.0302,0.4006
9132.0,9.0037,0.3968
9133.0,9.0041,0.4017
9134.0,8.9772,0.4009
9135.0,8.992,0.3926
9136.0,8.9971,0.4033
9137.0,9.0158,0.4026
9138.0,8.9908,0.3983
9139.0,9.0119,0.4008
9140.0,9.0,0.3955
9141.0,8.9973,0.3977
9142.0,9.0037,0.405
9143.0,8.9941,0.3965
9144.0,8.9936,0.4
9145.0,8.9744,0.3958
9146.0,8.9963,0.401
9147.0,8.9928,0.4017
9148.0,8.9923,0.4022
9149.0,9.0063,0.4014
9150.0,9.0099,0.4043
9151.0,9.0035,0.3983
9152.0,9.0149,0.3968
9153.0,9.0086,0.3982
9154.0,8.9956,0.396
9155.0,8.9931,0.4002
9156.0,9.0047,0.3996
9157.0,9.0086,0.4014
9158.0,9.021,0.3952
9159.0,9.0179,0.4
9160.0,8.9919,0.4036
9161.0,8.9985,0.4017
9162.0,9.0101,0.3943
9163.0,9.016,0.4
9164.0,9.0141,0.3978
9165.0,8.999,0.4
9166.0,8.9812,0.3989
9167.0,8.985,0.4052
9168.0,9.0041,0.4003
9169.0,9.0051,0.401
9170.0,8.9835,0.3999
9171.0,9.0007,0.4014
9172.0,9.0095,0.3993
9173.0,8.9827,0.4023
9174.0,9.0166,0.3988
9175.0,8.9943,0.4041
9176.0,9.0189,0.4015
9177.0,8.992,0.3995
9178.0,8.9846,0.4025
9179.0,8.9931,0.4015
9180.0,8.9986,0.4025
9181.0,8.9942,0.4003
9182.0,8.9968,0.3993
9183.0,9.005,0.4004
9184.0,8.9974,0.3985
9185.0,8.999,0.4029
9186.0,8.9744,0.4044
9187.0,9.0059,0.4017
9188.0,8.9987,0.4043
9189.0,9.0242,0.4034
9190.0,8.9859,0.3992
9191.0,8.9729,0.4025
9192.0,9.0093,0.3962
9193.0,9.0052,0.4006
9194.0,8.9849,0.3965
9195.0,8.9771,0.3997
9196.0,9.0231,0.3957
9197.0,9.0212,0.4033
9198.0,8.9627,0.3988
9199.0,8.9931,0.4027
9200.0,9.025,0.3998
9201.0,8.9929,0.3945
9202.0,8.9926,0.3985
9203.0,8.9958,0.3984
9204.0,8.9832,0.4
9205.0,8.9744,0.4045
9206.0,9.0158,0.405
9207.0,8.9724,0.3993
9208.0,9.0037,0.3962
9209.0,9.0133,0.3978
9210.0,8.9782,0.4014
9211.0,8.9861,0.3997
9212.0,9.0182,0.3953
9213.0,9.008,0.3985
9214.0,8.9907,0.4039
9215.0,9.018,0.4009
9216.0,9.0181,0.4001
9217.0,9.004,0.3988
9218.0,8.9865,0.3986
9219.0,8.9938,0.4016
9220.0,9.0043,0.4004
9221.0,8.9972,0.4023
9222.0,9.0141,0.4016
9223.0,8.9771,0.4001
9224.0,8.9776,0.4012
9225.0,9.0027,0.3982
9226.0,8.9926,0.3999
9227.0,8.9906,0.404
9228.0,8.9735,0.4
9229.0,9.0003,0.3993
9230.0,8.9992,0.4006
9231.0,9.0098,0.3965
9232.0,9.001,0.4007
9233.0,8.998,0.4051
9234.0,9.0177,0.3976
9235.0,8.9803,0.4008
9236.0,9.008,0.3999
9237.0,8.9749,0.3999
9238.0,8.9874,0.3998
9239.0,8.9818,0.4021
9240.0,9.0117,0.3967
9241.0,8.999,0.4021
9242.0,8.9998,0.4002
9243.0,8.9834,0.3947
9244.0,8.9955,0.4011
9245.0,8.9885,0.4003
9246.0,9.0058,0.3974
9247.0,8.9851,0.4005
9248.0,9.0199,0.3961
9249.0,8.9749,0.3979
9250.0,8.9879,0.4001
9251.0,9.0252,0.3949
9252.0,8.9935,0.3965
9253.0,8.9803,0.397
9254.0,9.0033,0.4002
9255.0,8.9929,0.4013
9256.0,8.9875,0.3973
9257.0,8.9836,0.3972
9258.0,9.0415,0.4004
9259.0,8.9962,0.4003
9260.0,8.9711,0.3979
9261.0,9.0224,0.4055
9262.0,9.0092,0.4006
9263.0,8.9885,0.3995
9264.0,8.986,0.3988
9265.0,9.0101,0.403
9266.0,8.9963,0.4016
9267.0,8.9711,0.3948
9268.0,9.0268,0.3979
9269.0,8.9935,0.3987
9270.0,9.0224,0.4
9271.0,9.0192,0.4019
9272.0,8.985,0.3968
9273.0,9.0155,0.3998
9274.0,8.9902,0.4051
9275.0,8.972,0.4001
9276.0,8.9936,0.3979
9277.0,9.006,0.396
9278.0,8.9931,0.3985
9279.0,8.9954,0.3968
9280.0,9.0172,0.3988
9281.0,9.0016,0.4016
9282.0,8.9874,0.4001
9283.0,9.0105,0.3986
9284.0,9.003,0.3946
9285.0,8.9622,0.4025
9286.0,9.0064,0.3989
9287.0,9.0059,0.4003
9288.0,9.0003,0.3973
9289.0,9.0134,0.3988
9290.0,8.9899,0.3983
9291.0,9.005,0.396
9292.0,8.9765,0.3973
9293.0,9.0061,0.4
9294.0,9.0293,0.4009
9295.0,8.9851,0.3979
9296.0,8.9886,0.3964
9297.0,8.9893,0.3989
9298.0,9.0019,0.4023
9299.0,8.9841,0.3972
9300.0,9.0063,0.4
9301.0,9.0127,0.398
9302.0,9.008,0.4034
9303.0,8.9735,0.3985
9304.0,9.0149,0.402
9305.0,9.0141,0.403
9306.0,9.0125,0.4046
9307.0,9.0056,0.3959
9308.0,9.0033,0.3958
9309.0,9.0155,0.4035
9310.0,9.0289,0.403
9311.0,8.9857,0.3981
9312.0,9.0162,0.3903
9313.0,8.9987,0.4002
9314.0,8.9981,0.3954
9315.0,8.977,0.3975
9316.0,8.9957,0.4005
9317.0,8.985,0.4009
9318.0,8.993,0.4047
9319.0,8.9835,0.3989
9320.0,8.9933,0.3971
9321.0,8.9939,0.4028
9322.0,9.0015,0.4011
9323.0,8.9758,0.3989
9324.0,8.9783,0.4001
9325.0,9.0054,0.3989
9326.0,8.988,0.4021
9327.0,9.0161,0.4051
9328.0,9.0034,0.3978
9329.0,9.0091,0.4013
9330.0,9.0212,0.3954
9331.0,8.9954,0.3968
9332.0,8.9914,0.4017
9333.0,9.0131,0.3998
9334.0,9.0076,0.3967
9335.0,8.9972,0.4
9336.0,9.0209,0.4026
9337.0,8.9968,0.3957
9338.0,9.0005,0.4052
9339.0,9.0003,0.4017
9340.0,8.986,0.4018
9341.0,9.0012,0.4
9342.0,9.021,0.4052
9343.0,9.0067,0.4029
9344.0,9.0005,0.3989
9345.0,8.9976,0.4023
9346.0,9.005,0.3978
9347.0,9.0112,0.3992
9348.0,9.0091,0.4044
9349.0,8.995,0.4012
9350.0,9.0049,0.402
9351.0,9.0072,0.4035
9352.0,8.9849,0.4016
9353.0,9.0025,0.3976
9354.0,8.9676,0.405
9355.0,9.0072,0.4015
9356.0,9.0099,0.4018
9357.0,9.0112,0.4002
9358.0,8.9941,0.4033
9359.0,9.0046,0.4057
9360.0,9.0214,0.3989
9361.0,9.0212,0.4032
9362.0,8.9996,0.4001
9363.0,9.0021,0.394
9364.0,9.0167,0.3958
9365.0,8.9775,0.4013
9366.0,8.9952,0.403
9367.0,9.02,0.4018
9368.0,9.0146,0.4023
9369.0,9.0055,0.4078
9370.0,8.9774,0.4016
9371.0,8.9993,0.3992
9372.0,8.9912,0.3996
9373.0,9.005,0.4049
9374.0,8.9879,0.3962
9375.0,8.9846,0.4037
9376.0,8.969,0.4
9377.0,9.0183,0.3975
9378.0,8.994,0.3956
9379.0,9.0024,0.4044
9380.0,9.0,0.3974
9381.0,8.984,0.4002
9382.0,8.9811,0.3971
9383.0,8.9849,0.4059
9384.0,8.9892,0.4003
9385.0,9.0055,0.396
9386.0,8.9881,0.3987
9387.0,9.0262,0.4042
9388.0,9.0154,0.3971
9389.0,9.0121,0.3989
9390.0,8.9982,0.4036
9391.0,9.0227,0.401
9392.0,8.9967,0.3963
9393.0,8.9995,0.4007
9394.0,9.0025,0.3995
9395.0,9.0105,0.4002
9396.0,9.0096,0.4028
9397.0,8.9929,0.4007
9398.0,8.992,0.3997
9399.0,9.0096,0.3996
9400.0,9.0107,0.4032
9401.0,8.9941,0.3978
9402.0,8.9762,0.3935
9403.0,8.9969,0.3993
9404.0,9.0094,0.4011
9405.0,9.0271,0.3988
9406.0,8.982,0.3984
9407.0,8.9936,0.3989
9408.0,8.9942,0.3999
9409.0,9.0203,0.3961
9410.0,8.9995,0.402
9411.0,8.9864,0.392
9412.0,9.0084,0.4016
9413.0,8.9939,0.4009
9414.0,8.9816,0.4015
9415.0,8.9866,0.3942
9416.0,9.026,0.4009
9417.0,9.0058,0.3984
9418.0,9.0016,0.4048
9419.0,8.9963,0.4011
9420.0,9.0044,0.3965
9421.0,9.0042,0.3949
9422.0,9.0044,0.3982
9423.0,9.0017,0.4024
9424.0,9.013,0.4035
9425.0,9.0003,0.4005
9426.0,8.9853,0.4002
9427.0,8.9908,0.399
9428.0,8.9703,0.3999
9429.0,9.0304,0.4036
9430.0,9.0129,0.399
9431.0,8.9875,0.402
9432.0,8.9958,0.3984
9433.0,8.9904,0.403
9434.0,9.0231,0.4017
9435.0,8.9787,0.4029
9436.0,9.0017,0.4056
9437.0,8.9984,0.3923
9438.0,9.0124,0.4023
9439.0,8.9984,0.4014
9440.0,8.9736,0.4013
9441.0,8.9962,0.4007
9442.0,8.9854,0.4007
9443.0,9.0012,0.401
9444.0,9.0215,0.4027
9445.0,8.9739,0.4025
9446.0,8.988,0.3999
9447.0,8.9917,0.3994
9448.0,8.9943,0.4001
9449.0,9.0111,0.3988
9450.0,8.9974,0.4053
9451.0,9.0062,0.3962
9452.0,8.9906,0.4022
9453.0,9.0034,0.4022
9454.0,9.0117,0.3984
9455.0,8.989,0.4009
9456.0,9.0117,0.4038
9457.0,9.0008,0.399
9458.0,9.0157,0.4039
9459.0,8.997,0.4034
9460.0,9.0057,0.3979
9461.0,8.9994,0.3967
9462.0,8.9986,0.4005
9463.0,9.0039,0.3963
9464.0,9.0081,0.3913
9465.0,8.9813,0.3985
9466.0,9.0215,0.4065
9467.0,8.9721,0.3987
9468.0,8.9897,0.4011
9469.0,8.9986,0.4021
9470.0,9.0062,0.3999
9471.0,9.0236,0.399
9472.0,8.9721,0.4037
9473.0,8.9924,0.4001
9474.0,8.9681,0.3997
9475.0,9.0005,0.4024
9476.0,9.0041,0.3969
9477.0,9.0239,0.3962
9478.0,9.0018,0.3951
9479.0,9.0157,0.4017
9480.0,9.0088,0.3995
9481.0,8.9935,0.4025
9482.0,8.9789,0.4002
9483.0,9.0041,0.3959
9484.0,8.9776,0.3989
9485.0,9.0194,0.4027
9486.0,8.9976,0.3992
9487.0,9.0179,0.4036
9488.0,8.9928,0.3986
9489.0,9.004,0.4022
9490.0,9.0031,0.3947
9491.0,8.9993,0.3993
9492.0,8.9935,0.3988
9493.0,9.0059,0.3958
9494.0,8.9861,0.4033
9495.0,8.9819,0.3981
9496.0,9.0186,0.3978
9497.0,9.0109,0.4039
9498.0,9.001,0.4005
9499.0,9.025,0.4023
9500.0,8.996,0.3949
9501.0,9.0198,0.3976
9502.0,9.0026,0.4063
9503.0,8.9846,0.4026
9504.0,9.0277,0.3968
9505.0,9.0149,0.4007
9506.0,8.9982,0.397
9507.0,9.0109,0.4042
9508.0,8.9939,0.3932
9509.0,9.0124,0.4008
9510.0,8.9641,0.4008
9511.0,8.9847,0.3967
9512.0,9.0147,0.3992
9513.0,8.9963,0.4011
9514.0,9.0031,0.3947
9515.0,8.9798,0.3962
9516.0,9.0277,0.3995
9517.0,9.0179,0.3975
9518.0,8.997,0.3986
9519.0,8.9939,0.3999
9520.0,9.0154,0.3973
9521.0,9.0297,0.3999
9522.0,9.0143,0.4009
9523.0,9.0326,0.4023
9524.0,8.9862,0.3963
9525.0,8.9877,0.3981
9526.0,8.9822,0.4018
9527.0,9.0066,0.3956
9528.0,9.0026,0.4003
9529.0,8.9977,0.4001
9530.0,9.0121,0.3922
9531.0,9.0185,0.3985
9532.0,8.9771,0.401
9533.0,8.991,0.3994
9534.0,9.0123,0.3986
9535.0,8.993,0.4005
9536.0,8.988,0.403
9537.0,9.0153,0.4016
9538.0,8.9807,0.3977
9539.0,8.9955,0.3956
9540.0,9.0049,0.4016
9541.0,8.9914,0.3965
9542.0,9.0117,0.3984
9543.0,8.9915,0.4006
9544.0,9.0211,0.4034
9545.0,8.9981,0.4039
9546.0,9.0101,0.4002
9547.0,9.0112,0.3985
9548.0,8.9906,0.3964
9549.0,8.9692,0.4059
9550.0,9.0054,0.3991
9551.0,9.0011,0.402
9552.0,9.0083,0.4006
9553.0,8.9966,0.3985
9554.0,8.9935,0.3984
9555.0,9.0301,0.3959
9556.0,8.9779,0.4034
9557.0,9.011,0.3996
9558.0,8.9914,0.4043
9559.0,8.995,0.3987
9560.0,8.9952,0.3991
9561.0,8.9879,0.3966
9562.0,9.0086,0.3991
9563.0,9.0209,0.3963
9564.0,9.0071,0.4012
9565.0,9.0016,0.4003
9566.0,8.9852,0.4044
9567.0,9.0078,0.3956
9568.0,9.0323,0.4036
9569.0,8.9943,0.3971
9570.0,8.9944,0.401
9571.0,8.9916,0.3966
9572.0,8.9927,0.4006
9573.0,8.9588,0.3925
9574.0,9.0061,0.398
9575.0,8.9873,0.4003
9576.0,8.9758,0.4053
9577.0,9.0113,0.3936
9578.0,8.9838,0.4
9579.0,8.9949,0.3984
9580.0,9.022,0.3943
9581.0,8.9789,0.3966
9582.0,8.977,0.3986
9583.0,9.004,0.4014
9584.0,9.0172,0.4003
9585.0,8.9764,0.3961
9586.0,9.0061,0.3945
9587.0,9.0087,0.4013
9588.0,8.9691,0.3994
9589.0,9.012,0.4048
9590.0,9.0131,0.3989
9591.0,8.9953,0.4034
9592.0,9.0188,0.4016
9593.0,9.017,0.4025
9594.0,9.0015,0.4013
9595.0,8.9932,0.4014
9596.0,8.9854,0.3931
9597.0,8.9994,0.3993
9598.0,9.0085,0.398
9599.0,8.9951,0.4038
9600.0,8.967,0.397
9601.0,9.019,0.3992
9602.0,9.0029,0.4024
9603.0,8.9943,0.4009
9604.0,9.0129,0.4005
9605.0,9.0229,0.4033
9606.0,8.958,0.4008
9607.0,9.0065,0.3984
9608.0,8.9786,0.3961
9609.0,9.0075,0.4015
9610.0,9.0019,0.3977
9611.0,9.0095,0.3993
9612.0,8.9925,0.4032
9613.0,8.9719,0.3993
9614.0,8.9932,0.3987
9615.0,9.0061,0.3992
9616.0,9.0152,0.3992
9617.0,8.9824,0.397
9618.0,9.0154,0.405
9619.0,8.9903,0.3984
9620.0,9.0054,0.4024
9621.0,8.9924,0.3969
9622.0,9.0027,0.4016
9623.0,9.0134,0.4005
9624.0,8.9816,0.4001
9625.0,8.9898,0.4005
9626.0,9.0028,0.4012
9627.0,9.036,0.3993
9628.0,8.9871,0.3995
9629.0,9.0306,0.4017
9630.0,9.0301,0.3966
9631.0,8.9985,0.3961
9632.0,8.9955,0.4005
9633.0,8.9896,0.394
9634.0,8.999,0.395
9635.0,8.9789,0.4054
9636.0,8.9989,0.4046
9637.0,9.0225,0.3983
9638.0,8.9908,0.403
9639.0,8.9964,0.4031
9640.0,8.9745,0.4014
9641.0,9.0056,0.3998
9642.0,9.004,0.4019
9643.0,9.001,0.4024
9644.0,8.9967,0.4019
9645.0,8.9956,0.3954
9646.0,9.0075,0.4061
9647.0,8.9996,0.4072
9648.0,9.0047,0.3943
9649.0,9.0032,0.4015
9650.0,9.0169,0.4061
9651.0,9.0102,0.403
9652.0,9.0029,0.403
9653.0,9.0228,0.3957
9654.0,9.0063,0.4024
9655.0,9.0196,0.4007
9656.0,9.0091,0.4023
9657.0,8.9724,0.3969
9658.0,9.0196,0.3968
9659.0,9.002,0.3996
9660.0,8.9992,0.3989
9661.0,9.0042,0.3995
9662.0,8.9948,0.3986
9663.0,9.0034,0.3994
9664.0,8.9911,0.398
9665.0,9.0191,0.3999
9666.0,8.9983,0.3957
9667.0,8.9943,0.4015
9668.0,8.9861,0.4008
9669.0,9.004,0.3962
9670.0,9.0028,0.404
9671.0,9.0058,0.3975
9672.0,8.9846,0.4036
9673.0,8.976,0.401
9674.0,9.0094,0.403
9675.0,9.0223,0.4005
9676.0,8.9846,0.4017
9677.0,9.0238,0.403
9678.0,9.0043,0.4057
9679.0,8.9999,0.4032
9680.0,8.994,0.4013
9681.0,8.9792,0.396
9682.0,9.0148,0.3928
9683.0,8.9884,0.3996
9684.0,8.9883,0.3979
9685.0,9.0149,0.398
9686.0,8.9718,0.3998
9687.0,8.9771,0.402
9688.0,8.9997,0.3981
9689.0,9.0044,0.4027
9690.0,9.0073,0.4001
9691.0,8.9955,0.4001
9692.0,9.038,0.4056
9693.0,8.9966,0.4005
9694.0,8.9965,0.3998
9695.0,8.988,0.4016
9696.0,9.0019,0.4054
9697.0,9.0092,0.3999
9698.0,9.0181,0.4013
9699.0,8.9777,0.3997
9700.0,8.9963,0.3997
9701.0,9.0067,0.3985
9702.0,9.0088,0.3983
9703.0,9.0001,0.4051
9704.0,9.0081,0.3983
9705.0,8.9879,0.3954
9706.0,9.0234,0.4004
9707.0,9.0149,0.4031
9708.0,8.9798,0.4037
9709.0,8.9839,0.3964
9710.0,8.9843,0.4033
9711.0,9.0102,0.4062
9712.0,8.9807,0.3979
9713.0,8.995,0.3995
9714.0,9.0068,0.3963
9715.0,8.999,0.4056
9716.0,9.0039,0.3955
9717.0,8.984,0.3988
9718.0,9.0089,0.4024
9719.0,8.9908,0.3979
9720.0,8.9951,0.397
9721.0,9.0036,0.3998
9722.0,9.0015,0.4072
9723.0,9.0004,0.3992
9724.0,8.9887,0.3994
9725.0,8.9955,0.3967
9726.0,9.0,0.4012
9727.0,8.9794,0.4027
9728.0,8.9931,0.3982
9729.0,9.0058,0.4016
9730.0,8.9808,0.3982
9731.0,9.0173,0.3943
9732.0,9.019,0.4014
9733.0,8.9813,0.4062
9734.0,9.0204,0.3964
9735.0,8.9978,0.4005
9736.0,9.0063,0.4039
9737.0,8.9926,0.3997
9738.0,9.0138,0.3957
9739.0,9.0061,0.4001
9740.0,8.9878,0.4045
9741.0,8.9825,0.3985
9742.0,8.9781,0.4007
9743.0,9.0028,0.3968
9744.0,9.0086,0.3997
9745.0,9.0098,0.4012
9746.0,8.9982,0.4004
9747.0,8.9826,0.3987
9748.0,8.9898,0.4013
9749.0,9.0173,0.402
9750.0,8.9927,0.4022
9751.0,9.0022,0.3991
9752.0,8.9839,0.3981
9753.0,9.005,0.4059
9754.0,8.9931,0.4004
9755.0,9.0157,0.3992
9756.0,9.0116,0.3956
9757.0,8.9926,0.3972
9758.0,8.9981,0.3981
9759.0,8.9917,0.4013
9760.0,8.9787,0.3989
9761.0,8.9871,0.4
9762.0,9.003,0.3957
9763.0,9.0049,0.4042
9764.0,9.0022,0.3978
9765.0,8.9955,0.4007
9766.0,9.014,0.3984
9767.0,9.001,0.399
9768.0,9.0105,0.3976
9769.0,8.9734,0.4009
9770.0,8.9412,0.3971
9771.0,9.0043,0.4009
9772.0,8.9786,0.3996
9773.0,8.9968,0.4019
9774.0,8.9955,0.4022
9775.0,9.0238,0.399
9776.0,9.006,0.4011
9777.0,9.0025,0.3987
9778.0,9.0126,0.4039
9779.0,9.0055,0.3989
9780.0,8.9931,0.3994
9781.0,9.0161,0.3986
9782.0,8.9834,0.3978
9783.0,9.0048,0.4061
9784.0,8.9768,0.4015
9785.0,9.0031,0.4002
9786.0,9.0029,0.3986
9787.0,9.0251,0.4033
9788.0,8.9765,0.3984
9789.0,8.991,0.4004
9790.0,9.0123,0.4066
9791.0,9.005,0.3971
9792.0,9.0027,0.4016
9793.0,8.9857,0.4009
9794.0,8.9911,0.4016
9795.0,9.0187,0.3991
9796.0,8.9992,0.3982
9797.0,9.0056,0.4007
9798.0,8.9983,0.3986
9799.0,8.9823,0.393
9800.0,9.014,0.3975
9801.0,9.0075,0.399
9802.0,9.0346,0.3968
9803.0,8.9848,0.4005
9804.0,9.0123,0.3977
9805.0,8.9803,0.3999
9806.0,9.0024,0.4065
9807.0,9.0146,0.4037
9808.0,8.9689,0.4018
9809.0,8.9969,0.4054
9810.0,8.9916,0.3998
9811.0,8.9895,0.3998
9812.0,9.0058,0.3968
9813.0,9.0168,0.4038
9814.0,8.998,0.4059
9815.0,9.0031,0.4027
9816.0,9.0017,0.4043
9817.0,9.0,0.3918
9818.0,8.9837,0.407
9819.0,9.0166,0.3997
9820.0,9.0044,0.4071
9821.0,9.0059,0.4052
9822.0,8.9879,0.4023
9823.0,8.9931,0.399
9824.0,8.9974,0.4005
9825.0,8.977,0.3943
9826.0,8.9747,0.4028
9827.0,8.991,0.3923
9828.0,9.0078,0.3991
9829.0,8.9902,0.4046
9830.0,8.9847,0.4022
9831.0,8.9878,0.3954
9832.0,8.9932,0.396
9833.0,8.9947,0.3982
9834.0,9.0325,0.4002
9835.0,9.0158,0.4026
9836.0,9.0154,0.4018
9837.0,9.0175,0.3968
9838.0,8.985,0.4019
9839.0,8.9817,0.4022
9840.0,8.9834,0.4015
9841.0,9.02,0.4074
9842.0,8.9918,0.4022
9843.0,8.9812,0.4029
9844.0,8.9935,0.4056
9845.0,8.9964,0.4026
9846.0,9.004,0.3983
9847.0,9.0038,0.4037
9848.0,8.9876,0.3988
9849.0,9.0103,0.3971
9850.0,8.9904,0.3973
9851.0,8.9977,0.4037
9852.0,9.0103,0.4019
9853.0,8.9904,0.4032
9854.0,8.9915,0.4019
9855.0,9.0089,0.4006
9856.0,8.9871,0.401
9857.0,8.9942,0.4018
9858.0,9.0083,0.3982
9859.0,9.0308,0.3961
9860.0,9.0091,0.3985
9861.0,9.0071,0.4016
9862.0,9.008,0.3981
9863.0,8.9839,0.4064
9864.0,9.0017,0.4013
9865.0,8.9996,0.4004
9866.0,9.0048,0.3982
9867.0,9.0017,0.4027
9868.0,9.0057,0.3964
9869.0,8.9953,0.4009
9870.0,9.0009,0.3987
9871.0,8.9816,0.4004
9872.0,8.9952,0.4015
9873.0,9.0209,0.3966
9874.0,9.0048,0.395
9875.0,8.9997,0.3972
9876.0,9.0284,0.4026
9877.0,8.9796,0.4011
9878.0,8.9834,0.3988
9879.0,9.0257,0.4059
9880.0,9.0007,0.4039
9881.0,8.9964,0.4031
9882.0,8.982,0.3978
9883.0,9.0067,0.4031
9884.0,9.0082,0.401
9885.0,8.9836,0.3978
9886.0,8.9979,0.3997
9887.0,8.995,0.3969
9888.0,9.0038,0.3979
9889.0,8.9832,0.3966
9890.0,9.0188,0.4029
9891.0,9.0137,0.3998
9892.0,8.9946,0.3972
9893.0,8.9968,0.4016
9894.0,8.998,0.4
9895.0,8.9883,0.4032
9896.0,8.9933,0.4004
9897.0,8.9959,0.3957
9898.0,9.0242,0.3985
9899.0,9.0142,0.3965
9900.0,9.014,0.4017
9901.0,9.0055,0.4033
9902.0,8.9832,0.3954
9903.0,8.9994,0.3996
9904.0,9.0146,0.4035
9905.0,8.9811,0.3953
9906.0,9.0095,0.3987
9907.0,9.0348,0.4
9908.0,9.0159,0.4032
9909.0,9.0212,0.4016
9910.0,9.0033,0.4022
9911.0,9.0145,0.4018
9912.0,8.9892,0.3989
9913.0,9.0119,0.4049
9914.0,9.0098,0.398
9915.0,9.0043,0.3917
9916.0,9.0197,0.3946
9917.0,8.9919,0.3996
9918.0,8.9972,0.399
9919.0,9.0014,0.3984
9920.0,8.9846,0.4005
9921.0,9.0034,0.4036
9922.0,8.9742,0.4014
9923.0,9.0157,0.4019
9924.0,9.0007,0.3968
9925.0,8.9922,0.3984
9926.0,8.9875,0.4021
9927.0,8.9965,0.4003
9928.0,9.0103,0.4014
9929.0,9.0082,0.4018
9930.0,8.9894,0.4005
9931.0,8.9873,0.4047
9932.0,9.0099,0.3984
9933.0,8.9892,0.3975
9934.0,9.0009,0.3947
9935.0,9.0019,0.4022
9936.0,9.0047,0.3983
9937.0,9.0129,0.4038
9938.0,8.9811,0.4007
9939.0,8.9713,0.399
9940.0,8.9915,0.3968
9941.0,9.027,0.4025
9942.0,9.0303,0.3998
9943.0,9.0275,0.4008
9944.0,8.9971,0.4018
9945.0,8.9733,0.4008
9946.0,8.9649,0.3975
9947.0,8.9908,0.4016
9948.0,8.997,0.4025
9949.0,9.0195,0.4011
9950.0,9.013,0.4019
9951.0,9.0034,0.4022
9952.0,8.9867,0.3988
9953.0,8.9856,0.3987
9954.0,9.0038,0.4067
9955.0,9.0105,0.404
9956.0,9.0059,0.3999
9957.0,8.9845,0.402
9958.0,9.0098,0.3972
9959.0,9.0064,0.3982
9960.0,8.9839,0.3963
9961.0,8.9882,0.4009
9962.0,9.0103,0.4009
9963.0,8.9965,0.4033
9964.0,9.0238,0.3994
9965.0,9.0075,0.4032
9966.0,8.9927,0.402
9967.0,8.9998,0.4074
9968.0,9.001,0.405
9969.0,8.9891,0.4045
9970.0,8.9863,0.4025
9971.0,9.0105,0.3973
9972.0,9.0127,0.4009
9973.0,9.0091,0.4067
9974.0,9.0227,0.4015
9975.0,8.9919,0.3975
9976.0,9.0251,0.401
9977.0,8.9865,0.397
9978.0,8.9848,0.3974
9979.0,8.9736,0.4012
9980.0,8.9933,0.4022
9981.0,8.9924,0.3976
9982.0,9.0079,0.3983
9983.0,9.0037,0.3957
9984.0,8.9821,0.3996
9985.0,8.9941,0.3942
9986.0,8.9944,0.3991
9987.0,8.9734,0.4002
9988.0,8.9853,0.3947
9989.0,8.9884,0.397
9990.0,9.0215,0.3998
9991.0,9.0029,0.3994
9992.0,9.0099,0.3995
9993.0,8.9775,0.4009
9994.0,9.0179,0.395
9995.0,9.0195,0.4021
9996.0,8.97,0.399
9997.0,8.9894,0.3982
9998.0,9.0074,0.3944
9999.0,9.0097,0.3992
10000.0,8.9898,0.4015
10001.0,8.9954,0.4004
10002.0,8.991,0.4005
10003.0,9.0017,0.399
10004.0,9.018,0.3998
10005.0,8.9884,0.3967
10006.0,9.015,0.4
10007.0,8.9883,0.3985
10008.0,8.9873,0.3966
10009.0,9.0123,0.4023
10010.0,9.0138,0.3953
10011.0,9.0128,0.4016
10012.0,8.9803,0.4018
10013.0,8.993,0.3984
10014.0,9.0123,0.4031
10015.0,9.0006,0.3984
10016.0,8.9839,0.3982
10017.0,9.0069,0.3964
10018.0,8.9893,0.4
10019.0,9.0269,0.3971
10020.0,9.0232,0.3976
10021.0,9.0091,0.3998
10022.0,9.0204,0.3999
10023.0,9.001,0.4038
10024.0,9.0115,0.4028
10025.0,9.0222,0.4017
10026.0,9.0037,0.3996
10027.0,8.9962,0.3988
10028.0,8.9744,0.3999
10029.0,8.9988,0.3983
10030.0,9.0124,0.3979
10031.0,9.0142,0.3998
10032.0,9.0076,0.3974
10033.0,8.9919,0.3975
10034.0,8.9703,0.4029
10035.0,8.9926,0.3959
10036.0,8.9954,0.3969
10037.0,8.9953,0.4038
10038.0,9.0093,0.3988
10039.0,9.0298,0.4041
10040.0,9.0019,0.3965
10041.0,8.9967,0.4002
10042.0,8.9961,0.4023
10043.0,9.0019,0.3973
10044.0,8.9876,0.405
10045.0,9.0018,0.3988
10046.0,9.0068,0.4015
10047.0,9.0031,0.398
10048.0,9.0069,0.4045
10049.0,9.0065,0.4009
10050.0,8.9734,0.4063
10051.0,9.0096,0.4035
10052.0,8.9899,0.4025
10053.0,8.9836,0.3971
10054.0,8.9834,0.4003
10055.0,9.0065,0.399
10056.0,8.9967,0.4001
10057.0,8.9748,0.4004
10058.0,9.0072,0.3973
10059.0,8.9784,0.3995
10060.0,9.0021,0.3997
10061.0,9.0036,0.397
10062.0,9.0133,0.4024
10063.0,9.0267,0.4007
10064.0,8.9795,0.4024
10065.0,8.9992,0.4015
10066.0,8.9959,0.3949
10067.0,9.0065,0.3975
10068.0,9.0032,0.405
10069.0,8.9947,0.4024
10070.0,8.9934,0.3951
10071.0,8.9833,0.4014
10072.0,9.0148,0.3975
10073.0,9.0069,0.3937
10074.0,9.0138,0.405
10075.0,8.9953,0.4002
10076.0,8.9901,0.4007
10077.0,8.9838,0.3962
10078.0,9.0054,0.3965
10079.0,8.9844,0.3952
10080.0,9.0277,0.4043
10081.0,8.9804,0.3951
10082.0,9.0041,0.4049
10083.0,9.0235,0.397
10084.0,9.009,0.3963
10085.0,9.0026,0.3998
10086.0,8.9855,0.3979
10087.0,8.9793,0.4003
10088.0,9.0116,0.3974
10089.0,9.0226,0.3991
10090.0,8.9934,0.3977
10091.0,8.9829,0.4026
10092.0,8.9631,0.4015
10093.0,8.9853,0.4007
10094.0,8.9983,0.4032
10095.0,9.024,0.4008
10096.0,9.0101,0.4005
10097.0,9.0046,0.3996
10098.0,8.994,0.3979
10099.0,8.9913,0.3979
10100.0,9.0211,0.4004
10101.0,9.003,0.4031
10102.0,8.9685,0.4017
10103.0,8.9899,0.4017
10104.0,8.9871,0.3967
10105.0,8.9918,0.4016
10106.0,9.0084,0.3988
10107.0,8.9984,0.4005
10108.0,8.9988,0.4017
10109.0,9.0197,0.3965
10110.0,8.9896,0.4005
10111.0,9.028,0.4007
10112.0,8.9899,0.403
10113.0,9.0013,0.3984
10114.0,8.9958,0.3998
10115.0,9.0019,0.4005
10116.0,9.0067,0.3984
10117.0,9.0065,0.3984
10118.0,8.9887,0.3983
10119.0,8.9832,0.3996
10120.0,9.0375,0.4052
10121.0,8.9927,0.3997
10122.0,9.0105,0.4015
10123.0,8.9759,0.4001
10124.0,8.9958,0.3991
10125.0,8.9981,0.3999
10126.0,9.0071,0.4023
10127.0,8.9592,0.3998
10128.0,9.0025,0.3995
10129.0,8.9828,0.3993
10130.0,9.0049,0.397
10131.0,8.9845,0.4031
10132.0,8.9872,0.3987
10133.0,8.9959,0.4044
10134.0,8.9842,0.4007
10135.0,8.9929,0.4042
10136.0,8.9821,0.3994
10137.0,8.9725,0.3978
10138.0,9.0153,0.4031
10139.0,8.9806,0.3983
10140.0,8.9973,0.4039
10141.0,9.0113,0.4017
10142.0,8.9908,0.4044
10143.0,8.9876,0.3971
10144.0,9.0034,0.4029
10145.0,9.0168,0.3978
10146.0,8.9825,0.3928
10147.0,8.9977,0.4027
10148.0,8.974,0.4
10149.0,8.9941,0.4029
10150.0,9.0005,0.4003
10151.0,8.9872,0.4001
10152.0,8.9931,0.4045
10153.0,8.9789,0.4004
10154.0,9.0012,0.3986
10155.0,9.0158,0.3997
10156.0,8.9835,0.4005
10157.0,8.9907,0.3915
10158.0,9.0075,0.4015
10159.0,9.0182,0.4041
10160.0,8.9776,0.3999
10161.0,8.9975,0.3987
10162.0,9.0042,0.4012
10163.0,8.9985,0.4052
10164.0,8.9628,0.4014
10165.0,9.0075,0.4006
10166.0,9.0228,0.3988
10167.0,9.0017,0.3968
10168.0,8.9845,0.4001
10169.0,8.9923,0.4001
10170.0,9.0265,0.3942
10171.0,9.0136,0.3978
10172.0,9.0096,0.4035
10173.0,9.0053,0.3992
10174.0,8.9901,0.3926
10175.0,8.997,0.4048
10176.0,8.9988,0.3973
10177.0,9.0082,0.3986
10178.0,9.0226,0.4032
10179.0,9.0168,0.3978
10180.0,8.9787,0.3941
10181.0,9.0034,0.4007
10182.0,9.0111,0.4024
10183.0,9.0093,0.3986
10184.0,8.9906,0.3996
10185.0,9.0437,0.3965
10186.0,8.9808,0.397
10187.0,8.9838,0.399
10188.0,9.0035,0.4019
10189.0,9.0318,0.4003
10190.0,8.9875,0.4031
10191.0,8.996,0.405
10192.0,9.0162,0.4027
10193.0,8.9997,0.3952
10194.0,8.995,0.3991
10195.0,9.0085,0.4026
10196.0,9.0041,0.3996
10197.0,9.0155,0.3951
10198.0,9.0194,0.3983
10199.0,9.0046,0.3932
10200.0,9.0044,0.3992
10201.0,9.0032,0.3979
10202.0,9.0073,0.3989
10203.0,9.0008,0.4035
10204.0,9.0,0.396
10205.0,9.0179,0.3978
10206.0,9.0227,0.3966
10207.0,8.9774,0.4032
10208.0,9.0002,0.4034
10209.0,8.9897,0.4011
10210.0,8.9953,0.4009
10211.0,9.006,0.3964
10212.0,9.01,0.4006
10213.0,8.9983,0.3966
10214.0,8.9713,0.4001
10215.0,8.9855,0.399
10216.0,9.0134,0.3982
10217.0,8.9589,0.4001
10218.0,9.0178,0.402
10219.0,9.0078,0.4053
10220.0,9.0197,0.4017
10221.0,8.997,0.4068
10222.0,8.9691,0.4006
10223.0,9.0065,0.4054
10224.0,9.0191,0.4013
10225.0,9.0139,0.4007
10226.0,8.9901,0.3995
10227.0,9.0013,0.4009
10228.0,8.992,0.4013
10229.0,8.9877,0.3957
10230.0,9.0143,0.4021
10231.0,8.982,0.3955
10232.0,8.9866,0.4021
10233.0,8.9834,0.4018
10234.0,8.9776,0.4043
10235.0,9.0022,0.3974
10236.0,9.0174,0.397
10237.0,8.9972,0.4033
10238.0,8.9774,0.3968
10239.0,9.0126,0.3965
10240.0,9.0253,0.4006
10241.0,8.9903,0.3999
10242.0,8.9928,0.4005
10243.0,9.0077,0.4016
10244.0,9.0243,0.4016
10245.0,8.9922,0.3998
10246.0,8.98,0.4001
10247.0,9.0095,0.3998
10248.0,9.012,0.4001
10249.0,9.0001,0.3958
10250.0,8.9916,0.4023
10251.0,9.0149,0.4031
10252.0,9.0079,0.4019
10253.0,8.9885,0.4017
10254.0,9.0007,0.397
10255.0,8.9797,0.3958
10256.0,9.0103,0.4025
10257.0,8.9961,0.4001
10258.0,8.9935,0.4005
10259.0,8.9995,0.4006
10260.0,9.0006,0.4008
10261.0,9.0134,0.4019
10262.0,9.0089,0.3997
10263.0,8.9977,0.3943
10264.0,9.0115,0.4021
10265.0,9.006,0.4017
10266.0,8.9936,0.3961
10267.0,8.9981,0.3965
10268.0,8.9978,0.4026
10269.0,9.0076,0.4034
10270.0,8.9945,0.392
10271.0,8.9941,0.4013
10272.0,9.0295,0.3993
10273.0,9.0141,0.4002
10274.0,8.9886,0.4004
10275.0,9.0086,0.3977
10276.0,9.0018,0.402
10277.0,9.0059,0.3979
10278.0,9.0021,0.4022
10279.0,9.0178,0.4029
10280.0,9.0052,0.3974
10281.0,8.9991,0.3975
10282.0,9.0156,0.4003
10283.0,9.0035,0.4045
10284.0,9.0018,0.3982
10285.0,9.0047,0.3988
10286.0,8.9986,0.401
10287.0,9.0001,0.402
10288.0,8.9912,0.4016
10289.0,8.9887,0.4001
10290.0,8.985,0.3991
10291.0,8.9791,0.401
10292.0,8.9868,0.3904
10293.0,8.9974,0.4056
10294.0,9.0015,0.3994
10295.0,8.9959,0.4005
10296.0,8.9647,0.4063
10297.0,9.0236,0.3978
10298.0,9.0163,0.407
10299.0,9.0067,0.4022
10300.0,9.0286,0.4013
10301.0,8.9853,0.4019
10302.0,9.0283,0.3975
10303.0,8.9855,0.3951
10304.0,9.0036,0.3965
10305.0,8.9809,0.4033
10306.0,9.0002,0.3972
10307.0,9.0058,0.395
10308.0,8.9977,0.3998
10309.0,9.0107,0.4017
10310.0,9.0015,0.4001
10311.0,8.9922,0.4018
10312.0,8.9915,0.4035
10313.0,9.0122,0.4017
10314.0,8.9902,0.3995
10315.0,9.0137,0.3984
10316.0,9.0183,0.4023
10317.0,8.975,0.4008
10318.0,9.017,0.3974
10319.0,9.0309,0.4039
10320.0,9.0038,0.4008
10321.0,9.009,0.402
10322.0,9.0156,0.3988
10323.0,8.9959,0.4034
10324.0,9.0027,0.3952
10325.0,8.9803,0.405
10326.0,9.0021,0.3942
10327.0,9.0075,0.3959
10328.0,9.0077,0.4008
10329.0,9.016,0.3984
10330.0,8.9884,0.399
10331.0,8.992,0.3984
10332.0,9.0284,0.3977
10333.0,8.9977,0.401
10334.0,9.003,0.3999
10335.0,8.999,0.4027
10336.0,8.9877,0.4002
10337.0,9.0244,0.3987
10338.0,8.9921,0.4023
10339.0,8.9831,0.3945
10340.0,8.9932,0.3923
10341.0,8.97,0.3952
10342.0,8.9902,0.399
10343.0,8.9855,0.4012
10344.0,9.0093,0.392
10345.0,8.9899,0.4
10346.0,9.0133,0.3989
10347.0,9.021,0.4004
10348.0,9.0117,0.3943
10349.0,8.9968,0.4078
10350.0,9.0021,0.4001
10351.0,8.9771,0.3963
10352.0,8.998,0.4004
10353.0,8.9871,0.4045
10354.0,9.0104,0.3961
10355.0,9.0386,0.3955
10356.0,9.0075,0.3996
10357.0,8.9701,0.3999
10358.0,8.9946,0.4021
10359.0,9.0018,0.4044
10360.0,9.0013,0.4023
10361.0,8.989,0.3958
10362.0,9.0037,0.3968
10363.0,8.9814,0.3976
10364.0,8.9858,0.4023
10365.0,9.0097,0.4018
10366.0,8.9848,0.4038
10367.0,9.0081,0.4017
10368.0,8.9795,0.3981
10369.0,9.0265,0.3994
10370.0,8.9884,0.3956
10371.0,8.9966,0.4019
10372.0,9.005,0.3981
10373.0,8.9915,0.4037
10374.0,9.0022,0.4018
10375.0,9.0086,0.4058
10376.0,9.0144,0.4013
10377.0,9.0119,0.4012
10378.0,8.9974,0.3995
10379.0,8.9978,0.3988
10380.0,9.0352,0.3992
10381.0,9.0142,0.403
10382.0,8.9862,0.396
10383.0,9.0015,0.4002
10384.0,8.995,0.395
10385.0,8.998,0.4011
10386.0,8.9816,0.3986
10387.0,8.9938,0.4015
10388.0,9.0272,0.3978
10389.0,9.0087,0.3992
10390.0,8.9626,0.4019
10391.0,9.0183,0.4004
10392.0,9.0163,0.4046
10393.0,8.9946,0.3986
10394.0,9.0108,0.3983
10395.0,8.9871,0.4037
10396.0,8.9929,0.3989
10397.0,9.0225,0.3988
10398.0,8.9959,0.4011
10399.0,8.972,0.3995
10400.0,8.9991,0.3991
10401.0,8.9988,0.3979
10402.0,9.018,0.4041
10403.0,9.0002,0.3995
10404.0,8.9937,0.3983
10405.0,9.0157,0.3991
10406.0,9.0018,0.4011
10407.0,8.9887,0.4044
10408.0,9.0173,0.3995
10409.0,9.0029,0.3974
10410.0,9.0,0.4058
10411.0,9.0027,0.4004
10412.0,8.9839,0.3997
10413.0,8.9921,0.4002
10414.0,9.0001,0.3963
10415.0,8.9971,0.3999
10416.0,9.0191,0.4023
10417.0,9.0033,0.4037
10418.0,9.0128,0.3989
10419.0,9.0001,0.4006
10420.0,9.0158,0.4037
10421.0,9.006,0.4001
10422.0,9.0002,0.4022
10423.0,8.9998,0.4013
10424.0,8.9857,0.398
10425.0,9.0076,0.3973
10426.0,8.9994,0.4032
10427.0,8.9925,0.392
10428.0,9.0166,0.398
10429.0,8.9812,0.3958
10430.0,8.9937,0.4032
10431.0,9.0154,0.4041
10432.0,9.0047,0.3978
10433.0,8.9993,0.4083
10434.0,9.0038,0.4041
10435.0,9.0027,0.4006
10436.0,8.9773,0.4045
10437.0,8.9948,0.3981
10438.0,9.0242,0.3992
10439.0,8.9901,0.4014
10440.0,8.9952,0.3979
10441.0,8.9919,0.3961
10442.0,8.9987,0.3972
10443.0,8.9913,0.3994
10444.0,9.0073,0.4014
10445.0,9.003,0.399
10446.0,9.0116,0.3951
10447.0,8.9842,0.4014
10448.0,8.9949,0.4038
10449.0,8.9966,0.398
10450.0,9.0068,0.405
10451.0,8.9881,0.4026
10452.0,9.0137,0.3968
10453.0,9.0178,0.3981
10454.0,8.9852,0.3991
10455.0,8.9926,0.3994
10456.0,8.992,0.3927
10457.0,9.0395,0.3977
10458.0,8.9936,0.3983
10459.0,9.0252,0.4057
10460.0,8.981,0.4007
10461.0,8.9852,0.3976
10462.0,8.9897,0.3987
10463.0,8.9873,0.4013
10464.0,8.996,0.3989
10465.0,8.9894,0.3982
10466.0,8.9877,0.3983
10467.0,9.0174,0.4014
10468.0,9.0184,0.3959
10469.0,9.0142,0.3967
10470.0,9.0079,0.3972
10471.0,9.0014,0.3967
10472.0,8.9925,0.3975
10473.0,8.9857,0.4027
10474.0,9.0054,0.4031
10475.0,8.9824,0.4008
10476.0,8.9851,0.4006
10477.0,9.0173,0.398
10478.0,9.0285,0.3938
10479.0,9.0059,0.4004
10480.0,9.0166,0.4009
10481.0,8.9963,0.398
10482.0,8.9799,0.3968
10483.0,9.0092,0.3962
10484.0,9.0085,0.4005
10485.0,9.0011,0.4002
10486.0,8.9964,0.4036
10487.0,9.0144,0.3976
10488.0,8.9852,0.3991
10489.0,8.9884,0.4001
10490.0,8.9849,0.3984
10491.0,9.0013,0.4025
10492.0,8.9837,0.4037
10493.0,8.9897,0.3967
10494.0,8.9894,0.3986
10495.0,8.9961,0.404
10496.0,8.9777,0.401
10497.0,9.0013,0.4004
10498.0,9.0187,0.401
10499.0,9.002,0.402
10500.0,9.0231,0.4012
10501.0,9.02,0.4006
10502.0,9.0117,0.4
10503.0,9.0011,0.404
10504.0,9.0003,0.3992
10505.0,9.0115,0.4
10506.0,8.9941,0.4047
10507.0,8.9718,0.401
10508.0,9.0074,0.3998
10509.0,8.983,0.4019
10510.0,8.9856,0.4007
10511.0,9.0,0.3978
10512.0,8.9986,0.4007
10513.0,8.9788,0.3976
10514.0,9.0025,0.4055
10515.0,9.0145,0.4007
10516.0,8.9831,0.3972
10517.0,9.0191,0.3988
10518.0,8.9766,0.4023
10519.0,9.0318,0.3967
10520.0,8.9938,0.4082
10521.0,9.0022,0.3956
10522.0,8.9716,0.4028
10523.0,8.9991,0.3985
10524.0,9.0034,0.3976
10525.0,8.9987,0.4016
10526.0,8.9916,0.3986
10527.0,8.9858,0.4048
10528.0,9.017,0.3958
10529.0,9.0005,0.4017
10530.0,9.0231,0.3992
10531.0,8.9921,0.4009
10532.0,8.9935,0.4015
10533.0,9.0122,0.3948
10534.0,8.9757,0.4007
10535.0,8.9818,0.4033
10536.0,9.0165,0.4014
10537.0,8.9824,0.3989
10538.0,8.9727,0.3958
10539.0,9.028,0.4015
10540.0,8.9791,0.4056
10541.0,9.0028,0.402
10542.0,9.001,0.4035
10543.0,8.9578,0.4028
10544.0,8.996,0.3988
10545.0,9.0067,0.4003
10546.0,9.0053,0.4026
10547.0,9.0136,0.3953
10548.0,8.9942,0.402
10549.0,9.0107,0.4038
10550.0,8.9897,0.3998
10551.0,8.9788,0.4024
10552.0,8.9805,0.3983
10553.0,8.9781,0.4001
10554.0,9.0151,0.3992
10555.0,8.9773,0.4014
10556.0,9.0041,0.3997
10557.0,8.996,0.395
10558.0,8.9985,0.3978
10559.0,9.0205,0.4058
10560.0,8.9934,0.4017
10561.0,9.0092,0.3937
10562.0,9.0006,0.4036
10563.0,8.9977,0.3965
10564.0,9.0345,0.4027
10565.0,8.9784,0.4039
10566.0,9.0193,0.4003
10567.0,9.0098,0.397
10568.0,8.9928,0.3979
10569.0,9.0244,0.4019
10570.0,8.9723,0.3966
10571.0,8.9922,0.3983
10572.0,8.9819,0.4015
10573.0,9.0062,0.398
10574.0,8.9833,0.4043
10575.0,9.0065,0.3969
10576.0,8.9972,0.3901
10577.0,8.9928,0.3977
10578.0,9.0058,0.4009
10579.0,8.996,0.4026
10580.0,8.9837,0.3988
10581.0,9.042,0.3992
10582.0,8.9927,0.3999
10583.0,8.9667,0.4052
10584.0,8.9874,0.4011
10585.0,8.981,0.3985
10586.0,9.0124,0.4062
10587.0,9.0048,0.4
10588.0,9.006,0.3938
10589.0,8.9944,0.3958
10590.0,8.9958,0.4017
10591.0,8.9944,0.3947
10592.0,8.9988,0.4015
10593.0,9.0125,0.3977
10594.0,9.005,0.4035
10595.0,9.0075,0.4005
10596.0,9.0075,0.3951
10597.0,9.0133,0.4027
10598.0,9.0043,0.4041
10599.0,9.0054,0.3962
10600.0,9.0178,0.3976
10601.0,8.99,0.4015
10602.0,8.9872,0.402
10603.0,8.9822,0.4071
10604.0,9.0027,0.4027
10605.0,8.9722,0.4072
10606.0,9.0069,0.4001
10607.0,8.9984,0.4012
10608.0,9.017,0.3983
10609.0,8.9899,0.3984
10610.0,8.997,0.4004
10611.0,9.0168,0.3983
10612.0,9.0207,0.3923
10613.0,8.9898,0.398
10614.0,9.0027,0.4032
10615.0,9.0044,0.4002
10616.0,9.0056,0.4002
10617.0,8.9961,0.3977
10618.0,9.0192,0.401
10619.0,8.9717,0.405
10620.0,8.9937,0.4042
10621.0,9.0067,0.4011
10622.0,9.0069,0.3974
10623.0,9.0203,0.4053
10624.0,9.018,0.4032
10625.0,8.9957,0.3956
10626.0,9.0195,0.3947
10627.0,8.9893,0.3957
10628.0,9.014,0.3985
10629.0,9.0272,0.4027
10630.0,9.0182,0.4026
10631.0,9.0016,0.401
10632.0,8.995,0.3996
10633.0,8.9771,0.4071
10634.0,9.0047,0.4001
10635.0,8.9833,0.3997
10636.0,8.9881,0.3985
10637.0,8.9821,0.4066
10638.0,8.9931,0.4022
10639.0,8.9996,0.3969
10640.0,9.0041,0.3965
10641.0,8.991,0.395
10642.0,9.016,0.3997
10643.0,8.9969,0.3955
10644.0,8.9882,0.3965
10645.0,9.0034,0.4032
10646.0,9.0295,0.4027
10647.0,9.005,0.4045
10648.0,8.9946,0.3956
10649.0,8.9771,0.397
10650.0,8.9967,0.3981
10651.0,9.0035,0.4049
10652.0,8.9942,0.4002
10653.0,8.975,0.4055
10654.0,8.9872,0.4019
10655.0,9.0218,0.3997
10656.0,9.0215,0.4017
10657.0,8.9867,0.3948
10658.0,9.0101,0.3938
10659.0,8.9823,0.4008
10660.0,9.0211,0.4
10661.0,9.0037,0.4058
10662.0,9.0142,0.3959
10663.0,8.9743,0.4011
10664.0,9.0102,0.4021
10665.0,8.9999,0.401
10666.0,9.0128,0.4033
10667.0,9.0137,0.3981
10668.0,9.001,0.4025
10669.0,8.991,0.4017
10670.0,9.0117,0.4035
10671.0,8.9991,0.3985
10672.0,8.9869,0.3964
10673.0,8.9862,0.3981
10674.0,8.9778,0.3968
10675.0,8.9923,0.3983
10676.0,9.0165,0.399
10677.0,9.0027,0.3973
10678.0,8.9921,0.4
10679.0,9.0121,0.3965
10680.0,8.9875,0.3998
10681.0,9.0014,0.3985
10682.0,8.9973,0.3996
10683.0,9.0117,0.4012
10684.0,8.9763,0.3987
10685.0,8.9872,0.3977
10686.0,8.9754,0.398
10687.0,8.9961,0.4031
10688.0,9.0182,0.4038
10689.0,8.9924,0.3985
10690.0,8.9923,0.3995
10691.0,9.0131,0.3949
10692.0,9.016,0.3995
10693.0,8.9987,0.3956
10694.0,9.0103,0.3985
10695.0,8.9838,0.4032
10696.0,9.0207,0.3955
10697.0,9.0322,0.3973
10698.0,9.0078,0.3973
10699.0,8.9687,0.395
10700.0,8.9916,0.4026
10701.0,9.0092,0.4008
10702.0,8.9937,0.4054
10703.0,9.0191,0.397
10704.0,9.0088,0.3947
10705.0,8.9894,0.4028
10706.0,9.0005,0.3989
10707.0,8.9866,0.3986
10708.0,8.9973,0.4044
10709.0,8.9917,0.4005
10710.0,9.0176,0.4027
10711.0,9.0317,0.3981
10712.0,8.9785,0.3978
10713.0,8.9712,0.3989
10714.0,8.9963,0.402
10715.0,8.9772,0.4002
10716.0,9.0007,0.4014
10717.0,9.0112,0.3922
10718.0,9.0224,0.3944
10719.0,9.003,0.3935
10720.0,8.9971,0.3989
10721.0,8.9703,0.3958
10722.0,9.0004,0.4051
10723.0,9.0011,0.3999
10724.0,9.0096,0.4007
10725.0,8.9894,0.3967
10726.0,8.9935,0.3966
10727.0,8.9778,0.4047
10728.0,8.9656,0.4053
10729.0,8.9834,0.4012
10730.0,8.9764,0.3939
10731.0,9.0051,0.3987
10732.0,8.9922,0.4009
10733.0,8.9919,0.3993
10734.0,8.9852,0.3936
10735.0,8.9515,0.4055
10736.0,9.0226,0.3975
10737.0,8.985,0.396
10738.0,8.9938,0.3999
10739.0,8.9782,0.4036
10740.0,9.0146,0.4015
10741.0,9.0022,0.3961
10742.0,8.9876,0.3956
10743.0,8.9941,0.3934
10744.0,9.0252,0.3991
10745.0,8.9989,0.3986
10746.0,8.9973,0.4015
10747.0,8.9859,0.3979
10748.0,8.9716,0.4029
10749.0,8.9976,0.402
10750.0,9.0049,0.3978
10751.0,9.0165,0.4012
10752.0,8.9663,0.404
10753.0,8.9831,0.3971
10754.0,8.9913,0.3994
10755.0,8.9999,0.3993
10756.0,8.9978,0.3989
10757.0,8.9982,0.4024
10758.0,9.0061,0.4026
10759.0,8.9865,0.4012
10760.0,9.014,0.4011
10761.0,9.0065,0.3983
10762.0,8.9952,0.401
10763.0,9.024,0.3961
10764.0,9.0233,0.4074
10765.0,9.014,0.4041
10766.0,8.9547,0.4029
10767.0,9.0237,0.4012
10768.0,9.0119,0.4012
10769.0,9.0301,0.3949
10770.0,9.0186,0.3962
10771.0,9.0237,0.3966
10772.0,9.0132,0.4002
10773.0,9.0202,0.3992
10774.0,9.0299,0.4024
10775.0,9.0032,0.3971
10776.0,8.9764,0.4031
10777.0,8.9954,0.3975
10778.0,9.0058,0.3987
10779.0,9.0011,0.4027
10780.0,8.9813,0.4015
10781.0,8.9755,0.3962
10782.0,8.9889,0.4032
10783.0,9.0121,0.4003
10784.0,9.0237,0.3936
10785.0,9.0137,0.3975
10786.0,9.0159,0.3988
10787.0,8.9988,0.3965
10788.0,8.9739,0.404
10789.0,8.9932,0.3989
10790.0,8.9961,0.4014
10791.0,8.9925,0.4006
10792.0,9.0008,0.4021
10793.0,9.0066,0.405
10794.0,9.0128,0.402
10795.0,8.9958,0.4052
10796.0,8.9714,0.4021
10797.0,8.9928,0.4004
10798.0,9.0007,0.401
10799.0,9.0183,0.3921
10800.0,8.9915,0.3986
10801.0,9.0077,0.3996
10802.0,9.0044,0.4013
10803.0,9.0007,0.3999
10804.0,9.014,0.401
10805.0,8.9901,0.396
10806.0,8.9914,0.3953
10807.0,8.9998,0.3965
10808.0,8.9904,0.4047
10809.0,9.0076,0.3962
10810.0,8.9893,0.3976
10811.0,9.0034,0.4003
10812.0,8.9985,0.3952
10813.0,9.0032,0.3974
10814.0,8.9931,0.402
10815.0,8.9949,0.3987
10816.0,9.0014,0.4051
10817.0,9.003,0.3949
10818.0,8.9999,0.399
10819.0,9.0256,0.3987
10820.0,8.9851,0.4
10821.0,8.999,0.3963
10822.0,8.9764,0.3983
10823.0,9.0056,0.4024
10824.0,8.9833,0.3992
10825.0,8.9958,0.3968
10826.0,8.9944,0.4062
10827.0,9.0042,0.4001
10828.0,8.9917,0.4018
10829.0,8.9911,0.4023
10830.0,9.0215,0.3998
10831.0,9.0043,0.3976
10832.0,8.9916,0.4006
10833.0,8.9962,0.3979
10834.0,9.0247,0.4011
10835.0,8.9965,0.3995
10836.0,8.9897,0.4031
10837.0,8.9897,0.3966
10838.0,8.9918,0.4022
10839.0,8.9911,0.4018
10840.0,8.9808,0.3993
10841.0,8.9831,0.4022
10842.0,8.9876,0.4013
10843.0,9.0089,0.402
10844.0,8.9943,0.4018
10845.0,8.9969,0.4002
10846.0,9.0191,0.3982
10847.0,9.0194,0.3982
10848.0,8.9958,0.3994
10849.0,8.9905,0.4025
10850.0,8.987,0.4019
10851.0,9.0104,0.403
10852.0,8.9969,0.4033
10853.0,8.9942,0.3993
10854.0,8.9878,0.4059
10855.0,8.9885,0.3997
10856.0,9.0048,0.3985
10857.0,8.9803,0.401
10858.0,9.0149,0.4015
10859.0,8.992,0.3978
10860.0,8.9978,0.3995
10861.0,8.9799,0.3987
10862.0,8.9998,0.4004
10863.0,8.9951,0.4024
10864.0,8.9992,0.3992
10865.0,9.0221,0.4017
10866.0,9.0027,0.3958
10867.0,8.9881,0.4027
10868.0,8.9893,0.3986
10869.0,9.0089,0.3986
10870.0,9.0195,0.4012
10871.0,9.0042,0.4014
10872.0,9.0103,0.3997
10873.0,9.0091,0.3973
10874.0,9.0213,0.3986
10875.0,8.9708,0.4003
10876.0,9.01,0.4015
10877.0,9.0148,0.3975
10878.0,8.9799,0.3981
10879.0,8.9867,0.4008
10880.0,8.9872,0.3998
10881.0,8.9891,0.4004
10882.0,8.9928,0.3922
10883.0,9.0036,0.3991
10884.0,9.013,0.4026
10885.0,9.0162,0.3982
10886.0,8.9874,0.4015
10887.0,8.9873,0.3964
10888.0,9.0197,0.3953
10889.0,9.0097,0.4013
10890.0,9.0012,0.3998
10891.0,9.0071,0.399
10892.0,8.9996,0.4025
10893.0,9.0079,0.3991
10894.0,8.995,0.3981
10895.0,9.004,0.3978
10896.0,8.9773,0.3971
10897.0,8.9897,0.4014
10898.0,8.9898,0.3991
10899.0,8.9944,0.4034
10900.0,8.9861,0.3911
10901.0,8.992,0.4028
10902.0,8.9773,0.4011
10903.0,9.0082,0.3997
10904.0,8.9988,0.3961
10905.0,8.9744,0.395
10906.0,8.9875,0.4023
10907.0,9.005,0.4007
10908.0,8.9919,0.4007
10909.0,8.9895,0.3997
10910.0,8.9989,0.4025
10911.0,9.0052,0.3982
10912.0,8.9785,0.399
10913.0,9.0083,0.3995
10914.0,8.988,0.3994
10915.0,8.9997,0.404
10916.0,8.9995,0.3962
10917.0,8.9921,0.3941
10918.0,8.9846,0.3956
10919.0,8.9957,0.4021
10920.0,9.0244,0.3997
10921.0,8.9796,0.3952
10922.0,9.0254,0.4003
10923.0,8.9961,0.399
10924.0,9.0005,0.4017
10925.0,8.9837,0.4024
10926.0,8.9884,0.4076
10927.0,8.9925,0.3965
10928.0,8.9843,0.3944
10929.0,8.9969,0.4018
10930.0,8.9939,0.403
10931.0,9.0278,0.3962
10932.0,8.9825,0.3962
10933.0,9.0015,0.401
10934.0,9.0037,0.4051
10935.0,8.9839,0.3974
10936.0,9.0103,0.4003
10937.0,8.994,0.3943
10938.0,8.9626,0.3994
10939.0,9.0099,0.3997
10940.0,8.9832,0.4044
10941.0,8.9843,0.3979
10942.0,9.0103,0.4021
10943.0,8.9948,0.3977
10944.0,9.0138,0.4003
10945.0,9.0182,0.4062
10946.0,8.9903,0.4054
10947.0,9.0119,0.4059
10948.0,8.9887,0.4012
10949.0,9.0335,0.3994
10950.0,8.9896,0.4009
10951.0,9.0154,0.4014
10952.0,9.0127,0.4012
10953.0,9.0047,0.3979
10954.0,8.9899,0.3977
10955.0,8.9977,0.3982
10956.0,8.9677,0.4032
10957.0,9.0034,0.4035
10958.0,9.0052,0.4096
10959.0,9.002,0.4013
10960.0,8.9554,0.3976
10961.0,8.981,0.3986
10962.0,8.9888,0.3995
10963.0,9.0044,0.4045
10964.0,9.0043,0.4022
10965.0,8.9974,0.396
10966.0,9.0095,0.3998
10967.0,8.9846,0.3956
10968.0,9.0092,0.4018
10969.0,9.0071,0.3979
10970.0,9.0057,0.3982
10971.0,8.9973,0.3944
10972.0,9.0275,0.4023
10973.0,9.0074,0.4036
10974.0,8.9855,0.3979
10975.0,9.0037,0.3995
10976.0,9.0113,0.3986
10977.0,8.9912,0.3993
10978.0,9.0163,0.3975
10979.0,9.0057,0.3967
10980.0,8.9649,0.4041
10981.0,9.0045,0.3921
10982.0,8.9939,0.4015
10983.0,9.0081,0.4008
10984.0,9.0142,0.405
10985.0,9.0029,0.3993
10986.0,9.025,0.3989
10987.0,8.9973,0.3976
10988.0,9.0094,0.4011
10989.0,9.0121,0.3979
10990.0,8.9985,0.3966
10991.0,9.0117,0.3978
10992.0,8.9911,0.3972
10993.0,8.9937,0.397
10994.0,8.9803,0.4003
10995.0,9.0036,0.3994
10996.0,9.0049,0.4016
10997.0,9.0177,0.4004
10998.0,9.0119,0.3964
10999.0,8.9957,0.3936
11000.0,8.9823,0.5703
11001.0,9.0065,0.5758
11002.0,9.0167,0.5757
11003.0,9.0113,0.5765
11004.0,9.0163,0.576
11005.0,8.9968,0.5768
11006.0,8.993,0.5747
11007.0,8.9889,0.5789
11008.0,8.9992,0.5744
11009.0,8.9988,0.5795
11010.0,9.0031,0.5716
11011.0,8.9981,0.5716
11012.0,8.998,0.3994
11013.0,8.9883,0.3999
11014.0,9.0141,0.399
11015.0,9.0011,0.4016
11016.0,8.9974,0.3997
11017.0,8.9888,0.3982
11018.0,8.98,0.3988
11019.0,9.0196,0.4037
11020.0,9.0083,0.401
11021.0,8.9756,0.395
11022.0,9.0114,0.4045
11023.0,9.0138,0.4013
11024.0,9.0019,0.4019
11025.0,9.024,0.4028
11026.0,9.0033,0.4029
11027.0,8.9787,0.3972
11028.0,9.0055,0.3968
11029.0,9.0037,0.4072
11030.0,8.991,0.3979
11031.0,9.0086,0.4011
11032.0,8.975,0.4049
11033.0,9.0149,0.3987
11034.0,8.9868,0.3989
11035.0,8.9852,0.4028
11036.0,8.9983,0.4006
11037.0,9.0065,0.4015
11038.0,9.0025,0.3998
11039.0,8.9889,0.3984
11040.0,8.9924,0.399
11041.0,8.983,0.4036
11042.0,8.9966,0.3991
11043.0,9.0161,0.4013
11044.0,8.9999,0.3971
11045.0,9.0129,0.4061
11046.0,9.0218,0.401
11047.0,8.9912,0.401
11048.0,8.9972,0.4028
11049.0,9.0326,0.3986
11050.0,9.0217,0.4036
11051.0,8.9749,0.3955
11052.0,9.0058,0.3982
11053.0,9.0,0.3976
11054.0,9.0124,0.3944
11055.0,8.9888,0.3984
11056.0,8.9874,0.3998
11057.0,8.9899,0.3967
11058.0,8.9914,0.3963
11059.0,9.0122,0.4001
11060.0,8.9823,0.3998
11061.0,8.9907,0.3992
11062.0,8.9732,0.3962
11063.0,9.0151,0.3988
11064.0,9.0191,0.398
11065.0,8.9951,0.4003
11066.0,8.9955,0.3983
11067.0,9.0068,0.3999
11068.0,9.0221,0.3961
11069.0,9.0061,0.3958
11070.0,8.9895,0.4017
11071.0,8.9757,0.4023
11072.0,8.9833,0.3988
11073.0,9.0011,0.4001
11074.0,8.9902,0.3987
11075.0,9.0029,0.4033
11076.0,8.9917,0.3994
11077.0,8.9841,0.3985
11078.0,8.9823,0.4029
11079.0,9.0234,0.3977
11080.0,9.0133,0.4005
11081.0,9.026,0.3969
11082.0,9.0081,0.402
11083.0,8.9936,0.4024
11084.0,9.0199,0.3961
11085.0,8.9995,0.3957
11086.0,9.0033,0.4009
11087.0,8.9994,0.4058
11088.0,8.9558,0.4027
11089.0,9.0241,0.3994
11090.0,9.0074,0.3974
11091.0,9.0049,0.3964
11092.0,8.9991,0.4022
11093.0,9.0025,0.4028
11094.0,8.991,0.3981
11095.0,9.0092,0.3993
11096.0,8.9804,0.4001
11097.0,9.0028,0.4054
11098.0,9.0084,0.4002
11099.0,8.997,0.3971
11100.0,9.0056,0.3965
11101.0,8.9851,0.3973
11102.0,8.9855,0.4038
11103.0,9.0036,0.4015
11104.0,9.0102,0.399
11105.0,8.9719,0.3912
11106.0,9.0078,0.3974
11107.0,8.9919,0.401
11108.0,8.9971,0.4011
11109.0,8.9799,0.401
11110.0,8.9872,0.396
11111.0,9.0145,0.4005
11112.0,9.0005,0.3971
11113.0,8.9943,0.4
11114.0,8.9983,0.3977
11115.0,9.0073,0.4032
11116.0,9.0066,0.401
11117.0,8.9989,0.3996
11118.0,9.0164,0.4041
11119.0,9.0146,0.3989
11120.0,9.0062,0.3958
11121.0,9.0008,0.4032
11122.0,9.0099,0.4008
11123.0,9.0047,0.399
11124.0,9.0159,0.3981
11125.0,9.0135,0.4015
11126.0,8.9847,0.4024
11127.0,8.9837,0.3977
11128.0,8.9895,0.4017
11129.0,9.0146,0.4008
11130.0,8.9764,0.3975
11131.0,9.0059,0.4
11132.0,9.0054,0.3984
11133.0,9.0174,0.4037
11134.0,9.0027,0.3981
11135.0,8.9799,0.4045
11136.0,8.9856,0.4004
11137.0,8.9823,0.3948
11138.0,8.9919,0.3935
11139.0,8.9973,0.3994
11140.0,8.9825,0.404
11141.0,9.0221,0.4037
11142.0,8.9801,0.4005
11143.0,9.0202,0.3978
11144.0,9.0178,0.3987
11145.0,9.0135,0.4006
11146.0,8.9896,0.4033
11147.0,9.0051,0.4017
11148.0,8.9808,0.4029
11149.0,9.0137,0.4019
11150.0,8.9989,0.4028
11151.0,8.9939,0.3932
11152.0,8.9816,0.3973
11153.0,8.9628,0.3967
11154.0,8.9844,0.3964
11155.0,9.0167,0.4
11156.0,8.994,0.3957
11157.0,8.9975,0.3972
11158.0,9.0098,0.3997
11159.0,9.0271,0.3952
11160.0,9.0199,0.3985
11161.0,8.9854,0.4019
11162.0,8.9709,0.3963
11163.0,9.0354,0.4024
11164.0,9.034,0.3976
11165.0,9.0028,0.4008
11166.0,8.9809,0.3967
11167.0,9.0144,0.4014
11168.0,8.9984,0.3991
11169.0,8.9983,0.4014
11170.0,9.0134,0.3984
11171.0,9.005,0.4017
11172.0,8.9822,0.4025
11173.0,8.9951,0.4004
11174.0,9.0099,0.3986
11175.0,9.0077,0.3993
11176.0,9.0039,0.3962
11177.0,9.014,0.4006
11178.0,8.9946,0.4019
11179.0,9.0027,0.4047
11180.0,8.9494,0.4039
11181.0,8.9933,0.3971
11182.0,9.0115,0.4006
11183.0,8.9941,0.3996
11184.0,8.993,0.4037
11185.0,8.9844,0.3979
11186.0,9.0151,0.4026
11187.0,9.0082,0.397
11188.0,9.0124,0.3997
11189.0,8.9741,0.3973
11190.0,8.9976,0.3941
11191.0,8.9958,0.3973
11192.0,8.9958,0.3992
11193.0,8.9908,0.4043
11194.0,8.9948,0.3967
11195.0,9.0127,0.3982
11196.0,8.9713,0.3957
11197.0,9.0267,0.4035
11198.0,9.0073,0.3986
11199.0,8.9994,0.399
11200.0,9.0136,0.399
11201.0,8.9782,0.3941
11202.0,8.99,0.3956
11203.0,8.9982,0.3971
11204.0,9.0205,0.4018
11205.0,8.9993,0.3925
11206.0,9.0068,0.4016
11207.0,8.9912,0.401
11208.0,9.0073,0.3946
11209.0,9.0252,0.399
11210.0,9.0149,0.4035
11211.0,8.9988,0.3968
11212.0,9.0101,0.3983
11213.0,9.0087,0.4083
11214.0,9.0076,0.401
11215.0,9.0167,0.3992
11216.0,9.0166,0.3986
11217.0,8.9981,0.4011
11218.0,9.0096,0.4021
11219.0,8.9943,0.3935
11220.0,8.9862,0.3933
11221.0,8.996,0.397
11222.0,8.9989,0.3995
11223.0,8.9751,0.4002
11224.0,9.0129,0.3949
11225.0,8.9585,0.3994
11226.0,9.0407,0.3998
11227.0,9.0225,0.3975
11228.0,8.9961,0.3984
11229.0,9.0001,0.3978
11230.0,9.0045,0.4014
11231.0,8.9912,0.4
11232.0,9.0029,0.3966
11233.0,8.9978,0.4029
11234.0,8.9986,0.3959
11235.0,9.0027,0.3949
11236.0,8.9803,0.3993
11237.0,9.0006,0.3992
11238.0,9.0025,0.4002
11239.0,9.0019,0.3965
11240.0,8.9968,0.4027
11241.0,9.0171,0.4051
11242.0,8.9947,0.3999
11243.0,9.0034,0.4009
11244.0,9.0195,0.3937
11245.0,8.9988,0.3987
11246.0,9.0032,0.3979
11247.0,8.9986,0.3974
11248.0,9.0186,0.398
11249.0,8.9961,0.3983
11250.0,9.0193,0.3956
11251.0,8.9984,0.3985
11252.0,8.9871,0.3969
11253.0,9.0102,0.4024
11254.0,8.9954,0.401
11255.0,9.0093,0.401
11256.0,8.9591,0.4029
11257.0,9.0001,0.3975
11258.0,8.9931,0.4008
11259.0,8.9841,0.4032
11260.0,8.9917,0.3973
11261.0,8.9914,0.3939
11262.0,8.9993,0.3979
11263.0,8.9795,0.4029
11264.0,9.0047,0.3971
11265.0,9.0205,0.3986
11266.0,9.0042,0.3977
11267.0,9.0121,0.3994
11268.0,9.0164,0.3969
11269.0,9.0185,0.3956
11270.0,9.0281,0.3987
11271.0,8.9925,0.3992
11272.0,8.9892,0.4033
11273.0,9.0118,0.4002
11274.0,9.0106,0.3965
11275.0,9.0116,0.3978
11276.0,9.0283,0.4021
11277.0,9.0002,0.3987
11278.0,9.0064,0.3967
11279.0,8.9853,0.4002
11280.0,9.032,0.3976
11281.0,8.995,0.4014
11282.0,8.9954,0.4011
11283.0,8.9948,0.3966
11284.0,8.9903,0.4054
11285.0,8.9891,0.3996
11286.0,8.9921,0.392
11287.0,8.9795,0.4011
11288.0,8.9882,0.3922
11289.0,9.0292,0.4031
11290.0,9.011,0.4002
11291.0,9.0139,0.3996
11292.0,9.0177,0.3997
11293.0,9.0275,0.4015
11294.0,8.9734,0.3983
11295.0,8.9816,0.3997
11296.0,8.9879,0.4001
11297.0,8.993,0.3911
11298.0,8.9955,0.4015
11299.0,8.9933,0.402
11300.0,9.0033,0.4011
11301.0,9.0005,0.4009
11302.0,8.9892,0.4045
11303.0,8.9674,0.3996
11304.0,8.9851,0.3997
11305.0,8.9918,0.3978
11306.0,8.9963,0.394
11307.0,8.9831,0.4011
11308.0,8.9926,0.3981
11309.0,8.983,0.394
11310.0,8.9981,0.3995
11311.0,8.9839,0.3994
11312.0,8.9873,0.3991
11313.0,8.9804,0.4002
11314.0,8.9977,0.3951
11315.0,8.987,0.4027
11316.0,9.0136,0.401
11317.0,9.0061,0.4035
11318.0,8.999,0.3981
11319.0,8.988,0.401
11320.0,9.0057,0.3941
11321.0,9.0104,0.3972
11322.0,9.0021,0.3956
11323.0,9.0241,0.4005
11324.0,9.0069,0.3964
11325.0,9.0137,0.3984
11326.0,9.002,0.3997
11327.0,9.0101,0.3985
11328.0,8.988,0.3958
11329.0,8.9931,0.4047
11330.0,9.0052,0.4001
11331.0,9.0051,0.4047
11332.0,9.0076,0.3966
11333.0,9.0165,0.3986
11334.0,8.9786,0.4
11335.0,8.9854,0.4043
11336.0,9.0034,0.4047
11337.0,8.9891,0.3984
11338.0,9.0507,0.3976
11339.0,9.0077,0.3997
11340.0,8.9988,0.4033
11341.0,8.9923,0.4002
11342.0,8.9928,0.4007
11343.0,9.0005,0.4033
11344.0,9.0017,0.4028
11345.0,8.9931,0.403
11346.0,8.9959,0.4019
11347.0,9.0202,0.4041
11348.0,9.0208,0.3964
11349.0,9.0038,0.4067
11350.0,8.9799,0.4032
11351.0,9.0081,0.3995
11352.0,9.0233,0.4033
11353.0,9.0205,0.399
11354.0,9.011,0.4014
11355.0,9.0213,0.4018
11356.0,9.0008,0.4026
11357.0,9.0094,0.3986
11358.0,8.9898,0.4027
11359.0,9.0044,0.3987
11360.0,9.0199,0.4022
11361.0,8.9912,0.3999
11362.0,8.9871,0.3945
11363.0,9.0015,0.3978
11364.0,8.9966,0.4025
11365.0,9.0097,0.3991
11366.0,8.9932,0.4036
11367.0,9.0258,0.3964
11368.0,8.9807,0.4021
11369.0,9.0188,0.3999
11370.0,8.9885,0.3993
11371.0,8.9731,0.3965
11372.0,9.0036,0.4006
11373.0,8.9962,0.397
11374.0,8.9834,0.3981
11375.0,8.9748,0.3996
11376.0,8.9999,0.3989
11377.0,9.0146,0.4031
11378.0,9.0088,0.3922
11379.0,9.0009,0.3995
11380.0,9.0072,0.3989
11381.0,8.9996,0.4
11382.0,8.9786,0.3984
11383.0,8.9787,0.4031
11384.0,8.997,0.3992
11385.0,8.9976,0.4004
11386.0,9.0128,0.4027
11387.0,9.0114,0.4002
11388.0,9.0091,0.3962
11389.0,8.9958,0.3987
11390.0,8.9793,0.3996
11391.0,9.0062,0.3951
11392.0,9.0079,0.3979
11393.0,8.9642,0.3998
11394.0,8.9875,0.406
11395.0,8.9896,0.4011
11396.0,9.0018,0.4005
11397.0,8.9879,0.4051
11398.0,8.9994,0.4018
11399.0,8.9968,0.4022
11400.0,8.9976,0.3988
11401.0,8.9893,0.3962
11402.0,8.9904,0.4008
11403.0,8.9838,0.4055
11404.0,9.0057,0.4045
11405.0,9.0086,0.402
11406.0,8.9884,0.3979
11407.0,9.0228,0.3953
11408.0,8.9953,0.3975
11409.0,9.023,0.4007
11410.0,8.9904,0.3986
11411.0,8.9696,0.403
11412.0,9.006,0.3955
11413.0,9.0037,0.3996
11414.0,9.0005,0.3977
11415.0,8.9904,0.403
11416.0,8.9995,0.4016
11417.0,8.9923,0.3975
11418.0,8.9955,0.4026
11419.0,9.0126,0.3951
11420.0,9.0028,0.3946
11421.0,9.0091,0.3973
11422.0,8.9965,0.3941
11423.0,8.9949,0.3997
11424.0,8.9827,0.3998
11425.0,8.9944,0.3988
11426.0,8.9502,0.4016
11427.0,8.9911,0.3978
11428.0,8.9988,0.3961
11429.0,9.0085,0.3976
11430.0,8.996,0.3963
11431.0,9.0052,0.3982
11432.0,8.9673,0.4018
11433.0,8.9991,0.3947
11434.0,8.9748,0.399
11435.0,8.9819,0.4029
11436.0,8.9972,0.4032
11437.0,9.0191,0.398
11438.0,9.0056,0.4066
11439.0,9.0003,0.3968
11440.0,8.9997,0.3993
11441.0,8.9893,0.3965
11442.0,8.9918,0.4013
11443.0,9.0064,0.4084
11444.0,8.9792,0.4055
11445.0,9.0089,0.4025
11446.0,8.9942,0.3982
11447.0,9.0124,0.3995
11448.0,9.0144,0.4033
11449.0,8.9749,0.4022
11450.0,8.9913,0.4002
11451.0,8.9872,0.4004
11452.0,8.9728,0.4032
11453.0,8.9845,0.4039
11454.0,9.0366,0.3955
11455.0,9.0091,0.4007
11456.0,9.0288,0.4017
11457.0,9.0124,0.3984
11458.0,8.9889,0.4038
11459.0,8.9943,0.3991
11460.0,9.0088,0.4039
11461.0,9.0066,0.3989
11462.0,8.9913,0.4008
11463.0,8.9774,0.4007
11464.0,9.0493,0.405
11465.0,8.9979,0.4022
11466.0,8.9951,0.3986
11467.0,9.0017,0.3992
11468.0,8.9964,0.3992
11469.0,9.0018,0.4001
11470.0,9.0193,0.3972
11471.0,8.9981,0.3998
11472.0,8.9826,0.4041
11473.0,8.9976,0.404
11474.0,8.993,0.3953
11475.0,9.0214,0.3948
11476.0,9.0176,0.3982
11477.0,9.0016,0.3947
11478.0,8.9808,0.3962
11479.0,8.9816,0.4011
11480.0,9.0002,0.3999
11481.0,9.005,0.3948
11482.0,8.9944,0.4035
11483.0,8.9928,0.3987
11484.0,8.9911,0.3984
11485.0,8.9996,0.403
11486.0,8.9643,0.4012
11487.0,8.9835,0.3999
11488.0,8.9906,0.3985
11489.0,9.0181,0.4017
11490.0,8.9878,0.3987
11491.0,9.0027,0.3993
11492.0,9.0034,0.3965
11493.0,9.0195,0.4034
11494.0,9.0189,0.4047
11495.0,8.9991,0.4006
11496.0,8.9929,0.3985
11497.0,8.99,0.4028
11498.0,8.9964,0.4018
11499.0,8.9935,0.3987
11500.0,9.0083,0.4035
11501.0,9.0063,0.3987
11502.0,9.0089,0.3961
11503.0,9.0189,0.3998
11504.0,9.0279,0.4033
11505.0,9.0019,0.4003
11506.0,9.0165,0.3965
11507.0,8.9947,0.3988
11508.0,9.0178,0.4036
11509.0,9.0159,0.4008
11510.0,9.0151,0.3999
11511.0,9.0014,0.3996
11512.0,8.99,0.4032
11513.0,8.9791,0.403
11514.0,8.9994,0.3958
11515.0,9.023,0.4028
11516.0,8.9954,0.4015
11517.0,9.0118,0.4048
11518.0,9.0127,0.3998
11519.0,8.9957,0.4034
11520.0,9.0197,0.4014
11521.0,8.9564,0.3967
11522.0,8.9817,0.4031
11523.0,8.9863,0.4024
11524.0,8.9877,0.3981
11525.0,9.005,0.4009
11526.0,9.0044,0.4063
11527.0,9.0059,0.3986
11528.0,9.0089,0.4022
11529.0,8.9857,0.3967
11530.0,8.9817,0.3983
11531.0,9.0059,0.4024
11532.0,8.9905,0.4008
11533.0,8.9764,0.3994
11534.0,9.0146,0.4051
11535.0,9.0209,0.3972
11536.0,9.0234,0.3996
11537.0,9.0028,0.4015
11538.0,9.0094,0.3974
11539.0,9.0205,0.4015
11540.0,8.9904,0.4032
11541.0,9.0167,0.3997
11542.0,9.0041,0.3979
11543.0,9.0137,0.3991
11544.0,9.0028,0.392
11545.0,9.0194,0.403
11546.0,9.0034,0.4008
11547.0,8.9777,0.3995
11548.0,9.0218,0.395
11549.0,8.9858,0.4033
11550.0,9.0188,0.3987
11551.0,8.9986,0.4017
11552.0,9.0176,0.4
11553.0,9.017,0.3952
11554.0,9.0065,0.4038
11555.0,9.0076,0.4032
11556.0,9.0063,0.4023
11557.0,8.9698,0.4009
11558.0,9.0018,0.3964
11559.0,8.9833,0.4026
11560.0,9.0026,0.4066
11561.0,8.9829,0.4003
11562.0,8.9822,0.4004
11563.0,9.0241,0.3967
11564.0,9.016,0.3938
11565.0,8.9999,0.3989
11566.0,9.0028,0.4044
11567.0,8.9963,0.404
11568.0,9.0085,0.3998
11569.0,8.9899,0.4013
11570.0,9.0149,0.3963
11571.0,8.9962,0.4003
11572.0,8.9937,0.3984
11573.0,9.0003,0.4002
11574.0,8.9911,0.3992
11575.0,9.0049,0.3991
11576.0,8.9919,0.403
11577.0,9.007,0.4059
11578.0,9.0182,0.3995
11579.0,8.9892,0.4043
11580.0,8.998,0.3963
11581.0,9.0069,0.3997
11582.0,8.9935,0.3961
11583.0,9.007,0.3991
11584.0,9.0083,0.4021
11585.0,9.0162,0.4034
11586.0,8.9909,0.3977
11587.0,8.9859,0.4014
11588.0,8.9954,0.4037
11589.0,8.9855,0.4033
11590.0,9.0085,0.4008
11591.0,8.9826,0.3982
11592.0,9.035,0.3979
11593.0,9.0194,0.3975
11594.0,9.0002,0.3999
11595.0,9.013,0.3975
11596.0,8.9754,0.402
11597.0,9.0379,0.4007
11598.0,8.9911,0.4005
11599.0,8.9982,0.3945
11600.0,8.9722,0.4001
11601.0,9.0073,0.3986
11602.0,8.9834,0.4065
11603.0,9.0015,0.3962
11604.0,8.9918,0.3994
11605.0,8.9838,0.4011
11606.0,8.9879,0.3971
11607.0,9.0034,0.4058
11608.0,8.9808,0.4058
11609.0,8.9888,0.3974
11610.0,9.0099,0.3982
11611.0,9.039,0.4064
11612.0,9.0072,0.4042
11613.0,8.9862,0.3989
11614.0,8.9945,0.4013
11615.0,9.0005,0.3958
11616.0,8.9948,0.4066
11617.0,9.0135,0.4002
11618.0,9.0033,0.4018
11619.0,9.0136,0.3972
11620.0,8.9953,0.3966
11621.0,9.0199,0.4014
11622.0,8.9975,0.4057
11623.0,8.9854,0.3984
11624.0,9.0327,0.3971
11625.0,8.9726,0.4009
11626.0,8.9889,0.4049
11627.0,8.9906,0.3981
11628.0,9.0376,0.3993
11629.0,9.0271,0.4025
11630.0,9.0224,0.4028
11631.0,8.995,0.3991
11632.0,9.0364,0.4033
11633.0,9.0055,0.4016
11634.0,9.0147,0.4
11635.0,9.0027,0.4027
11636.0,8.9993,0.4023
11637.0,8.9962,0.3969
11638.0,8.9969,0.4045
11639.0,9.0091,0.401
11640.0,9.0055,0.4041
11641.0,8.9995,0.4002
11642.0,9.0226,0.4007
11643.0,8.9555,0.4012
11644.0,9.0076,0.4016
11645.0,9.0108,0.4046
11646.0,9.0172,0.4014
11647.0,8.999,0.3999
11648.0,9.0031,0.403
11649.0,9.0148,0.4013
11650.0,9.0224,0.4089
11651.0,8.9955,0.4009
11652.0,9.004,0.4037
11653.0,9.0252,0.4026
11654.0,8.9681,0.3939
11655.0,8.9896,0.3978
11656.0,9.022,0.3987
11657.0,9.0164,0.3955
11658.0,9.0078,0.3988
11659.0,8.9933,0.3959
11660.0,8.9868,0.3967
11661.0,8.9911,0.4007
11662.0,9.0232,0.4058
11663.0,8.9906,0.3959
11664.0,9.0015,0.3964
11665.0,8.9887,0.3984
11666.0,9.0126,0.3996
11667.0,8.9919,0.3954
11668.0,8.9985,0.3979
11669.0,8.9747,0.3976
11670.0,8.9758,0.401
11671.0,9.0001,0.4013
11672.0,8.9801,0.3995
11673.0,9.0316,0.3989
11674.0,8.9691,0.3979
11675.0,8.988,0.4002
11676.0,9.0003,0.3971
11677.0,8.9945,0.4046
11678.0,8.9834,0.3955
11679.0,8.9856,0.398
11680.0,8.9851,0.4026
11681.0,8.9957,0.3988
11682.0,9.0293,0.402
11683.0,9.0012,0.4052
11684.0,9.0177,0.4025
11685.0,9.0076,0.3964
11686.0,9.0167,0.3965
11687.0,8.958,0.3994
11688.0,8.9954,0.4013
11689.0,9.0196,0.4036
11690.0,8.9914,0.3976
11691.0,9.0264,0.3985
11692.0,9.0223,0.3992
11693.0,8.993,0.3992
11694.0,8.9925,0.4045
11695.0,8.9848,0.3997
11696.0,8.9906,0.4005
11697.0,8.9815,0.4027
11698.0,9.0064,0.4048
11699.0,8.9782,0.3999
11700.0,9.0091,0.4038
11701.0,9.0094,0.4055
11702.0,8.9751,0.3997
11703.0,9.0232,0.3983
11704.0,9.0077,0.4066
11705.0,9.0112,0.4034
11706.0,8.9886,0.4
11707.0,9.0093,0.4019
11708.0,9.0169,0.3969
11709.0,8.9985,0.4033
11710.0,9.03,0.3946
11711.0,9.0007,0.4032
11712.0,9.0171,0.3978
11713.0,9.0044,0.395
11714.0,9.0088,0.394
11715.0,8.9749,0.3986
11716.0,9.0056,0.4021
11717.0,8.989,0.3958
11718.0,8.9873,0.3963
11719.0,9.0262,0.3985
11720.0,8.9968,0.4024
11721.0,8.985,0.4028
11722.0,8.9946,0.4004
11723.0,8.9805,0.403
11724.0,9.0215,0.4021
11725.0,8.9896,0.3987
11726.0,9.0079,0.4027
11727.0,9.0203,0.3961
11728.0,8.9925,0.4015
11729.0,9.008,0.3965
11730.0,8.9845,0.4004
11731.0,9.0367,0.4037
11732.0,9.014,0.4006
11733.0,8.9971,0.4
11734.0,8.9884,0.4007
11735.0,8.9983,0.402
11736.0,8.9949,0.4064
11737.0,9.0293,0.402
11738.0,8.9816,0.3985
11739.0,9.002,0.3994
11740.0,8.9997,0.3973
11741.0,8.9982,0.3963
11742.0,8.9984,0.3927
11743.0,8.9983,0.3986
11744.0,9.0131,0.3958
11745.0,9.0091,0.4003
11746.0,9.0063,0.3985
11747.0,8.9545,0.3967
11748.0,9.0045,0.3937
11749.0,8.9752,0.399
11750.0,9.0097,0.3947
11751.0,9.0221,0.4021
11752.0,8.9861,0.4008
11753.0,8.9961,0.3993
11754.0,8.991,0.4044
11755.0,9.0185,0.4
11756.0,9.0014,0.4012
11757.0,9.0259,0.4021
11758.0,9.0062,0.3984
11759.0,9.0036,0.3985
11760.0,9.001,0.4001
11761.0,9.0123,0.396
11762.0,8.9739,0.4054
11763.0,9.0013,0.4005
11764.0,8.9989,0.3994
11765.0,9.0109,0.4063
11766.0,8.9972,0.3967
11767.0,8.9844,0.4046
11768.0,9.0001,0.4024
11769.0,8.9838,0.4034
11770.0,8.9711,0.3995
11771.0,9.0109,0.4002
11772.0,9.0087,0.399
11773.0,9.007,0.403
11774.0,9.0195,0.4012
11775.0,8.99,0.3983
11776.0,8.9785,0.3985
11777.0,8.9989,0.4
11778.0,8.9948,0.399
11779.0,8.9874,0.4043
11780.0,8.9988,0.4024
11781.0,8.9908,0.4024
11782.0,8.9725,0.4007
11783.0,8.9934,0.3975
11784.0,8.983,0.4021
11785.0,9.0035,0.3937
11786.0,8.9902,0.4005
11787.0,9.0167,0.3976
11788.0,9.0241,0.3973
11789.0,9.0102,0.3986
11790.0,8.9767,0.3997
11791.0,9.0226,0.3999
11792.0,9.0236,0.4024
11793.0,9.0003,0.3995
11794.0,9.0198,0.3997
11795.0,8.9917,0.3958
11796.0,8.972,0.3962
11797.0,8.9886,0.4009
11798.0,9.0259,0.4019
11799.0,8.9776,0.3992
11800.0,9.0,0.4028
11801.0,9.0005,0.3958
11802.0,8.9923,0.4012
11803.0,8.9933,0.3974
11804.0,9.0011,0.3972
11805.0,8.9916,0.3977
11806.0,8.9787,0.3998
11807.0,9.0032,0.4013
11808.0,9.0161,0.4011
11809.0,9.013,0.3991
11810.0,8.9879,0.4019
11811.0,8.9812,0.4051
11812.0,8.9957,0.3996
11813.0,9.0235,0.4003
11814.0,9.0097,0.3982
11815.0,9.0106,0.3988
11816.0,9.0133,0.4037
11817.0,9.0063,0.4038
11818.0,9.0018,0.3994
11819.0,9.0099,0.4015
11820.0,8.9918,0.4028
11821.0,8.9788,0.3987
11822.0,9.0108,0.3961
11823.0,9.0186,0.4021
11824.0,8.9832,0.4027
11825.0,9.0123,0.4022
11826.0,9.0252,0.3989
11827.0,9.0,0.4046
11828.0,8.9877,0.4009
11829.0,9.0018,0.3966
11830.0,8.9917,0.3952
11831.0,8.9907,0.3991
11832.0,9.0065,0.4007
11833.0,8.9759,0.3991
11834.0,8.9783,0.406
11835.0,9.0003,0.4012
11836.0,8.9997,0.3971
11837.0,9.0052,0.3932
11838.0,9.0281,0.4007
11839.0,9.0016,0.403
11840.0,9.009,0.4056
11841.0,8.9854,0.3994
11842.0,9.0115,0.4052
11843.0,8.9921,0.3959
11844.0,9.0011,0.399
11845.0,8.9984,0.397
11846.0,9.0155,0.4024
11847.0,8.9804,0.3961
11848.0,8.9658,0.4012
11849.0,8.9968,0.3963
11850.0,9.007,0.4053
11851.0,9.0023,0.3989
11852.0,9.0185,0.4011
11853.0,9.0066,0.3946
11854.0,8.9915,0.3955
11855.0,8.9651,0.3977
11856.0,8.9964,0.4026
11857.0,9.0154,0.402
11858.0,8.9941,0.4033
11859.0,9.0004,0.3955
11860.0,9.0063,0.4015
11861.0,8.9848,0.3983
11862.0,9.0093,0.3976
11863.0,9.0246,0.3984
11864.0,8.9974,0.3997
11865.0,8.9831,0.402
11866.0,8.999,0.4034
11867.0,8.9666,0.4016
11868.0,9.0051,0.4019
11869.0,9.0068,0.4055
11870.0,9.0251,0.4021
11871.0,8.9971,0.3994
11872.0,9.0061,0.4017
11873.0,8.9871,0.4051
11874.0,8.9947,0.3974
11875.0,8.9771,0.3987
11876.0,8.9971,0.4044
11877.0,8.9954,0.3991
11878.0,9.0045,0.4023
11879.0,8.9906,0.4039
11880.0,9.0013,0.3962
11881.0,8.995,0.3988
11882.0,8.995,0.4036
11883.0,9.0012,0.3996
11884.0,9.0006,0.3939
11885.0,9.0114,0.3985
11886.0,8.9982,0.4024
11887.0,8.9948,0.4038
11888.0,8.9973,0.4002
11889.0,8.9893,0.4015
11890.0,8.9946,0.3989
11891.0,9.0305,0.4027
11892.0,8.9863,0.4043
11893.0,8.9958,0.4023
11894.0,8.9942,0.3996
11895.0,8.9963,0.4013
11896.0,8.995,0.4029
11897.0,9.0042,0.4001
11898.0,8.9743,0.4024
11899.0,9.0156,0.4011
11900.0,9.0095,0.4043
11901.0,8.9814,0.4021
11902.0,8.966,0.3985
11903.0,8.9853,0.4042
11904.0,8.9964,0.4014
11905.0,9.0387,0.3996
11906.0,9.0081,0.3959
11907.0,8.9729,0.4007
11908.0,8.9897,0.4055
11909.0,8.9992,0.3918
11910.0,9.0038,0.3919
11911.0,8.9803,0.4023
11912.0,8.998,0.4007
11913.0,8.9892,0.402
11914.0,8.9834,0.3984
11915.0,9.0039,0.3936
11916.0,9.0116,0.3975
11917.0,9.0126,0.4047
11918.0,9.0086,0.3986
11919.0,8.9925,0.3987
11920.0,9.0107,0.3921
11921.0,9.0046,0.3946
11922.0,9.002,0.4033
11923.0,8.9908,0.3992
11924.0,8.9925,0.403
11925.0,9.0011,0.3977
11926.0,9.0366,0.3956
11927.0,9.0045,0.3992
11928.0,8.9908,0.3983
11929.0,8.9875,0.3975
11930.0,8.9926,0.3976
11931.0,9.0327,0.3996
11932.0,8.994,0.3985
11933.0,9.0136,0.3972
11934.0,8.9944,0.4054
11935.0,9.0039,0.4014
11936.0,9.0119,0.4005
11937.0,8.9914,0.3998
11938.0,8.9904,0.402
11939.0,9.0249,0.4016
11940.0,9.0148,0.3969
11941.0,9.0119,0.3954
11942.0,9.0118,0.3932
11943.0,9.0069,0.4054
11944.0,9.0303,0.3987
11945.0,9.0007,0.4018
11946.0,9.0087,0.4006
11947.0,8.9782,0.4027
11948.0,8.9876,0.3998
11949.0,8.982,0.396
11950.0,9.0191,0.3969
11951.0,8.9617,0.3989
11952.0,8.994,0.3952
11953.0,8.9551,0.3974
11954.0,8.9875,0.3964
11955.0,8.9926,0.399
11956.0,9.0208,0.3985
11957.0,9.0059,0.4004
11958.0,8.9875,0.4026
11959.0,9.016,0.3993
11960.0,9.0003,0.3955
11961.0,9.0006,0.3939
11962.0,8.982,0.4005
11963.0,8.9851,0.398
11964.0,8.9876,0.3995
11965.0,9.0007,0.401
11966.0,9.0012,0.4043
11967.0,9.0232,0.3948
11968.0,9.0058,0.397
11969.0,8.9594,0.3997
11970.0,9.0039,0.3966
11971.0,8.9782,0.3955
11972.0,8.9855,0.4039
11973.0,8.9878,0.3969
11974.0,8.99,0.3961
11975.0,8.9794,0.3966
11976.0,9.0031,0.4033
11977.0,8.9788,0.3979
11978.0,9.0054,0.3958
11979.0,9.0336,0.3975
11980.0,8.9801,0.3999
11981.0,8.9957,0.4027
11982.0,8.9621,0.4024
11983.0,8.9955,0.3977
11984.0,9.0096,0.3984
11985.0,9.0108,0.4063
11986.0,9.0012,0.403
11987.0,9.0133,0.3992
11988.0,9.0382,0.3931
11989.0,9.0257,0.3986
11990.0,8.9922,0.396
11991.0,8.9782,0.3974
11992.0,8.9939,0.3971
11993.0,8.9858,0.3993
11994.0,9.0068,0.4002
11995.0,8.9823,0.3978
11996.0,8.9989,0.3962
11997.0,9.0126,0.3995
11998.0,8.9985,0.3985
11999.0,8.9858,0.3943
12000.0,9.0176,0.4018
12001.0,8.9718,0.3978
12002.0,8.9951,0.3992
12003.0,8.9994,0.3993
12004.0,9.0002,0.4
12005.0,9.0027,0.4004
12006.0,9.0092,0.3961
12007.0,8.9995,0.4009
12008.0,8.9945,0.399
12009.0,8.9939,0.4033
12010.0,8.9908,0.4024
12011.0,9.0118,0.404
12012.0,8.9903,0.3972
12013.0,9.0127,0.4039
12014.0,9.0003,0.4003
12015.0,8.9922,0.4021
12016.0,9.0093,0.402
12017.0,8.9891,0.4014
12018.0,9.0096,0.3967
12019.0,9.0032,0.4029
12020.0,8.9911,0.4011
12021.0,9.0079,0.3956
12022.0,9.0082,0.3985
12023.0,9.0174,0.3964
12024.0,9.0145,0.3957
12025.0,9.0074,0.4026
12026.0,8.9831,0.3956
12027.0,9.0367,0.396
12028.0,8.9789,0.4059
12029.0,9.0142,0.3987
12030.0,9.0065,0.402
12031.0,8.9824,0.4034
12032.0,8.9981,0.4023
12033.0,8.9988,0.4004
12034.0,9.0196,0.3999
12035.0,8.9893,0.4016
12036.0,8.9961,0.3993
12037.0,8.965,0.4021
12038.0,9.026,0.3992
12039.0,8.9839,0.3996
12040.0,9.0049,0.4056
12041.0,8.9985,0.3986
12042.0,8.9985,0.4001
12043.0,9.0121,0.4013
12044.0,9.0251,0.4015
12045.0,9.0038,0.4009
12046.0,9.0098,0.3962
12047.0,9.0049,0.4005
12048.0,9.0153,0.4007
12049.0,8.9931,0.4034
12050.0,9.0161,0.4022
12051.0,9.0167,0.4036
12052.0,9.0162,0.397
12053.0,8.9901,0.397
12054.0,8.9975,0.401
12055.0,9.0036,0.4034
12056.0,8.9794,0.3994
12057.0,9.0239,0.3978
12058.0,8.9998,0.3952
12059.0,9.0043,0.4011
12060.0,8.9913,0.3997
12061.0,8.9801,0.3987
12062.0,8.9909,0.4027
12063.0,9.0033,0.3997
12064.0,9.0101,0.4
12065.0,9.0024,0.4027
12066.0,9.0052,0.4066
12067.0,8.9949,0.3987
12068.0,9.0074,0.3974
12069.0,9.0222,0.397
12070.0,9.0106,0.4014
12071.0,9.0121,0.3967
12072.0,9.0044,0.3989
12073.0,8.9775,0.3991
12074.0,8.9843,0.4047
12075.0,9.0068,0.4036
12076.0,8.9998,0.3954
12077.0,9.0066,0.4048
12078.0,9.0251,0.3964
12079.0,9.0109,0.4005
12080.0,9.0189,0.3975
12081.0,9.0014,0.3988
12082.0,8.9879,0.3971
12083.0,8.9991,0.405
12084.0,8.9879,0.3996
12085.0,9.0234,0.4007
12086.0,9.0119,0.3968
12087.0,9.0078,0.3958
12088.0,9.0185,0.3987
12089.0,8.9697,0.4016
12090.0,9.0088,0.3996
12091.0,8.9803,0.4029
12092.0,8.9999,0.4004
12093.0,8.9953,0.4
12094.0,9.0099,0.4016
12095.0,9.0034,0.4003
12096.0,9.0202,0.4028
12097.0,8.991,0.4017
12098.0,9.0106,0.4027
12099.0,9.0024,0.4021
12100.0,8.9755,0.4041
12101.0,8.9862,0.4025
12102.0,8.9978,0.4052
12103.0,9.0167,0.3984
12104.0,9.007,0.4025
12105.0,8.9825,0.3959
12106.0,8.9979,0.4028
12107.0,9.0303,0.4002
12108.0,9.0017,0.4028
12109.0,8.9951,0.405
12110.0,9.0074,0.4024
12111.0,9.0115,0.3988
12112.0,8.9932,0.3967
12113.0,9.0075,0.4016
12114.0,8.9951,0.3991
12115.0,9.0108,0.402
12116.0,9.0025,0.3985
12117.0,9.0072,0.3972
12118.0,8.9886,0.3993
12119.0,8.9877,0.4015
12120.0,9.0142,0.4004
12121.0,8.9988,0.3976
12122.0,9.0043,0.4054
12123.0,8.9954,0.3996
12124.0,9.0135,0.3932
12125.0,8.9909,0.4028
12126.0,8.998,0.4
12127.0,9.0118,0.3995
12128.0,9.0176,0.3994
12129.0,8.9921,0.3994
12130.0,9.0294,0.405
12131.0,9.0047,0.4014
12132.0,8.9844,0.4008
12133.0,9.0055,0.3992
12134.0,8.9943,0.4052
12135.0,9.0065,0.4025
12136.0,8.9994,0.403
12137.0,9.0011,0.4008
12138.0,8.9863,0.403
12139.0,9.0149,0.4012
12140.0,8.9827,0.3989
12141.0,8.9834,0.4011
12142.0,9.0055,0.4063
12143.0,9.024,0.4006
12144.0,8.9947,0.4038
12145.0,9.0105,0.4036
12146.0,9.0161,0.4017
12147.0,9.0122,0.405
12148.0,8.9953,0.3935
12149.0,8.9836,0.3945
12150.0,8.9669,0.4052
12151.0,8.9961,0.3981
12152.0,9.0177,0.4003
12153.0,8.9831,0.4053
12154.0,9.0105,0.4006
12155.0,8.9857,0.4051
12156.0,9.0016,0.3988
12157.0,9.0106,0.4018
12158.0,8.9901,0.4002
12159.0,9.0026,0.4045
12160.0,8.9938,0.3992
12161.0,9.0106,0.3971
12162.0,9.0035,0.3986
12163.0,9.0008,0.3987
12164.0,9.0234,0.3981
12165.0,9.0099,0.3979
12166.0,8.9896,0.4034
12167.0,8.9987,0.4042
12168.0,8.9989,0.4012
12169.0,9.0012,0.3981
12170.0,9.0379,0.3982
12171.0,9.0056,0.3938
12172.0,8.9695,0.4011
12173.0,8.9919,0.398
12174.0,8.971,0.4044
12175.0,8.9951,0.3959
12176.0,8.9702,0.3982
12177.0,8.9869,0.3997
12178.0,8.9772,0.4014
12179.0,9.0058,0.4054
12180.0,9.0,0.3959
12181.0,9.0045,0.3991
12182.0,8.9984,0.3957
12183.0,8.9791,0.4024
12184.0,9.0077,0.3981
12185.0,9.0288,0.3997
12186.0,9.0061,0.3995
12187.0,8.9936,0.4003
12188.0,8.9786,0.3995
12189.0,8.9864,0.3971
12190.0,9.0068,0.4003
12191.0,9.0161,0.3976
12192.0,9.0039,0.4024
12193.0,9.012,0.4002
12194.0,9.0106,0.3969
12195.0,9.0076,0.4072
12196.0,8.9901,0.405
12197.0,9.0026,0.4073
12198.0,8.9873,0.399
12199.0,9.0003,0.3975
12200.0,9.005,0.4024
12201.0,9.0252,0.4033
12202.0,8.9804,0.4006
12203.0,9.0072,0.3937
12204.0,9.0222,0.3971
12205.0,9.0114,0.4013
12206.0,9.0125,0.398
12207.0,9.0088,0.3959
12208.0,9.0195,0.3992
12209.0,8.9837,0.3903
12210.0,8.9792,0.3982
12211.0,8.9999,0.3987
12212.0,8.9676,0.4009
12213.0,9.0185,0.4016
12214.0,9.0183,0.4011
12215.0,8.9935,0.4027
12216.0,8.9944,0.3995
12217.0,8.9989,0.3956
12218.0,9.0008,0.4001
12219.0,9.0019,0.3974
12220.0,9.0084,0.3959
12221.0,8.9974,0.4017
12222.0,9.0141,0.3958
12223.0,9.0067,0.402
12224.0,8.9909,0.3961
12225.0,9.02,0.3991
12226.0,8.9796,0.3983
12227.0,8.9986,0.4034
12228.0,9.0145,0.4018
12229.0,8.9892,0.3975
12230.0,9.0046,0.3995
12231.0,9.0082,0.404
12232.0,8.9871,0.4045
12233.0,8.9989,0.3959
12234.0,8.9977,0.4039
12235.0,8.9917,0.4037
12236.0,9.0345,0.4005
12237.0,8.9886,0.3997
12238.0,9.0151,0.3983
12239.0,8.9941,0.3962
12240.0,8.9837,0.401
12241.0,9.0015,0.3995
12242.0,9.0097,0.4013
12243.0,9.0138,0.4014
12244.0,9.0234,0.4076
12245.0,9.0442,0.4036
12246.0,9.0038,0.4016
12247.0,8.9901,0.3936
12248.0,9.0068,0.4012
12249.0,8.996,0.4047
12250.0,9.0139,0.3987
12251.0,8.9805,0.4066
12252.0,9.0355,0.4016
12253.0,9.0128,0.4009
12254.0,8.9747,0.397
12255.0,8.9894,0.4045
12256.0,9.0122,0.3975
12257.0,9.0176,0.3983
12258.0,8.9809,0.3944
12259.0,9.0107,0.4027
12260.0,8.9708,0.4018
12261.0,8.9987,0.4
12262.0,9.0167,0.4022
12263.0,8.9917,0.4019
12264.0,8.9774,0.3989
12265.0,9.0022,0.3976
12266.0,8.9909,0.3949
12267.0,9.0094,0.3995
12268.0,8.9867,0.3961
12269.0,8.9884,0.4005
12270.0,8.9697,0.3995
12271.0,9.0025,0.3988
12272.0,8.9976,0.4031
12273.0,8.9822,0.397
12274.0,9.0029,0.3945
12275.0,9.0154,0.3993
12276.0,8.9968,0.3978
12277.0,9.004,0.4004
12278.0,9.0041,0.3973
12279.0,8.9819,0.4013
12280.0,9.0308,0.3971
12281.0,8.9929,0.397
12282.0,9.0098,0.4018
12283.0,9.0115,0.3999
12284.0,8.9979,0.3964
12285.0,9.0091,0.3971
12286.0,9.0037,0.3989
12287.0,8.9787,0.3966
12288.0,8.995,0.3991
12289.0,8.9908,0.3992
12290.0,8.9931,0.3972
12291.0,8.9804,0.402
12292.0,9.0169,0.3969
12293.0,9.024,0.4037
12294.0,9.0147,0.3993
12295.0,9.0191,0.398
12296.0,8.9948,0.4016
12297.0,8.9905,0.4001
12298.0,8.9883,0.4023
12299.0,9.0097,0.394
12300.0,9.0034,0.4016
12301.0,8.9988,0.3984
12302.0,9.0194,0.4001
12303.0,9.0061,0.3997
12304.0,8.9874,0.404
12305.0,8.9898,0.3944
12306.0,9.0102,0.4048
12307.0,9.0156,0.4021
12308.0,9.0083,0.4005
12309.0,9.0285,0.3957
12310.0,9.0245,0.395
12311.0,9.0066,0.3983
12312.0,8.9874,0.4019
12313.0,8.9804,0.4
12314.0,8.9942,0.4017
12315.0,9.0113,0.3956
12316.0,9.0274,0.4001
12317.0,9.0063,0.4033
12318.0,9.0175,0.4044
12319.0,8.9963,0.3962
12320.0,9.0093,0.3989
12321.0,9.0124,0.399
12322.0,8.9703,0.3981
12323.0,8.9938,0.4027
12324.0,9.0142,0.4086
12325.0,9.0041,0.3967
12326.0,8.9821,0.4013
12327.0,8.9635,0.4009
12328.0,8.9945,0.401
12329.0,8.9989,0.404
12330.0,8.9867,0.4011
12331.0,9.0021,0.3936
12332.0,9.0076,0.3957
12333.0,9.0101,0.3968
12334.0,8.9647,0.3978
12335.0,8.9803,0.3996
12336.0,8.9954,0.3994
12337.0,9.0086,0.3945
12338.0,9.0073,0.3952
12339.0,9.0071,0.3936
12340.0,8.9942,0.3953
12341.0,8.9951,0.403
12342.0,8.9891,0.3992
12343.0,9.0115,0.3971
12344.0,8.9862,0.3942
12345.0,9.0128,0.397
12346.0,9.0031,0.4018
12347.0,8.9993,0.4014
12348.0,8.9901,0.3992
12349.0,8.9797,0.3992
12350.0,8.9903,0.3947
12351.0,8.995,0.3977
12352.0,8.9645,0.4017
12353.0,8.997,0.398
12354.0,9.0139,0.4049
12355.0,9.0085,0.4036
12356.0,8.9926,0.3986
12357.0,9.0007,0.3992
12358.0,8.9917,0.4067
12359.0,9.0022,0.4025
12360.0,9.0231,0.4002
12361.0,9.0145,0.4006
12362.0,9.0078,0.4004
12363.0,8.9926,0.3999
12364.0,9.0112,0.3968
12365.0,8.9747,0.3988
12366.0,8.9962,0.3957
12367.0,9.0088,0.4022
12368.0,9.0111,0.3996
12369.0,9.01,0.4023
12370.0,9.0044,0.3962
12371.0,8.9971,0.4043
12372.0,9.0081,0.4039
12373.0,8.9857,0.3953
12374.0,8.9873,0.3985
12375.0,9.0009,0.3988
12376.0,9.0026,0.3957
12377.0,8.9726,0.3992
12378.0,9.0068,0.4017
12379.0,9.0116,0.3986
12380.0,8.9988,0.3949
12381.0,9.0356,0.4023
12382.0,8.9898,0.3976
12383.0,8.9946,0.3979
12384.0,8.9941,0.405
12385.0,8.9989,0.4012
12386.0,8.9951,0.3976
12387.0,8.9789,0.3964
12388.0,8.9918,0.4029
12389.0,8.9985,0.4027
12390.0,9.0184,0.3985
12391.0,9.033,0.3962
12392.0,9.02,0.4012
12393.0,8.9884,0.4018
12394.0,8.9896,0.3989
12395.0,8.9976,0.3967
12396.0,9.0268,0.4001
12397.0,8.9975,0.4014
12398.0,8.9801,0.3985
12399.0,8.9925,0.4008
12400.0,9.0114,0.4011
12401.0,9.0103,0.4034
12402.0,8.997,0.3987
12403.0,9.0103,0.3966
12404.0,8.9659,0.3998
12405.0,9.0016,0.4051
12406.0,9.0129,0.3947
12407.0,8.9875,0.3931
12408.0,8.9875,0.3997
12409.0,8.972,0.3989
12410.0,9.0238,0.3994
12411.0,8.9892,0.3993
12412.0,9.0036,0.403
12413.0,9.0091,0.3999
12414.0,9.0227,0.4025
12415.0,8.9977,0.3926
12416.0,8.9919,0.3984
12417.0,9.0026,0.3976
12418.0,9.0193,0.3931
12419.0,8.9974,0.4003
12420.0,8.9857,0.3997
12421.0,8.9769,0.3986
12422.0,8.9817,0.3996
12423.0,9.013,0.4003
12424.0,8.9952,0.403
12425.0,8.9909,0.4019
12426.0,8.9893,0.401
12427.0,9.0013,0.4069
12428.0,8.9964,0.3979
12429.0,8.9959,0.3959
12430.0,9.0202,0.4035
12431.0,9.0231,0.4056
12432.0,8.9758,0.3981
12433.0,9.0049,0.4041
12434.0,8.9883,0.3984
12435.0,8.9963,0.4018
12436.0,9.0046,0.4019
12437.0,8.9968,0.3981
12438.0,9.0035,0.4055
12439.0,9.0101,0.4059
12440.0,9.0044,0.3969
12441.0,8.9903,0.4006
12442.0,8.9906,0.4027
12443.0,8.9784,0.3944
12444.0,8.9872,0.4001
12445.0,9.0294,0.395
12446.0,8.9881,0.402
12447.0,8.9821,0.4003
12448.0,9.0048,0.3989
12449.0,8.9983,0.3953
12450.0,8.9971,0.3982
12451.0,9.0211,0.4016
12452.0,9.0082,0.3999
12453.0,8.9921,0.4036
12454.0,8.9936,0.4034
12455.0,8.9925,0.4033
12456.0,9.0131,0.3984
12457.0,8.9954,0.4009
12458.0,8.9731,0.3971
12459.0,8.9993,0.3962
12460.0,8.9769,0.4035
12461.0,9.0328,0.3964
12462.0,8.9855,0.3961
12463.0,8.9976,0.4003
12464.0,9.0039,0.3992
12465.0,8.9957,0.3994
12466.0,8.9956,0.4069
12467.0,9.0063,0.397
12468.0,9.0229,0.4015
12469.0,9.0115,0.4003
12470.0,9.0222,0.403
12471.0,8.9843,0.3976
12472.0,9.0048,0.3993
12473.0,9.0023,0.4003
12474.0,9.0053,0.3957
12475.0,9.0206,0.3946
12476.0,8.9967,0.3999
12477.0,8.9939,0.404
12478.0,9.008,0.3989
12479.0,8.9733,0.3994
12480.0,8.9964,0.4035
12481.0,8.998,0.3996
12482.0,8.9862,0.4023
12483.0,9.0159,0.408
12484.0,8.9841,0.3983
12485.0,8.998,0.3995
12486.0,9.0044,0.4012
12487.0,9.0203,0.4045
12488.0,8.9998,0.3997
12489.0,9.014,0.4022
12490.0,9.0105,0.401
12491.0,9.0019,0.3998
12492.0,8.9837,0.3987
12493.0,8.9785,0.3982
12494.0,9.0016,0.4092
12495.0,8.9919,0.3954
12496.0,9.0138,0.3957
12497.0,9.0112,0.4007
12498.0,8.9972,0.4006
12499.0,8.9826,0.4013
12500.0,9.0077,0.3974
12501.0,8.9847,0.3969
12502.0,8.9886,0.3991
12503.0,8.9853,0.4027
12504.0,8.9979,0.3969
12505.0,9.0176,0.4005
12506.0,8.9999,0.3985
12507.0,8.9934,0.3954
12508.0,8.9771,0.3962
12509.0,9.0083,0.4027
12510.0,8.9883,0.3982
12511.0,9.0018,0.4037
12512.0,8.9947,0.3999
12513.0,9.0126,0.3959
12514.0,8.9976,0.4014
12515.0,8.9991,0.3976
12516.0,9.0073,0.3989
12517.0,9.0316,0.4034
12518.0,9.0133,0.3961
12519.0,8.9987,0.3987
12520.0,9.0,0.3967
12521.0,8.9921,0.3964
12522.0,8.9858,0.3986
12523.0,8.9917,0.3974
12524.0,8.9884,0.3992
12525.0,9.0098,0.4019
12526.0,8.9839,0.3977
12527.0,9.02,0.3956
12528.0,9.0113,0.4019
12529.0,9.0003,0.3977
12530.0,9.0,0.4055
12531.0,8.9916,0.3988
12532.0,9.0041,0.3996
12533.0,9.0163,0.3931
12534.0,8.9895,0.3965
12535.0,8.977,0.3932
12536.0,9.0105,0.4009
12537.0,9.0049,0.3998
12538.0,8.9832,0.4019
12539.0,8.989,0.4024
12540.0,8.9871,0.4029
12541.0,8.9891,0.3993
12542.0,8.9951,0.4003
12543.0,8.996,0.4017
12544.0,8.9902,0.3976
12545.0,8.9886,0.3972
12546.0,8.9966,0.4046
12547.0,9.0025,0.3946
12548.0,8.9953,0.4015
12549.0,9.0174,0.401
12550.0,9.0076,0.3966
12551.0,8.9761,0.398
12552.0,9.0079,0.3989
12553.0,9.0091,0.4007
12554.0,8.9935,0.4011
12555.0,8.9776,0.3999
12556.0,9.0001,0.4006
12557.0,8.9999,0.402
12558.0,8.9832,0.4018
12559.0,8.9782,0.4046
12560.0,8.9987,0.4031
12561.0,8.9965,0.4001
12562.0,8.9937,0.4019
12563.0,8.9987,0.4013
12564.0,8.9835,0.4005
12565.0,8.9935,0.3974
12566.0,9.008,0.4005
12567.0,8.9948,0.3938
12568.0,8.9749,0.4032
12569.0,8.9929,0.4011
12570.0,8.9839,0.3995
12571.0,9.004,0.3987
12572.0,9.0048,0.402
12573.0,8.9751,0.4055
12574.0,9.0114,0.4011
12575.0,8.9833,0.4057
12576.0,9.0234,0.4024
12577.0,8.9993,0.3976
12578.0,8.9813,0.4015
12579.0,8.9829,0.4012
12580.0,9.0052,0.3976
12581.0,8.9941,0.3988
12582.0,8.9986,0.3987
12583.0,9.0242,0.4003
12584.0,8.9895,0.3992
12585.0,9.0009,0.4008
12586.0,9.0213,0.4013
12587.0,9.0041,0.4038
12588.0,8.9759,0.4016
12589.0,9.0076,0.3979
12590.0,8.9826,0.4063
12591.0,9.0211,0.3979
12592.0,8.9877,0.3988
12593.0,9.0445,0.4018
12594.0,9.022,0.4087
12595.0,8.9881,0.4012
12596.0,9.0003,0.3981
12597.0,9.0113,0.3951
12598.0,9.0118,0.3949
12599.0,9.0066,0.4
12600.0,9.0188,0.4016
12601.0,8.9982,0.3957
12602.0,8.9945,0.4007
12603.0,8.9948,0.3961
12604.0,9.0129,0.3972
12605.0,9.0055,0.4019
12606.0,9.0044,0.3978
12607.0,9.0119,0.4039
12608.0,8.9692,0.3982
12609.0,9.0047,0.4033
12610.0,9.0033,0.4068
12611.0,9.025,0.3978
12612.0,8.9771,0.4074
12613.0,9.0234,0.4
12614.0,9.0011,0.3981
12615.0,9.0073,0.3991
12616.0,9.0251,0.3988
12617.0,9.0084,0.4042
12618.0,9.006,0.404
12619.0,9.0036,0.4039
12620.0,8.9927,0.3961
12621.0,8.9996,0.4006
12622.0,8.9893,0.3954
12623.0,8.9993,0.403
12624.0,8.965,0.3985
12625.0,9.0064,0.4015
12626.0,8.9982,0.3985
12627.0,8.995,0.3947
12628.0,9.0033,0.4027
12629.0,8.9785,0.4029
12630.0,9.0289,0.4004
12631.0,8.9985,0.3937
12632.0,8.9978,0.4023
12633.0,8.9855,0.3978
12634.0,9.0004,0.4015
12635.0,9.0208,0.3985
12636.0,9.0155,0.3988
12637.0,9.0128,0.4015
12638.0,9.0082,0.3975
12639.0,8.9946,0.3995
12640.0,8.9782,0.4015
12641.0,8.997,0.4065
12642.0,8.9965,0.3998
12643.0,9.0157,0.4025
12644.0,9.0046,0.3965
12645.0,9.0242,0.4051
12646.0,9.018,0.3976
12647.0,8.9932,0.3996
12648.0,8.9731,0.4015
12649.0,9.0208,0.3977
12650.0,9.0204,0.4032
12651.0,8.9795,0.398
12652.0,9.0226,0.4025
12653.0,9.0057,0.4032
12654.0,9.0024,0.4017
12655.0,9.0242,0.4021
12656.0,9.0202,0.4076
12657.0,9.0098,0.4012
12658.0,9.0071,0.4003
12659.0,9.0092,0.401
12660.0,8.994,0.4038
12661.0,8.9992,0.407
12662.0,8.9865,0.3995
12663.0,8.995,0.3973
12664.0,8.9945,0.4035
12665.0,8.9905,0.3959
12666.0,9.0021,0.4008
12667.0,8.9951,0.4009
12668.0,9.0075,0.3997
12669.0,8.9757,0.3999
12670.0,8.9983,0.395
12671.0,9.002,0.3974
12672.0,8.9953,0.4028
12673.0,8.9974,0.3939
12674.0,8.9762,0.3997
12675.0,9.0053,0.3991
12676.0,9.0097,0.394
12677.0,9.0074,0.4051
12678.0,9.0156,0.3969
12679.0,9.003,0.4016
12680.0,9.0072,0.3986
12681.0,9.0023,0.3975
12682.0,9.0103,0.3993
12683.0,8.9763,0.3989
12684.0,8.9866,0.3994
12685.0,9.0238,0.3976
12686.0,8.9631,0.397
12687.0,8.9979,0.403
12688.0,9.0176,0.4
12689.0,8.9986,0.3998
12690.0,8.9939,0.3973
12691.0,9.0019,0.4047
12692.0,8.9947,0.3997
12693.0,9.0005,0.3943
12694.0,8.9897,0.4008
12695.0,9.0166,0.3977
12696.0,9.0213,0.4027
12697.0,8.998,0.4031
12698.0,8.9792,0.4028
12699.0,8.9921,0.3986
12700.0,8.9972,0.3997
12701.0,9.0076,0.4007
12702.0,8.9849,0.4027
12703.0,8.9885,0.3969
12704.0,9.0077,0.4003
12705.0,9.0141,0.4056
12706.0,8.9907,0.3984
12707.0,8.98,0.3999
12708.0,9.0493,0.4078
12709.0,9.0117,0.3993
12710.0,8.996,0.3954
12711.0,9.013,0.3998
12712.0,8.9981,0.405
12713.0,9.013,0.4032
12714.0,9.0024,0.3971
12715.0,9.0014,0.4012
12716.0,8.9983,0.3995
12717.0,8.9783,0.4024
12718.0,9.0291,0.3982
12719.0,8.9859,0.4015
12720.0,8.9796,0.4057
12721.0,8.9968,0.3922
12722.0,8.9856,0.4018
12723.0,8.9992,0.404
12724.0,9.0103,0.3953
12725.0,9.0149,0.3978
12726.0,9.0122,0.3988
12727.0,8.9954,0.3978
12728.0,9.0007,0.3976
12729.0,9.0061,0.3989
12730.0,8.9736,0.4026
12731.0,9.0086,0.4045
12732.0,8.9781,0.4039
12733.0,9.0306,0.403
12734.0,8.9939,0.4055
12735.0,8.9972,0.4061
12736.0,8.9885,0.4005
12737.0,8.9906,0.4043
12738.0,9.0341,0.4013
12739.0,9.0141,0.3994
12740.0,8.9768,0.3999
12741.0,9.0226,0.403
12742.0,9.0179,0.4044
12743.0,8.9958,0.4017
12744.0,9.0046,0.3988
12745.0,8.9998,0.3985
12746.0,9.0296,0.3944
12747.0,8.9881,0.4011
12748.0,9.0022,0.4009
12749.0,8.9936,0.3969
12750.0,8.9785,0.4014
12751.0,9.0329,0.4014
12752.0,8.9823,0.3955
12753.0,9.0033,0.399
12754.0,8.9739,0.4042
12755.0,8.994,0.3981
12756.0,9.0063,0.4001
12757.0,8.9876,0.4005
12758.0,9.0088,0.3999
12759.0,8.996,0.4021
12760.0,9.0174,0.4028
12761.0,9.0204,0.4038
12762.0,8.9912,0.3991
12763.0,9.0012,0.4016
12764.0,9.0028,0.4025
12765.0,9.0093,0.3996
12766.0,9.0002,0.3978
12767.0,9.0029,0.4004
12768.0,8.9963,0.3982
12769.0,9.0017,0.3979
12770.0,9.0195,0.4007
12771.0,9.0097,0.3994
12772.0,9.0105,0.4005
12773.0,9.0108,0.3953
12774.0,8.9977,0.3995
12775.0,9.0048,0.3932
12776.0,8.9837,0.3969
12777.0,9.019,0.3997
12778.0,8.9583,0.4036
12779.0,8.9987,0.4016
12780.0,9.0171,0.4003
12781.0,8.9795,0.3989
12782.0,9.006,0.3992
12783.0,8.9898,0.4039
12784.0,8.9945,0.3967
12785.0,9.0142,0.3978
12786.0,9.003,0.4032
12787.0,8.9695,0.399
12788.0,8.9854,0.4058
12789.0,9.0146,0.4021
12790.0,9.0067,0.4035
12791.0,9.0262,0.3951
12792.0,9.0252,0.4032
12793.0,8.9949,0.3975
12794.0,9.0375,0.4021
12795.0,9.0004,0.3989
12796.0,8.9856,0.4007
12797.0,8.9905,0.3967
12798.0,8.9661,0.3948
12799.0,9.0241,0.4005
12800.0,9.0239,0.3991
12801.0,8.9848,0.3973
12802.0,8.9966,0.395
12803.0,9.0014,0.392
12804.0,8.9856,0.4016
12805.0,8.9737,0.3992
12806.0,8.9968,0.3982
12807.0,8.9952,0.4006
12808.0,8.9942,0.403
12809.0,9.0033,0.4008
12810.0,9.0214,0.3987
12811.0,8.9955,0.4064
12812.0,9.0026,0.3981
12813.0,9.0109,0.3958
12814.0,9.0083,0.4003
12815.0,8.9908,0.3992
12816.0,9.0014,0.4028
12817.0,9.0082,0.3984
12818.0,8.9831,0.3995
12819.0,9.019,0.3974
12820.0,9.0215,0.4024
12821.0,8.9892,0.4004
12822.0,9.0029,0.3992
12823.0,9.0096,0.3996
12824.0,8.9918,0.3999
12825.0,9.0072,0.3957
12826.0,9.0024,0.4035
12827.0,8.978,0.4033
12828.0,9.0069,0.4001
12829.0,8.9835,0.3998
12830.0,9.0141,0.397
12831.0,8.9899,0.4052
12832.0,8.9976,0.4045
12833.0,9.0206,0.4012
12834.0,9.0074,0.4025
12835.0,8.9838,0.4037
12836.0,8.9848,0.4031
12837.0,8.991,0.3974
12838.0,9.0059,0.3991
12839.0,9.0054,0.4014
12840.0,8.9874,0.4006
12841.0,8.9825,0.4023
12842.0,9.0042,0.4019
12843.0,8.9973,0.4007
12844.0,9.0324,0.3922
12845.0,9.0005,0.4035
12846.0,9.0272,0.4025
12847.0,8.9824,0.4062
12848.0,8.9764,0.3986
12849.0,8.9832,0.3945
12850.0,9.0178,0.3995
12851.0,9.0263,0.4014
12852.0,8.9883,0.3987
12853.0,8.9931,0.4041
12854.0,8.9825,0.398
12855.0,8.9728,0.3997
12856.0,9.0108,0.3993
12857.0,9.0033,0.4083
12858.0,9.0002,0.3973
12859.0,8.979,0.4018
12860.0,9.0246,0.3964
12861.0,8.9924,0.401
12862.0,9.008,0.3971
12863.0,8.9782,0.4033
12864.0,8.9971,0.4027
12865.0,9.0044,0.4008
12866.0,9.0049,0.3958
12867.0,9.0023,0.3998
12868.0,9.0074,0.3991
12869.0,8.983,0.4025
12870.0,9.003,0.3973
12871.0,9.0017,0.4035
12872.0,9.0035,0.4029
12873.0,9.0011,0.3959
12874.0,8.9809,0.3993
12875.0,8.9802,0.3998
12876.0,8.9668,0.403
12877.0,9.0123,0.3979
12878.0,9.0124,0.4006
12879.0,9.0127,0.4033
12880.0,9.0046,0.4008
12881.0,8.968,0.3944
12882.0,8.9846,0.3985
12883.0,9.0026,0.4027
12884.0,9.002,0.4023
12885.0,8.9967,0.3933
12886.0,9.0055,0.4006
12887.0,9.0002,0.4028
12888.0,9.0018,0.4016
12889.0,8.9904,0.402
12890.0,9.0147,0.4062
12891.0,8.9935,0.3999
12892.0,8.98,0.4009
12893.0,8.9884,0.3972
12894.0,8.9948,0.3981
12895.0,9.0149,0.399
12896.0,8.9994,0.4025
12897.0,8.9972,0.3978
12898.0,8.9813,0.4037
12899.0,9.0118,0.3967
12900.0,8.9902,0.4019
12901.0,8.9985,0.4017
12902.0,9.0222,0.4008
12903.0,9.0076,0.403
12904.0,8.9756,0.3978
12905.0,8.9735,0.3986
12906.0,8.999,0.3971
12907.0,8.9818,0.4
12908.0,9.0097,0.3996
12909.0,9.0006,0.4026
12910.0,9.0025,0.4012
12911.0,8.9894,0.4021
12912.0,9.0261,0.3994
12913.0,9.0426,0.4012
12914.0,8.9958,0.4054
12915.0,9.0053,0.396
12916.0,9.0015,0.3945
12917.0,8.9961,0.4019
12918.0,8.9875,0.3975
12919.0,8.9837,0.3959
12920.0,8.983,0.4016
12921.0,9.0061,0.397
12922.0,8.9922,0.4046
12923.0,8.9613,0.4005
12924.0,9.0067,0.3994
12925.0,8.9994,0.3975
12926.0,9.0202,0.4006
12927.0,9.0056,0.3952
12928.0,8.9778,0.3926
12929.0,8.9666,0.3953
12930.0,8.9892,0.4034
12931.0,8.9906,0.3972
12932.0,9.0141,0.3957
12933.0,8.9999,0.3997
12934.0,9.017,0.4067
12935.0,8.9801,0.4033
12936.0,9.0145,0.3976
12937.0,9.0108,0.3975
12938.0,8.9697,0.3976
12939.0,9.0198,0.3973
12940.0,9.0014,0.4016
12941.0,9.0059,0.399
12942.0,8.987,0.3967
12943.0,9.0191,0.396
12944.0,8.9822,0.4069
12945.0,9.0125,0.4022
12946.0,9.0123,0.3974
12947.0,8.9854,0.4036
12948.0,9.0298,0.3965
12949.0,9.0035,0.3996
12950.0,9.0098,0.3993
12951.0,8.9771,0.4005
12952.0,9.0318,0.3972
12953.0,8.9816,0.4004
12954.0,9.0154,0.3948
12955.0,8.9851,0.3989
12956.0,8.9907,0.404
12957.0,9.0118,0.4031
12958.0,9.0154,0.3979
12959.0,8.9809,0.3954
12960.0,9.0164,0.3935
12961.0,9.0157,0.4019
12962.0,8.9859,0.4008
12963.0,9.024,0.4012
12964.0,8.9781,0.4051
12965.0,8.9906,0.4005
12966.0,9.0072,0.4007
12967.0,8.9872,0.3958
12968.0,9.004,0.4049
12969.0,9.0036,0.3995
12970.0,8.9972,0.3975
12971.0,9.0125,0.4006
12972.0,8.9966,0.406
12973.0,9.0035,0.4064
12974.0,9.0172,0.3971
12975.0,9.0119,0.4035
12976.0,9.0118,0.401
12977.0,8.9828,0.403
12978.0,9.0079,0.4008
12979.0,8.9868,0.4018
12980.0,8.9808,0.404
12981.0,8.9989,0.3948
12982.0,8.9864,0.4011
12983.0,9.0119,0.3965
12984.0,9.0122,0.3986
12985.0,8.9715,0.4
12986.0,8.9876,0.397
12987.0,8.9781,0.3983
12988.0,8.9931,0.3958
12989.0,9.0068,0.3982
12990.0,8.9964,0.4015
12991.0,8.9912,0.4026
12992.0,9.0195,0.3977
12993.0,8.9654,0.404
12994.0,9.0186,0.4017
12995.0,8.9918,0.4043
12996.0,8.9988,0.3947
12997.0,8.9921,0.4009
12998.0,9.0231,0.4018
12999.0,8.9815,0.3948
13000.0,9.0002,0.4072
13001.0,9.0079,0.3981
13002.0,8.9758,0.4016
13003.0,8.9862,0.4028
13004.0,8.9978,0.4003
13005.0,8.9867,0.4042
13006.0,8.9878,0.406
13007.0,8.9948,0.3967
13008.0,9.0097,0.4003
13009.0,8.9949,0.4027
13010.0,9.0162,0.3951
13011.0,8.985,0.4032
13012.0,8.9812,0.4051
13013.0,9.0289,0.4039
13014.0,8.9901,0.4013
13015.0,8.9803,0.4046
13016.0,8.9739,0.4011
13017.0,9.0161,0.396
13018.0,8.9949,0.3984
13019.0,8.9962,0.3992
13020.0,8.9976,0.3998
13021.0,9.0152,0.3997
13022.0,8.9973,0.399
13023.0,9.0352,0.4007
13024.0,9.002,0.4045
13025.0,9.0159,0.4006
13026.0,9.0121,0.4019
13027.0,8.9995,0.3934
13028.0,8.9912,0.4004
13029.0,9.005,0.4033
13030.0,9.0077,0.4037
13031.0,8.9914,0.4034
13032.0,9.0025,0.4009
13033.0,9.0185,0.4012
13034.0,9.031,0.398
13035.0,9.0128,0.4025
13036.0,9.0279,0.398
13037.0,8.9906,0.402
13038.0,9.0105,0.4001
13039.0,9.0201,0.4
13040.0,8.9866,0.403
13041.0,8.9927,0.4017
13042.0,9.0261,0.4008
13043.0,8.9854,0.3985
13044.0,8.9799,0.4048
13045.0,9.0229,0.401
13046.0,9.018,0.4022
13047.0,9.0065,0.4002
13048.0,8.9993,0.3979
13049.0,8.9934,0.4011
13050.0,9.0042,0.3982
13051.0,9.0237,0.4013
13052.0,9.0036,0.3902
13053.0,9.0325,0.3988
13054.0,8.9865,0.4
13055.0,8.9997,0.3971
13056.0,8.9944,0.4011
13057.0,8.9837,0.3987
13058.0,8.9977,0.4
13059.0,9.0063,0.3983
13060.0,9.0079,0.4029
13061.0,9.0326,0.4016
13062.0,9.007,0.4009
13063.0,9.0173,0.4002
13064.0,9.001,0.4076
13065.0,9.0252,0.3995
13066.0,9.036,0.3979
13067.0,9.008,0.3965
13068.0,8.9851,0.4027
13069.0,8.9918,0.4049
13070.0,9.0042,0.3975
13071.0,9.0068,0.3991
13072.0,9.0105,0.3989
13073.0,9.0069,0.3996
13074.0,9.0001,0.3947
13075.0,8.9905,0.4024
13076.0,9.006,0.4036
13077.0,9.0278,0.3943
13078.0,9.0153,0.4053
13079.0,9.008,0.4049
13080.0,9.0154,0.3908
13081.0,8.9944,0.3935
13082.0,8.9924,0.3996
13083.0,8.9888,0.4039
13084.0,8.9981,0.4009
13085.0,8.9937,0.4001
13086.0,9.0181,0.4017
13087.0,8.9929,0.3976
13088.0,8.988,0.4038
13089.0,9.0291,0.3997
13090.0,8.9932,0.3951
13091.0,9.0023,0.3976
13092.0,9.0068,0.4011
13093.0,8.9829,0.3991
13094.0,9.0185,0.3988
13095.0,9.0096,0.4006
13096.0,9.0234,0.4011
13097.0,8.9898,0.3963
13098.0,9.0015,0.4037
13099.0,9.0006,0.3996
13100.0,9.004,0.4013
13101.0,8.9782,0.4003
13102.0,9.0017,0.3988
13103.0,8.9786,0.4027
13104.0,9.0054,0.4002
13105.0,8.9681,0.4002
13106.0,8.9722,0.3925
13107.0,9.0123,0.4025
13108.0,8.9918,0.3995
13109.0,8.9852,0.4023
13110.0,9.0191,0.4049
13111.0,9.0049,0.4025
13112.0,9.0131,0.4002
13113.0,8.9975,0.3991
13114.0,9.0402,0.4076
13115.0,8.9909,0.4015
13116.0,9.0262,0.4006
13117.0,8.9991,0.3995
13118.0,8.9752,0.3973
13119.0,9.0072,0.3941
13120.0,9.0047,0.4046
13121.0,8.9842,0.3977
13122.0,8.9862,0.3994
13123.0,8.9996,0.3997
13124.0,9.0052,0.4043
13125.0,8.9629,0.3977
13126.0,9.0158,0.4008
13127.0,8.9926,0.4015
13128.0,8.98,0.3958
13129.0,9.0141,0.3956
13130.0,8.9996,0.3979
13131.0,9.0182,0.4007
13132.0,9.0066,0.4003
13133.0,9.0,0.3996
13134.0,8.9977,0.402
13135.0,9.0072,0.3974
13136.0,8.9938,0.3995
13137.0,8.9872,0.3997
13138.0,9.0091,0.3975
13139.0,8.9978,0.4069
13140.0,9.0005,0.3935
13141.0,9.0163,0.4037
13142.0,8.9983,0.4024
13143.0,9.0002,0.4024
13144.0,8.991,0.4003
13145.0,9.0065,0.404
13146.0,9.0052,0.3987
13147.0,9.0135,0.4012
13148.0,8.9913,0.4002
13149.0,8.9931,0.3993
13150.0,9.0119,0.4004
13151.0,9.0038,0.3972
13152.0,8.9864,0.398
13153.0,9.0196,0.4047
13154.0,8.9745,0.4086
13155.0,9.0118,0.4016
13156.0,8.981,0.4025
13157.0,9.0283,0.4008
13158.0,8.9768,0.4014
13159.0,9.0173,0.4016
13160.0,8.9988,0.4031
13161.0,8.9945,0.4046
13162.0,9.0028,0.3973
13163.0,9.0095,0.4085
13164.0,8.9864,0.4004
13165.0,8.9878,0.4004
13166.0,9.0097,0.3988
13167.0,8.9744,0.3988
13168.0,8.9912,0.4018
13169.0,9.0456,0.4019
13170.0,8.9855,0.4017
13171.0,9.0172,0.3986
13172.0,8.9912,0.3919
13173.0,9.0076,0.3946
13174.0,9.0098,0.4
13175.0,9.0169,0.401
13176.0,8.997,0.3987
13177.0,9.0298,0.3979
13178.0,8.9912,0.4009
13179.0,9.0035,0.3997
13180.0,9.0037,0.3986
13181.0,8.9832,0.3952
13182.0,8.9957,0.3975
13183.0,9.0024,0.4028
13184.0,8.9935,0.3971
13185.0,9.0366,0.402
13186.0,8.9874,0.4042
13187.0,9.0177,0.3976
13188.0,9.0128,0.3987
13189.0,8.9998,0.403
13190.0,8.987,0.4037
13191.0,8.9885,0.3981
13192.0,8.9922,0.3951
13193.0,8.9732,0.4038
13194.0,8.9849,0.4018
13195.0,8.9778,0.4012
13196.0,9.0202,0.4027
13197.0,9.0093,0.3964
13198.0,9.0118,0.4012
13199.0,9.0088,0.3991
13200.0,9.0025,0.4018
13201.0,9.0219,0.4024
13202.0,8.9908,0.4029
13203.0,9.0016,0.4018
13204.0,9.0112,0.4008
13205.0,8.9802,0.4009
13206.0,9.0464,0.4011
13207.0,9.0004,0.3981
13208.0,9.0021,0.3989
13209.0,9.0189,0.4012
13210.0,9.0137,0.402
13211.0,9.0006,0.398
13212.0,9.002,0.3968
13213.0,8.9774,0.395
13214.0,8.9917,0.3962
13215.0,9.0078,0.3984
13216.0,9.0067,0.3987
13217.0,9.0183,0.3992
13218.0,8.9982,0.3964
13219.0,8.9792,0.3946
13220.0,9.0159,0.4004
13221.0,9.0215,0.4004
13222.0,9.0135,0.4019
13223.0,8.9975,0.4024
13224.0,9.0157,0.4012
13225.0,9.0514,0.4003
13226.0,9.0017,0.4026
13227.0,8.9803,0.4043
13228.0,8.9912,0.398
13229.0,9.0094,0.4023
13230.0,8.9759,0.3981
13231.0,9.0025,0.4007
13232.0,9.0057,0.4032
13233.0,9.023,0.3992
13234.0,9.0197,0.3971
13235.0,9.013,0.3986
13236.0,8.9676,0.3971
13237.0,9.0138,0.3968
13238.0,9.0106,0.4036
13239.0,9.0038,0.4016
13240.0,8.974,0.3978
13241.0,8.9883,0.397
13242.0,8.9825,0.3973
13243.0,8.9698,0.3978
13244.0,9.0,0.4035
13245.0,8.988,0.3997
13246.0,9.0394,0.4064
13247.0,8.9975,0.3999
13248.0,9.0194,0.3983
13249.0,8.9765,0.4028
13250.0,8.992,0.395
13251.0,9.0015,0.4006
13252.0,8.9864,0.3964
13253.0,8.9937,0.3935
13254.0,8.9967,0.3996
13255.0,8.9965,0.4025
13256.0,9.0278,0.4006
13257.0,9.0057,0.4003
13258.0,9.0072,0.3922
13259.0,9.0081,0.3995
13260.0,9.0092,0.3996
13261.0,8.9988,0.4019
13262.0,8.9952,0.3968
13263.0,9.0025,0.4025
13264.0,9.0174,0.3985
13265.0,9.0169,0.3991
13266.0,8.9964,0.4016
13267.0,9.0115,0.3964
13268.0,8.9971,0.4025
13269.0,9.0005,0.3959
13270.0,8.9929,0.402
13271.0,8.9973,0.3993
13272.0,9.0201,0.3995
13273.0,9.0014,0.3908
13274.0,9.002,0.3982
13275.0,8.9783,0.3994
13276.0,8.9954,0.4046
13277.0,8.9964,0.3999
13278.0,8.9876,0.398
13279.0,9.0003,0.4025
13280.0,8.9936,0.3985
13281.0,9.0012,0.4031
13282.0,9.0018,0.4008
13283.0,8.9857,0.3973
13284.0,8.994,0.4028
13285.0,9.0012,0.4018
13286.0,9.0178,0.4027
13287.0,9.0039,0.3995
13288.0,8.9901,0.4018
13289.0,9.006,0.4058
13290.0,9.0256,0.4005
13291.0,9.0138,0.3988
13292.0,9.0082,0.4046
13293.0,9.0109,0.402
13294.0,9.0216,0.3986
13295.0,9.0161,0.4052
13296.0,9.0085,0.3964
13297.0,9.016,0.4016
13298.0,8.9838,0.4034
13299.0,8.9775,0.4032
13300.0,9.0024,0.3973
13301.0,9.001,0.3963
13302.0,8.9918,0.4007
13303.0,9.0124,0.4021
13304.0,8.9721,0.3968
13305.0,8.992,0.4009
13306.0,8.9927,0.3956
13307.0,8.9755,0.4032
13308.0,9.0224,0.3983
13309.0,8.9796,0.3995
13310.0,8.9912,0.4026
13311.0,9.0136,0.4023
13312.0,9.0097,0.4014
13313.0,8.9834,0.4031
13314.0,9.0102,0.4012
13315.0,9.0043,0.4043
13316.0,9.035,0.3949
13317.0,9.0061,0.3998
13318.0,8.9979,0.3997
13319.0,8.9872,0.3993
13320.0,8.9888,0.4015
13321.0,8.9876,0.4006
13322.0,9.0206,0.4025
13323.0,9.0003,0.3964
13324.0,9.0085,0.4069
13325.0,9.0227,0.3988
13326.0,8.9646,0.4009
13327.0,9.0192,0.3994
13328.0,9.0008,0.4002
13329.0,9.0065,0.3984
13330.0,8.9876,0.4006
13331.0,8.9887,0.4017
13332.0,9.0073,0.3928
13333.0,9.0358,0.399
13334.0,9.015,0.3989
13335.0,9.019,0.407
13336.0,8.9971,0.4026
13337.0,8.991,0.4045
13338.0,8.9883,0.4017
13339.0,8.9927,0.4002
13340.0,8.9692,0.4011
13341.0,8.9891,0.4034
13342.0,8.9916,0.4053
13343.0,8.9974,0.4009
13344.0,9.002,0.3981
13345.0,9.0054,0.4028
13346.0,8.9998,0.3974
13347.0,8.9913,0.4012
13348.0,8.9705,0.402
13349.0,8.9914,0.3997
13350.0,8.9854,0.3973
13351.0,9.007,0.3986
13352.0,9.0136,0.3991
13353.0,9.0141,0.3968
13354.0,9.0114,0.3988
13355.0,8.998,0.3956
13356.0,8.9922,0.4018
13357.0,8.9888,0.401
13358.0,8.9774,0.4008
13359.0,9.0149,0.3988
13360.0,8.9974,0.3992
13361.0,8.9813,0.3975
13362.0,8.9876,0.4015
13363.0,8.987,0.3959
13364.0,9.0006,0.4003
13365.0,9.016,0.3981
13366.0,8.9948,0.4053
13367.0,8.9662,0.4016
13368.0,8.9972,0.4
13369.0,8.9977,0.3967
13370.0,8.9966,0.3959
13371.0,8.9906,0.4015
13372.0,9.0033,0.4054
13373.0,9.001,0.4012
13374.0,8.9996,0.4005
13375.0,9.0062,0.4006
13376.0,8.9936,0.4003
13377.0,8.9927,0.4006
13378.0,9.0207,0.3979
13379.0,9.0084,0.3971
13380.0,9.0124,0.4003
13381.0,9.0184,0.4045
13382.0,9.0079,0.4023
13383.0,9.0139,0.3963
13384.0,8.9763,0.3992
13385.0,9.0031,0.4022
13386.0,8.9973,0.4046
13387.0,9.0252,0.4054
13388.0,9.0139,0.3994
13389.0,8.9905,0.4025
13390.0,9.0056,0.4007
13391.0,9.0025,0.3996
13392.0,9.0068,0.4002
13393.0,8.9847,0.4002
13394.0,9.0054,0.4035
13395.0,8.9966,0.3958
13396.0,9.0042,0.4014
13397.0,8.9891,0.4046
13398.0,8.9912,0.4043
13399.0,9.0176,0.4017
13400.0,8.9842,0.3977
13401.0,8.9853,0.4023
13402.0,8.9992,0.404
13403.0,8.9884,0.3985
13404.0,8.9867,0.4011
13405.0,9.0016,0.3994
13406.0,8.9774,0.3982
13407.0,8.9849,0.3991
13408.0,9.0308,0.4004
13409.0,9.0069,0.3972
13410.0,8.9888,0.3968
13411.0,9.0063,0.3973
13412.0,9.0085,0.401
13413.0,9.0149,0.3956
13414.0,8.9981,0.3933
13415.0,9.0146,0.4041
13416.0,8.9694,0.397
13417.0,8.9842,0.3994
13418.0,9.0025,0.4028
13419.0,9.0049,0.3957
13420.0,8.9863,0.3957
13421.0,9.0039,0.3981
13422.0,8.9906,0.4029
13423.0,8.9958,0.3999
13424.0,9.0154,0.4
13425.0,9.0136,0.3991
13426.0,8.985,0.4017
13427.0,8.9841,0.4043
13428.0,8.9938,0.409
13429.0,8.9996,0.3996
13430.0,8.9901,0.4046
13431.0,9.0156,0.403
13432.0,9.0052,0.4008
13433.0,9.0061,0.3934
13434.0,8.981,0.3989
13435.0,9.0175,0.399
13436.0,8.9577,0.4011
13437.0,9.0125,0.3994
13438.0,9.014,0.3983
13439.0,8.9935,0.4061
13440.0,9.0191,0.4039
13441.0,8.9991,0.3939
13442.0,9.0009,0.3992
13443.0,9.0051,0.4019
13444.0,9.0478,0.404
13445.0,9.0202,0.3987
13446.0,9.0105,0.3994
13447.0,8.9863,0.4003
13448.0,9.0022,0.402
13449.0,8.9878,0.3954
13450.0,9.0123,0.394
13451.0,9.0021,0.4038
13452.0,8.9831,0.397
13453.0,9.0012,0.4064
13454.0,8.9873,0.3974
13455.0,9.0023,0.3994
13456.0,8.9871,0.4011
13457.0,9.0004,0.3936
13458.0,9.0113,0.4086
13459.0,8.9992,0.3988
13460.0,8.9941,0.3975
13461.0,9.003,0.3965
13462.0,9.0105,0.4011
13463.0,8.9834,0.4009
13464.0,9.0039,0.3966
13465.0,9.0198,0.3959
13466.0,9.0086,0.4032
13467.0,9.0009,0.398
13468.0,9.0096,0.3948
13469.0,9.0068,0.3996
13470.0,9.0113,0.3988
13471.0,8.9696,0.4059
13472.0,8.9767,0.3984
13473.0,9.0151,0.3991
13474.0,8.9774,0.4007
13475.0,9.006,0.3983
13476.0,8.9947,0.4013
13477.0,8.9851,0.3969
13478.0,9.0052,0.3993
13479.0,9.003,0.4012
13480.0,9.0317,0.4034
13481.0,8.9906,0.3982
13482.0,9.0216,0.3982
13483.0,9.0053,0.4046
13484.0,8.9901,0.3983
13485.0,9.012,0.3998
13486.0,9.0085,0.4051
13487.0,9.0005,0.4002
13488.0,9.004,0.3993
13489.0,8.991,0.3995
13490.0,8.9876,0.3978
13491.0,9.0114,0.4014
13492.0,8.9966,0.3972
13493.0,8.9988,0.4023
13494.0,9.0042,0.4
13495.0,9.004,0.4007
13496.0,8.9786,0.4052
13497.0,9.0193,0.3957
13498.0,9.0018,0.4001
13499.0,8.997,0.4019
13500.0,9.0065,0.3982
13501.0,9.0035,0.4029
13502.0,9.0115,0.3984
13503.0,9.0081,0.4009
13504.0,9.0108,0.3996
13505.0,9.0203,0.4005
13506.0,9.0133,0.4002
13507.0,8.9976,0.3999
13508.0,8.9832,0.3986
13509.0,9.025,0.398
13510.0,8.9964,0.4009
13511.0,8.9929,0.4002
13512.0,8.9739,0.3979
13513.0,9.0051,0.401
13514.0,9.0022,0.3986
13515.0,8.9773,0.4047
13516.0,9.0068,0.4075
13517.0,8.9925,0.4042
13518.0,9.0404,0.404
13519.0,8.9915,0.4024
13520.0,8.9935,0.3994
13521.0,8.9869,0.3943
13522.0,9.0192,0.3969
13523.0,8.9944,0.398
13524.0,8.9891,0.4036
13525.0,9.0106,0.4008
13526.0,8.9793,0.398
13527.0,9.0094,0.3945
13528.0,9.0267,0.407
13529.0,9.0085,0.4016
13530.0,9.0096,0.4027
13531.0,9.0131,0.3984
13532.0,9.0256,0.3996
13533.0,9.0181,0.399
13534.0,9.0066,0.4002
13535.0,9.0136,0.4055
13536.0,8.9867,0.3964
13537.0,9.0116,0.3999
13538.0,8.9849,0.4011
13539.0,8.9945,0.3996
13540.0,8.9538,0.403
13541.0,9.006,0.3948
13542.0,8.9903,0.4057
13543.0,9.0167,0.3959
13544.0,9.0059,0.3966
13545.0,9.0169,0.3987
13546.0,8.9837,0.3981
13547.0,9.0156,0.4013
13548.0,9.0316,0.4009
13549.0,9.0115,0.4003
13550.0,9.0119,0.3957
13551.0,9.0025,0.3996
13552.0,8.9921,0.4001
13553.0,9.0114,0.4037
13554.0,8.9774,0.4006
13555.0,8.9937,0.4011
13556.0,8.9734,0.4059
13557.0,8.9894,0.3965
13558.0,9.0096,0.3988
13559.0,9.0076,0.3966
13560.0,9.0008,0.4048
13561.0,9.0026,0.405
13562.0,8.9717,0.4046
13563.0,8.9944,0.4016
13564.0,8.9898,0.4011
13565.0,8.9901,0.3986
13566.0,9.009,0.4023
13567.0,8.9871,0.3962
13568.0,8.9909,0.3961
13569.0,8.9687,0.3987
13570.0,8.9956,0.4057
13571.0,8.9837,0.3985
13572.0,9.0012,0.3989
13573.0,8.9857,0.4009
13574.0,9.0016,0.4027
13575.0,8.9978,0.4038
13576.0,9.0251,0.3966
13577.0,9.0075,0.3997
13578.0,8.9724,0.4007
13579.0,8.981,0.401
13580.0,9.0008,0.4026
13581.0,8.9861,0.4025
13582.0,8.9555,0.4001
13583.0,9.0202,0.4035
13584.0,9.0108,0.4029
13585.0,9.0078,0.4027
13586.0,8.9909,0.3984
13587.0,9.0064,0.4021
13588.0,8.9894,0.4036
13589.0,9.0031,0.3985
13590.0,8.9862,0.4004
13591.0,9.0227,0.4047
13592.0,8.9764,0.4012
13593.0,9.0185,0.3997
13594.0,9.0006,0.4044
13595.0,8.9927,0.3986
13596.0,9.0025,0.3949
13597.0,9.011,0.3977
13598.0,9.0205,0.4034
13599.0,9.0047,0.4016
13600.0,8.9866,0.4002
13601.0,9.0008,0.4032
13602.0,9.0273,0.4005
13603.0,9.0202,0.3993
13604.0,9.0136,0.4025
13605.0,9.0119,0.3989
13606.0,9.0105,0.4015
13607.0,9.0174,0.3976
13608.0,8.9932,0.3968
13609.0,8.9797,0.3974
13610.0,9.001,0.3999
13611.0,8.9877,0.3981
13612.0,8.9842,0.3981
13613.0,8.9892,0.3995
13614.0,9.0373,0.3998
13615.0,9.002,0.3953
13616.0,9.0054,0.3924
13617.0,8.9817,0.4012
13618.0,8.9723,0.4004
13619.0,8.9877,0.3959
13620.0,9.0216,0.4013
13621.0,9.005,0.4013
13622.0,9.009,0.3991
13623.0,9.0111,0.4059
13624.0,8.9911,0.4038
13625.0,9.0208,0.3988
13626.0,8.9905,0.3989
13627.0,9.0211,0.3956
13628.0,9.0066,0.4037
13629.0,8.9732,0.4007
13630.0,8.9888,0.4025
13631.0,8.9732,0.3936
13632.0,9.0174,0.4023
13633.0,8.9996,0.3985
13634.0,8.9666,0.4018
13635.0,9.0056,0.4016
13636.0,8.9919,0.3999
13637.0,8.9777,0.3979
13638.0,9.0252,0.4012
13639.0,9.0016,0.3975
13640.0,8.9956,0.4032
13641.0,8.994,0.3978
13642.0,8.9773,0.4001
13643.0,8.9804,0.3978
13644.0,9.0193,0.4005
13645.0,8.9929,0.3969
13646.0,9.0003,0.3976
13647.0,8.9693,0.4069
13648.0,8.9802,0.4025
13649.0,9.0091,0.4011
13650.0,9.0057,0.4015
13651.0,9.0263,0.4009
13652.0,9.0201,0.3997
13653.0,8.9965,0.4023
13654.0,9.0071,0.3975
13655.0,8.9953,0.4048
13656.0,9.0308,0.4004
13657.0,9.0172,0.4024
13658.0,9.0025,0.4047
13659.0,9.003,0.4015
13660.0,9.0217,0.3976
13661.0,9.0087,0.4037
13662.0,9.0234,0.4051
13663.0,8.9671,0.3942
13664.0,9.0069,0.3997
13665.0,8.9923,0.4009
13666.0,9.0263,0.3992
13667.0,9.0232,0.3963
13668.0,9.0005,0.3974
13669.0,9.023,0.3945
13670.0,9.0267,0.4029
13671.0,9.0011,0.4041
13672.0,9.0371,0.4041
13673.0,8.9995,0.3999
13674.0,8.9968,0.4008
13675.0,9.013,0.4032
13676.0,8.9947,0.3993
13677.0,9.0013,0.3972
13678.0,9.0211,0.3983
13679.0,9.0003,0.4005
13680.0,8.9746,0.3979
13681.0,9.0055,0.4014
13682.0,8.9896,0.3959
13683.0,9.013,0.3993
13684.0,9.0104,0.4012
13685.0,9.0221,0.4004
13686.0,9.0136,0.3978
13687.0,9.0164,0.4022
13688.0,8.99,0.4008
13689.0,9.0121,0.3937
13690.0,9.0295,0.4014
13691.0,8.9897,0.3987
13692.0,9.027,0.3984
13693.0,8.9918,0.3975
13694.0,8.9872,0.397
13695.0,9.0044,0.4006
13696.0,9.0107,0.4016
13697.0,9.0137,0.4005
13698.0,8.9856,0.4028
13699.0,9.0065,0.4017
13700.0,8.9897,0.394
13701.0,8.9777,0.3973
13702.0,8.9861,0.4036
13703.0,8.9887,0.3962
13704.0,9.0078,0.3918
13705.0,9.0173,0.4055
13706.0,8.9779,0.4009
13707.0,9.0053,0.398
13708.0,8.9823,0.3975
13709.0,9.0094,0.4019
13710.0,8.9907,0.4014
13711.0,8.9842,0.401
13712.0,9.012,0.3994
13713.0,8.9912,0.3962
13714.0,8.9953,0.3999
13715.0,8.9667,0.4032
13716.0,9.0142,0.3984
13717.0,9.0123,0.4018
13718.0,9.0001,0.3988
13719.0,8.9771,0.4024
13720.0,9.0181,0.3971
13721.0,8.99,0.4
13722.0,8.9932,0.4014
13723.0,9.0347,0.398
13724.0,8.9894,0.4011
13725.0,9.0111,0.3999
13726.0,9.0084,0.3999
13727.0,9.0059,0.398
13728.0,9.0042,0.403
13729.0,9.0056,0.3972
13730.0,9.0041,0.4008
13731.0,8.9992,0.3975
13732.0,9.0227,0.3998
13733.0,8.9803,0.4019
13734.0,9.0153,0.3991
13735.0,9.0123,0.3908
13736.0,9.0105,0.396
13737.0,9.0168,0.3935
13738.0,8.9986,0.4002
13739.0,8.972,0.4
13740.0,8.9989,0.3989
13741.0,8.9851,0.3981
13742.0,8.989,0.4007
13743.0,8.9814,0.3957
13744.0,8.9928,0.4029
13745.0,8.9911,0.4002
13746.0,8.9643,0.3972
13747.0,9.0105,0.3987
13748.0,9.0333,0.3996
13749.0,9.0091,0.3959
13750.0,8.997,0.402
13751.0,8.9992,0.4029
13752.0,8.9937,0.4004
13753.0,9.0014,0.4028
13754.0,8.9994,0.408
13755.0,8.9874,0.3944
13756.0,9.0252,0.4002
13757.0,8.9777,0.396
13758.0,9.0108,0.4047
13759.0,8.9985,0.4007
13760.0,9.0285,0.3979
13761.0,9.0051,0.3992
13762.0,8.9946,0.404
13763.0,8.9963,0.4014
13764.0,9.0006,0.4017
13765.0,8.9829,0.4045
13766.0,8.9885,0.4029
13767.0,8.9732,0.4034
13768.0,8.9862,0.3996
13769.0,9.0014,0.3932
13770.0,9.0045,0.4003
13771.0,8.9703,0.398
13772.0,8.9979,0.4024
13773.0,9.0085,0.3947
13774.0,8.9976,0.4025
13775.0,8.9905,0.4006
13776.0,8.9938,0.4011
13777.0,8.9919,0.4019
13778.0,8.9904,0.3999
13779.0,9.0026,0.399
13780.0,9.0346,0.4034
13781.0,8.9888,0.4018
13782.0,8.9952,0.4021
13783.0,8.9992,0.3998
13784.0,8.9897,0.4003
13785.0,9.0165,0.4
13786.0,8.9644,0.3948
13787.0,8.992,0.3959
13788.0,9.0123,0.3996
13789.0,8.9956,0.3944
13790.0,8.9877,0.3997
13791.0,9.0066,0.3973
13792.0,9.0136,0.3998
13793.0,9.0032,0.4005
13794.0,8.988,0.3944
13795.0,9.0068,0.401
13796.0,8.994,0.3987
13797.0,9.0112,0.393
13798.0,9.0222,0.3986
13799.0,8.9609,0.4011
13800.0,9.0017,0.3988
13801.0,8.974,0.3986
13802.0,9.0366,0.4005
13803.0,8.993,0.3986
13804.0,9.0112,0.3992
13805.0,8.9995,0.396
13806.0,8.988,0.3984
13807.0,8.9862,0.4057
13808.0,9.0238,0.4005
13809.0,9.0143,0.4008
13810.0,9.0292,0.3981
13811.0,9.0008,0.3988
13812.0,9.0043,0.3993
13813.0,8.996,0.4026
13814.0,8.9957,0.4036
13815.0,8.9844,0.3986
13816.0,9.0013,0.3999
13817.0,8.9882,0.3993
13818.0,9.0066,0.4023
13819.0,9.0026,0.4014
13820.0,9.0043,0.3997
13821.0,9.0251,0.403
13822.0,8.9994,0.4016
13823.0,9.0114,0.3977
13824.0,9.0308,0.4
13825.0,9.0196,0.3995
13826.0,9.0173,0.397
13827.0,8.9954,0.3993
13828.0,9.0034,0.4034
13829.0,8.9802,0.4033
13830.0,9.0075,0.4027
13831.0,9.0041,0.4023
13832.0,9.0004,0.4006
13833.0,9.0154,0.3982
13834.0,8.9819,0.4017
13835.0,9.0245,0.3951
13836.0,9.0135,0.398
13837.0,8.9989,0.4033
13838.0,8.9978,0.3985
13839.0,9.0072,0.4019
13840.0,9.0228,0.3989
13841.0,9.0015,0.4017
13842.0,9.0022,0.3954
13843.0,9.0003,0.4038
13844.0,9.0267,0.3967
13845.0,8.9945,0.3959
13846.0,8.9996,0.4037
13847.0,9.022,0.4
13848.0,9.0022,0.3991
13849.0,9.0171,0.4047
13850.0,8.9863,0.4022
13851.0,8.9969,0.3987
13852.0,9.0223,0.3996
13853.0,8.9899,0.4032
13854.0,8.9977,0.3971
13855.0,9.0039,0.4043
13856.0,8.9852,0.3987
13857.0,8.9938,0.3974
13858.0,9.0017,0.4033
13859.0,9.0007,0.4022
13860.0,9.0192,0.3947
13861.0,9.0231,0.3997
13862.0,8.9872,0.3967
13863.0,9.0017,0.4024
13864.0,9.0101,0.4052
13865.0,9.0227,0.4016
13866.0,9.0108,0.3977
13867.0,9.0044,0.4027
13868.0,9.01,0.3998
13869.0,9.0101,0.3998
13870.0,8.9861,0.3985
13871.0,9.0029,0.4003
13872.0,9.0219,0.3998
13873.0,8.9969,0.3928
13874.0,9.0019,0.4001
13875.0,8.9964,0.3996
13876.0,8.9653,0.401
13877.0,9.0003,0.394
13878.0,9.0045,0.4015
13879.0,8.9923,0.4001
13880.0,8.9827,0.4015
13881.0,8.9868,0.3951
13882.0,9.0115,0.3963
13883.0,9.0296,0.3944
13884.0,9.0207,0.4004
13885.0,8.9798,0.399
13886.0,9.0128,0.3996
13887.0,8.9901,0.3958
13888.0,8.9913,0.3964
13889.0,8.9931,0.3925
13890.0,9.0106,0.396
13891.0,9.0144,0.398
13892.0,8.9985,0.3982
13893.0,8.9988,0.3998
13894.0,9.007,0.4023
13895.0,9.0085,0.3979
13896.0,9.0176,0.4015
13897.0,8.9807,0.4023
13898.0,9.0003,0.4035
13899.0,8.984,0.4015
13900.0,8.9992,0.4002
13901.0,8.9966,0.3968
13902.0,8.9993,0.4008
13903.0,8.988,0.3989
13904.0,8.9777,0.4041
13905.0,8.9686,0.4003
13906.0,8.998,0.3995
13907.0,8.9935,0.4042
13908.0,8.9899,0.3986
13909.0,9.0198,0.4
13910.0,8.9871,0.406
13911.0,9.0213,0.4008
13912.0,9.0244,0.4034
13913.0,8.9707,0.4045
13914.0,9.0014,0.3983
13915.0,8.994,0.4027
13916.0,8.9563,0.399
13917.0,8.9783,0.4061
13918.0,9.0116,0.4043
13919.0,9.0303,0.4022
13920.0,9.0135,0.4031
13921.0,9.0049,0.3979
13922.0,8.9997,0.4052
13923.0,9.0252,0.3973
13924.0,9.0322,0.4012
13925.0,8.9912,0.3979
13926.0,8.97,0.4026
13927.0,8.9685,0.4052
13928.0,9.0198,0.4014
13929.0,8.9993,0.4009
13930.0,9.0027,0.3997
13931.0,8.9731,0.4003
13932.0,8.9887,0.399
13933.0,8.9956,0.4049
13934.0,9.0031,0.4024
13935.0,8.994,0.399
13936.0,8.9844,0.4002
13937.0,8.9882,0.4087
13938.0,9.0181,0.4008
13939.0,9.0037,0.4044
13940.0,9.0092,0.3983
13941.0,8.9865,0.4014
13942.0,8.9557,0.3981
13943.0,8.9922,0.3984
13944.0,8.987,0.4024
13945.0,9.0052,0.3973
13946.0,9.0493,0.3964
13947.0,9.0104,0.4021
13948.0,9.041,0.3985
13949.0,9.0085,0.3992
13950.0,8.9906,0.3946
13951.0,9.0052,0.3962
13952.0,9.0267,0.4007
13953.0,9.0274,0.3993
13954.0,8.9914,0.4027
13955.0,9.0038,0.3973
13956.0,8.9786,0.3995
13957.0,9.0124,0.4001
13958.0,9.0233,0.3994
13959.0,9.0006,0.4018
13960.0,8.99,0.3967
13961.0,9.0054,0.4015
13962.0,9.0063,0.4034
13963.0,9.0012,0.3975
13964.0,9.0027,0.4012
13965.0,8.9974,0.4011
13966.0,9.0149,0.4018
13967.0,9.011,0.4
13968.0,8.9853,0.4043
13969.0,8.9848,0.4063
13970.0,8.9962,0.4019
13971.0,9.0111,0.4009
13972.0,9.0022,0.4
13973.0,8.9904,0.3961
13974.0,9.0039,0.3957
13975.0,8.995,0.3965
13976.0,9.0132,0.4008
13977.0,9.005,0.3994
13978.0,8.9953,0.4046
13979.0,9.0035,0.3925
13980.0,9.0197,0.4001
13981.0,8.9915,0.4013
13982.0,9.006,0.4027
13983.0,8.9989,0.4004
13984.0,9.0064,0.4011
13985.0,8.9902,0.4005
13986.0,9.0017,0.4013
13987.0,9.0166,0.3999
13988.0,8.9859,0.4063
13989.0,8.9801,0.4017
13990.0,8.9806,0.4006
13991.0,8.9824,0.3978
13992.0,9.0089,0.399
13993.0,8.9789,0.4045
13994.0,8.9955,0.3925
13995.0,9.0093,0.4002
13996.0,9.0062,0.3999
13997.0,8.9942,0.4015
13998.0,9.0029,0.4008
13999.0,9.0016,0.4045
14000.0,8.9966,0.4003
14001.0,8.9968,0.3998
14002.0,9.0335,0.4029
14003.0,9.0121,0.4046
14004.0,9.0372,0.4021
14005.0,8.9925,0.403
14006.0,8.9987,0.3993
14007.0,8.98,0.4004
14008.0,8.9879,0.4045
14009.0,9.0285,0.4016
14010.0,8.9922,0.3993
14011.0,9.0288,0.4001
14012.0,8.9813,0.4031
14013.0,8.9842,0.4034
14014.0,8.9949,0.3975
14015.0,8.999,0.4011
14016.0,9.0138,0.4
14017.0,9.0068,0.3998
14018.0,8.9938,0.404
14019.0,8.998,0.3993
14020.0,8.9952,0.3983
14021.0,8.9863,0.3976
14022.0,8.9867,0.3995
14023.0,9.0154,0.3978
14024.0,8.9726,0.3974
14025.0,9.0243,0.3973
14026.0,8.9949,0.3975
14027.0,8.9884,0.3977
14028.0,9.0111,0.4012
14029.0,9.0223,0.3941
14030.0,9.0168,0.3979
14031.0,9.0075,0.3997
14032.0,9.0163,0.4034
14033.0,8.9743,0.3993
14034.0,8.9922,0.3995
14035.0,8.9863,0.3997
14036.0,9.0184,0.3945
14037.0,8.9942,0.402
14038.0,9.0127,0.4019
14039.0,9.008,0.4024
14040.0,8.9871,0.4075
14041.0,8.9912,0.3961
14042.0,9.0194,0.3955
14043.0,8.9884,0.4021
14044.0,9.0019,0.399
14045.0,8.9883,0.397
14046.0,8.9953,0.3992
14047.0,8.9993,0.3981
14048.0,8.9883,0.4052
14049.0,8.9856,0.4068
14050.0,9.0043,0.3951
14051.0,8.9873,0.3956
14052.0,8.9878,0.3977
14053.0,8.9859,0.3979
14054.0,8.9988,0.3977
14055.0,9.0142,0.3994
14056.0,9.0226,0.3987
14057.0,8.9891,0.3959
14058.0,9.0323,0.3969
14059.0,8.9849,0.4046
14060.0,9.0163,0.3989
14061.0,8.9892,0.3988
14062.0,8.9869,0.3954
14063.0,8.9888,0.3986
14064.0,8.9992,0.4029
14065.0,9.0087,0.4018
14066.0,9.01,0.4024
14067.0,8.9858,0.3964
14068.0,8.9852,0.3963
14069.0,8.9863,0.4034
14070.0,8.9983,0.4025
14071.0,8.9968,0.3992
14072.0,8.9857,0.4026
14073.0,9.004,0.3964
14074.0,9.0339,0.3963
14075.0,8.9924,0.3951
14076.0,8.9935,0.4011
14077.0,9.0084,0.4007
14078.0,8.9916,0.3984
14079.0,9.01,0.3977
14080.0,8.9892,0.4072
14081.0,9.0275,0.3992
14082.0,9.0052,0.4042
14083.0,8.9907,0.3996
14084.0,8.9912,0.3985
14085.0,8.9923,0.4042
14086.0,9.0206,0.4024
14087.0,8.981,0.3999
14088.0,8.99,0.4034
14089.0,8.9916,0.4076
14090.0,8.9998,0.3978
14091.0,8.9959,0.4014
14092.0,8.9776,0.3988
14093.0,8.994,0.3972
14094.0,8.9985,0.3971
14095.0,8.9906,0.4048
14096.0,9.0103,0.3945
14097.0,9.0138,0.4015
14098.0,8.9988,0.3975
14099.0,9.0035,0.4053
14100.0,8.9676,0.3992
14101.0,8.9937,0.3989
14102.0,9.0151,0.4047
14103.0,8.9936,0.4026
14104.0,8.9889,0.4017
14105.0,9.0342,0.4024
14106.0,9.0273,0.3968
14107.0,9.007,0.4022
14108.0,9.0171,0.3994
14109.0,8.9666,0.4011
14110.0,8.9882,0.4015
14111.0,8.993,0.3967
14112.0,8.9965,0.4018
14113.0,8.9927,0.3994
14114.0,8.9617,0.3963
14115.0,9.0058,0.3996
14116.0,9.0082,0.4001
14117.0,9.024,0.4018
14118.0,8.9882,0.3928
14119.0,8.9869,0.4012
14120.0,8.9598,0.3985
14121.0,8.9956,0.4024
14122.0,9.0135,0.4
14123.0,8.9908,0.399
14124.0,9.0322,0.3995
14125.0,8.9962,0.401
14126.0,9.0022,0.4027
14127.0,8.9796,0.3973
14128.0,9.0043,0.399
14129.0,8.9703,0.4044
14130.0,9.0104,0.3989
14131.0,9.0109,0.4011
14132.0,9.0204,0.3963
14133.0,8.9847,0.3949
14134.0,9.0024,0.3969
14135.0,9.0085,0.3979
14136.0,9.0066,0.4031
14137.0,8.987,0.4034
14138.0,8.9641,0.3942
14139.0,9.0052,0.3984
14140.0,8.9977,0.4021
14141.0,8.9915,0.3997
14142.0,9.0115,0.4045
14143.0,8.9993,0.402
14144.0,8.9802,0.3992
14145.0,8.971,0.3995
14146.0,8.9831,0.3998
14147.0,9.0359,0.3975
14148.0,9.0108,0.4028
14149.0,9.0028,0.4022
14150.0,8.9973,0.4014
14151.0,8.9963,0.4007
14152.0,9.0175,0.3969
14153.0,8.9926,0.4015
14154.0,9.0087,0.4004
14155.0,8.9948,0.406
14156.0,9.0291,0.3961
14157.0,9.0111,0.3978
14158.0,9.0187,0.3952
14159.0,8.9912,0.3993
14160.0,9.0159,0.3948
14161.0,8.9953,0.4036
14162.0,9.0017,0.4033
14163.0,9.0245,0.3995
14164.0,8.9844,0.397
14165.0,9.003,0.3954
14166.0,9.0066,0.3979
14167.0,9.0078,0.4019
14168.0,8.9932,0.3976
14169.0,9.0313,0.4057
14170.0,8.9806,0.4045
14171.0,9.0219,0.4
14172.0,9.0182,0.3986
14173.0,9.0285,0.3983
14174.0,8.9762,0.4048
14175.0,8.987,0.398
14176.0,9.0224,0.4028
14177.0,8.9718,0.4001
14178.0,8.9759,0.4021
14179.0,8.9927,0.3975
14180.0,9.0029,0.399
14181.0,9.0239,0.3999
14182.0,8.9972,0.3981
14183.0,8.9909,0.4037
14184.0,9.0047,0.3977
14185.0,9.007,0.3983
14186.0,9.0066,0.4041
14187.0,8.9973,0.4035
14188.0,8.9707,0.4048
14189.0,8.9862,0.3943
14190.0,9.0213,0.4006
14191.0,9.0028,0.4003
14192.0,8.9952,0.3983
14193.0,9.0168,0.401
14194.0,8.983,0.399
14195.0,8.9966,0.4005
14196.0,9.0021,0.4102
14197.0,8.9934,0.401
14198.0,9.0015,0.4011
14199.0,8.9972,0.4025
14200.0,8.979,0.4005
14201.0,9.0027,0.3967
14202.0,8.9801,0.3951
14203.0,9.0025,0.3999
14204.0,9.0206,0.3992
14205.0,8.9958,0.3941
14206.0,8.9824,0.4049
14207.0,8.9981,0.4003
14208.0,8.9875,0.4043
14209.0,9.0089,0.3933
14210.0,8.9978,0.4044
14211.0,9.0256,0.3985
14212.0,9.0174,0.4038
14213.0,8.9977,0.4006
14214.0,9.0107,0.4014
14215.0,8.9941,0.4014
14216.0,9.0005,0.3987
14217.0,8.9946,0.3981
14218.0,9.0115,0.3989
14219.0,9.0215,0.3956
14220.0,9.012,0.3986
14221.0,9.0138,0.3979
14222.0,9.0138,0.3955
14223.0,9.0083,0.4014
14224.0,8.9829,0.4
14225.0,9.0255,0.4007
14226.0,9.0271,0.4021
14227.0,8.9965,0.3993
14228.0,8.9944,0.3972
14229.0,9.0092,0.4009
14230.0,9.0083,0.3912
14231.0,8.997,0.3997
14232.0,8.9812,0.4023
14233.0,9.0046,0.4031
14234.0,9.0083,0.3984
14235.0,9.0109,0.3933
14236.0,9.0052,0.3921
14237.0,8.9959,0.4019
14238.0,9.0149,0.3989
14239.0,9.001,0.4061
14240.0,8.993,0.3958
14241.0,8.9973,0.401
14242.0,8.9738,0.405
14243.0,8.9973,0.4006
14244.0,9.0103,0.3952
14245.0,9.0051,0.4083
14246.0,9.0228,0.4047
14247.0,8.9961,0.3993
14248.0,9.0073,0.4025
14249.0,9.0119,0.4025
14250.0,9.0351,0.4019
14251.0,9.0022,0.3959
14252.0,8.9843,0.401
14253.0,9.0127,0.4044
14254.0,9.028,0.4015
14255.0,8.9952,0.4012
14256.0,9.0126,0.3984
14257.0,9.0184,0.3973
14258.0,9.0153,0.3953
14259.0,9.0019,0.4023
14260.0,8.9895,0.3993
14261.0,8.9988,0.396
14262.0,9.0069,0.4029
14263.0,9.0136,0.3982
14264.0,9.005,0.3974
14265.0,8.9943,0.3985
14266.0,9.0083,0.3994
14267.0,9.0129,0.4014
14268.0,9.0057,0.3974
14269.0,8.9875,0.403
14270.0,8.9973,0.4015
14271.0,9.0142,0.3985
14272.0,8.9793,0.3995
14273.0,8.9686,0.3987
14274.0,9.0226,0.4002
14275.0,9.0077,0.4046
14276.0,9.0091,0.3987
14277.0,8.9838,0.4006
14278.0,9.0111,0.3979
14279.0,9.0041,0.4016
14280.0,8.9762,0.4008
14281.0,9.0214,0.404
14282.0,9.0024,0.3975
14283.0,8.9941,0.4021
14284.0,8.9943,0.4038
14285.0,8.9698,0.3987
14286.0,9.0089,0.3996
14287.0,9.0039,0.4006
14288.0,8.9971,0.3993
14289.0,9.0192,0.4005
14290.0,8.9792,0.402
14291.0,8.991,0.3997
14292.0,8.9872,0.3996
14293.0,8.9958,0.4008
14294.0,9.001,0.3988
14295.0,9.0065,0.399
14296.0,8.9948,0.3973
14297.0,8.9868,0.3999
14298.0,9.0253,0.4013
14299.0,9.0362,0.3992
14300.0,9.0021,0.3977
14301.0,8.9886,0.3997
14302.0,9.0221,0.4012
14303.0,8.9783,0.4004
14304.0,8.995,0.4067
14305.0,8.9896,0.398
14306.0,8.9826,0.3995
14307.0,8.9958,0.4023
14308.0,8.987,0.3979
14309.0,9.0002,0.4058
14310.0,9.0004,0.4
14311.0,8.9907,0.4017
14312.0,8.9944,0.4001
14313.0,8.9965,0.4031
14314.0,9.0121,0.3968
14315.0,8.9978,0.4047
14316.0,9.0124,0.4007
14317.0,9.0088,0.402
14318.0,9.0086,0.3978
14319.0,9.0208,0.401
14320.0,8.9832,0.3971
14321.0,8.9929,0.4035
14322.0,9.0264,0.3961
14323.0,8.9961,0.4005
14324.0,8.9578,0.3988
14325.0,8.997,0.3953
14326.0,9.002,0.3972
14327.0,8.9607,0.4013
14328.0,9.02,0.3973
14329.0,8.9893,0.398
14330.0,9.0049,0.4011
14331.0,8.9966,0.4027
14332.0,8.9807,0.402
14333.0,8.9839,0.3999
14334.0,8.986,0.4007
14335.0,9.0163,0.4004
14336.0,8.9978,0.3969
14337.0,8.9922,0.4008
14338.0,8.986,0.3969
14339.0,9.0179,0.4018
14340.0,9.022,0.4004
14341.0,9.0178,0.3935
14342.0,9.0074,0.4029
14343.0,9.0043,0.3984
14344.0,8.9818,0.3982
14345.0,8.9963,0.4029
14346.0,8.9897,0.3995
14347.0,8.9726,0.4018
14348.0,9.0159,0.398
14349.0,8.9896,0.4024
14350.0,9.0179,0.4006
14351.0,9.0132,0.4012
14352.0,9.0084,0.3995
14353.0,9.0092,0.4049
14354.0,8.9908,0.4056
14355.0,9.0279,0.3934
14356.0,9.0006,0.4028
14357.0,9.0045,0.3968
14358.0,8.9903,0.4015
14359.0,8.986,0.3947
14360.0,9.0072,0.4012
14361.0,9.0033,0.3975
14362.0,8.9882,0.3986
14363.0,8.9784,0.3987
14364.0,8.981,0.3978
14365.0,9.0179,0.3979
14366.0,8.9908,0.3988
14367.0,8.9949,0.3995
14368.0,9.0218,0.401
14369.0,8.9832,0.4056
14370.0,8.9891,0.3972
14371.0,8.9885,0.4004
14372.0,9.0243,0.4023
14373.0,9.0299,0.3979
14374.0,9.0113,0.3932
14375.0,9.0118,0.3943
14376.0,8.9913,0.3933
14377.0,9.0292,0.4046
14378.0,9.004,0.4018
14379.0,9.0128,0.4023
14380.0,8.9984,0.4029
14381.0,8.996,0.3983
14382.0,9.0249,0.4069
14383.0,9.0081,0.401
14384.0,9.0218,0.3998
14385.0,9.0038,0.4033
14386.0,8.9873,0.402
14387.0,8.9912,0.404
14388.0,9.0015,0.4042
14389.0,8.9906,0.3989
14390.0,8.9834,0.4006
14391.0,9.018,0.3973
14392.0,8.9918,0.3951
14393.0,9.0021,0.4025
14394.0,9.0044,0.4029
14395.0,8.9912,0.3941
14396.0,9.0218,0.3978
14397.0,8.9832,0.4002
14398.0,9.0039,0.4005
14399.0,9.0037,0.4061
14400.0,8.9992,0.3981
14401.0,8.9805,0.3995
14402.0,9.0131,0.4019
14403.0,9.0112,0.3989
14404.0,8.9899,0.3985
14405.0,9.0106,0.3982
14406.0,9.0056,0.4007
14407.0,8.9808,0.3995
14408.0,8.9872,0.402
14409.0,9.0171,0.4011
14410.0,9.0046,0.3913
14411.0,8.9915,0.3947
14412.0,8.9871,0.3985
14413.0,8.9923,0.4029
14414.0,8.9933,0.398
14415.0,8.9873,0.4011
14416.0,8.9739,0.4018
14417.0,9.0171,0.4016
14418.0,9.0146,0.3984
14419.0,8.9809,0.3966
14420.0,9.002,0.3961
14421.0,8.9865,0.4089
14422.0,8.9961,0.4014
14423.0,8.9948,0.4055
14424.0,8.9936,0.3975
14425.0,9.03,0.4037
14426.0,8.9934,0.3986
14427.0,8.9879,0.3999
14428.0,8.9886,0.3991
14429.0,9.0157,0.3974
14430.0,8.9752,0.3974
14431.0,8.9886,0.3999
14432.0,9.0217,0.3982
14433.0,9.0037,0.4004
14434.0,9.0029,0.3975
14435.0,9.032,0.4021
14436.0,9.0037,0.3986
14437.0,8.9894,0.4049
14438.0,8.9958,0.3998
14439.0,8.983,0.3997
14440.0,9.0188,0.4048
14441.0,9.0086,0.3985
14442.0,9.0169,0.3988
14443.0,9.0182,0.3979
14444.0,8.9938,0.4006
14445.0,8.9858,0.3978
14446.0,8.9992,0.4023
14447.0,8.9869,0.3999
14448.0,9.0025,0.4025
14449.0,9.017,0.4022
14450.0,8.9975,0.3985
14451.0,9.0022,0.3978
14452.0,8.9986,0.399
14453.0,9.012,0.4
14454.0,8.99,0.401
14455.0,8.9671,0.4013
14456.0,9.0071,0.3999
14457.0,9.0148,0.398
14458.0,9.0067,0.3982
14459.0,8.9904,0.4016
14460.0,8.983,0.398
14461.0,9.0074,0.4017
14462.0,9.0021,0.4018
14463.0,8.9981,0.4046
14464.0,9.0273,0.3986
14465.0,8.9858,0.399
14466.0,9.0266,0.3931
14467.0,9.0005,0.3972
14468.0,8.9725,0.3971
14469.0,8.9973,0.4015
14470.0,9.0144,0.4054
14471.0,8.9945,0.4017
14472.0,8.9779,0.403
14473.0,8.9975,0.3979
14474.0,8.9871,0.3964
14475.0,9.0074,0.3993
14476.0,9.0116,0.3981
14477.0,8.9842,0.3974
14478.0,8.9894,0.4007
14479.0,9.0113,0.3964
14480.0,8.9871,0.4025
14481.0,8.9838,0.3988
14482.0,8.9823,0.3999
14483.0,9.0053,0.4003
14484.0,9.0046,0.3986
14485.0,8.9897,0.4038
14486.0,9.0001,0.3952
14487.0,9.0229,0.4039
14488.0,8.9854,0.399
14489.0,8.9707,0.4028
14490.0,9.0068,0.4006
14491.0,8.9983,0.4026
14492.0,8.9893,0.3996
14493.0,9.0098,0.4007
14494.0,9.0126,0.4033
14495.0,8.9669,0.4003
14496.0,8.9902,0.404
14497.0,9.0348,0.4011
14498.0,9.0088,0.3978
14499.0,9.0101,0.3989
14500.0,9.0176,0.4027
14501.0,9.0003,0.3963
14502.0,9.012,0.4024
14503.0,9.0108,0.3989
14504.0,9.0081,0.3961
14505.0,8.9952,0.4006
14506.0,9.0026,0.3979
14507.0,8.9912,0.3983
14508.0,9.0002,0.3981
14509.0,8.9825,0.4003
14510.0,8.9881,0.3988
14511.0,8.9958,0.4012
14512.0,8.9858,0.403
14513.0,8.9924,0.4016
14514.0,8.9975,0.4054
14515.0,9.006,0.4062
14516.0,9.0142,0.3991
14517.0,8.993,0.3965
14518.0,9.02,0.3991
14519.0,9.0141,0.4004
14520.0,9.0076,0.4067
14521.0,9.0023,0.3989
14522.0,9.0048,0.4008
14523.0,9.0178,0.398
14524.0,9.0184,0.399
14525.0,9.02,0.3964
14526.0,9.0006,0.3956
14527.0,9.0083,0.4041
14528.0,9.0202,0.4032
14529.0,8.9906,0.3989
14530.0,8.9952,0.4032
14531.0,9.0002,0.3961
14532.0,9.0135,0.3995
14533.0,9.0137,0.4005
14534.0,8.9965,0.4038
14535.0,8.9774,0.4006
14536.0,9.0037,0.4016
14537.0,8.9862,0.3986
14538.0,8.9777,0.4008
14539.0,8.981,0.4038
14540.0,9.0049,0.3952
14541.0,9.0204,0.4034
14542.0,9.0006,0.3994
14543.0,9.0032,0.3958
14544.0,9.0177,0.3992
14545.0,8.9768,0.4039
14546.0,9.0078,0.3986
14547.0,8.9998,0.4009
14548.0,9.0085,0.3952
14549.0,8.9927,0.3945
14550.0,8.9877,0.3968
14551.0,9.0021,0.403
14552.0,9.0247,0.3998
14553.0,9.0129,0.4033
14554.0,8.9924,0.4035
14555.0,8.9799,0.3977
14556.0,8.9748,0.4047
14557.0,9.0197,0.3984
14558.0,8.9857,0.403
14559.0,8.9951,0.4029
14560.0,9.0198,0.4002
14561.0,8.9758,0.4002
14562.0,9.0224,0.401
14563.0,8.9962,0.4003
14564.0,8.9828,0.3988
14565.0,8.9963,0.3986
14566.0,8.9892,0.3989
14567.0,9.0066,0.4037
14568.0,8.9903,0.3952
14569.0,8.9713,0.3985
14570.0,8.9967,0.399
14571.0,8.9797,0.3993
14572.0,9.0031,0.4009
14573.0,8.9822,0.396
14574.0,8.9927,0.4031
14575.0,9.0027,0.4027
14576.0,8.9968,0.402
14577.0,9.0038,0.3994
14578.0,9.0102,0.3978
14579.0,8.9826,0.399
14580.0,8.999,0.4002
14581.0,8.9501,0.402
14582.0,9.0037,0.3998
14583.0,8.9955,0.4011
14584.0,8.9852,0.3987
14585.0,9.0047,0.4009
14586.0,9.0176,0.3993
14587.0,8.9929,0.4008
14588.0,8.9858,0.3947
14589.0,9.0025,0.4015
14590.0,8.98,0.4016
14591.0,8.9901,0.4016
14592.0,9.0183,0.397
14593.0,9.0009,0.3979
14594.0,8.9718,0.3974
14595.0,8.973,0.401
14596.0,9.0024,0.402
14597.0,9.0129,0.3979
14598.0,8.9757,0.4039
14599.0,9.0067,0.4039
14600.0,9.02,0.4004
14601.0,9.0283,0.4011
14602.0,9.005,0.395
14603.0,9.0076,0.3984
14604.0,8.968,0.3962
14605.0,9.0315,0.3973
14606.0,8.9914,0.4015
14607.0,8.986,0.4023
14608.0,8.9962,0.4024
14609.0,9.0227,0.4007
14610.0,9.0331,0.4016
14611.0,9.0019,0.3952
14612.0,9.015,0.3961
14613.0,9.0006,0.3994
14614.0,8.9844,0.4018
14615.0,9.0222,0.3987
14616.0,8.9907,0.3959
14617.0,9.023,0.3979
14618.0,9.0195,0.3972
14619.0,9.0092,0.3948
14620.0,9.0274,0.4067
14621.0,9.0335,0.4037
14622.0,8.9974,0.3941
14623.0,8.9879,0.3942
14624.0,8.972,0.3976
14625.0,9.0337,0.3955
14626.0,8.9934,0.4071
14627.0,9.017,0.3976
14628.0,8.9889,0.4011
14629.0,9.0231,0.3985
14630.0,8.9895,0.3965
14631.0,8.9821,0.4031
14632.0,8.9969,0.402
14633.0,8.992,0.3998
14634.0,9.0089,0.4071
14635.0,8.9992,0.4007
14636.0,9.0094,0.3986
14637.0,8.9956,0.4057
14638.0,8.99,0.4012
14639.0,8.9912,0.4049
14640.0,9.0307,0.3999
14641.0,9.0034,0.391
14642.0,8.9702,0.3953
14643.0,8.9922,0.4032
14644.0,9.0015,0.3982
14645.0,9.0277,0.4008
14646.0,9.0154,0.4034
14647.0,8.9862,0.4005
14648.0,9.0363,0.3974
14649.0,8.9995,0.4
14650.0,9.0187,0.4003
14651.0,8.9827,0.3988
14652.0,8.964,0.3958
14653.0,8.9789,0.3989
14654.0,8.9512,0.3997
14655.0,9.0317,0.3957
14656.0,9.0032,0.3972
14657.0,8.9861,0.3978
14658.0,9.0068,0.3944
14659.0,9.0028,0.4004
14660.0,9.0093,0.4007
14661.0,9.0181,0.3984
14662.0,8.9957,0.3959
14663.0,8.9868,0.4012
14664.0,9.0124,0.4016
14665.0,9.012,0.4003
14666.0,9.0015,0.4001
14667.0,9.0327,0.4018
14668.0,8.9934,0.3997
14669.0,8.9865,0.3972
14670.0,9.0063,0.3998
14671.0,8.9899,0.3988
14672.0,9.0074,0.3998
14673.0,8.9875,0.4027
14674.0,8.994,0.3964
14675.0,9.0284,0.4005
14676.0,8.9939,0.3962
14677.0,8.988,0.3972
14678.0,9.0176,0.4047
14679.0,8.9842,0.4014
14680.0,8.9896,0.4005
14681.0,9.0086,0.395
14682.0,9.0141,0.3993
14683.0,9.0183,0.3938
14684.0,8.9888,0.4001
14685.0,9.0089,0.3963
14686.0,8.993,0.4017
14687.0,8.9909,0.4005
14688.0,9.018,0.3964
14689.0,8.9918,0.4011
14690.0,9.0042,0.4063
14691.0,9.0023,0.3994
14692.0,8.9839,0.4026
14693.0,9.0145,0.3937
14694.0,9.0084,0.4014
14695.0,8.9702,0.3983
14696.0,9.0042,0.3992
14697.0,8.9884,0.4018
14698.0,9.0165,0.3993
14699.0,8.9783,0.3951
14700.0,8.9947,0.4046
14701.0,9.0054,0.3956
14702.0,9.0008,0.3975
14703.0,9.0114,0.4004
14704.0,8.9772,0.4004
14705.0,9.0248,0.4013
14706.0,9.0079,0.4004
14707.0,9.0204,0.4034
14708.0,9.0131,0.4015
14709.0,8.9998,0.3964
14710.0,8.9807,0.3922
14711.0,8.9915,0.4005
14712.0,9.0238,0.4044
14713.0,9.0208,0.3962
14714.0,8.9907,0.3969
14715.0,8.9577,0.4011
14716.0,8.9968,0.4014
14717.0,8.9957,0.4034
14718.0,8.9963,0.4049
14719.0,9.0079,0.4007
14720.0,9.0131,0.3972
14721.0,9.0149,0.3973
14722.0,9.0067,0.3984
14723.0,8.973,0.4031
14724.0,8.9949,0.3985
14725.0,9.0346,0.4029
14726.0,9.0056,0.3954
14727.0,9.0055,0.4009
14728.0,9.0054,0.3977
14729.0,9.0062,0.4016
14730.0,8.9643,0.3992
14731.0,8.9964,0.4024
14732.0,8.9994,0.3987
14733.0,9.0192,0.3999
14734.0,9.0007,0.4024
14735.0,8.9753,0.3997
14736.0,9.0065,0.4002
14737.0,8.9879,0.4023
14738.0,8.9817,0.3998
14739.0,8.9875,0.3952
14740.0,9.0081,0.3983
14741.0,9.0189,0.3942
14742.0,9.0072,0.3993
14743.0,9.0095,0.4014
14744.0,9.0071,0.4004
14745.0,9.0015,0.4042
14746.0,9.0105,0.4038
14747.0,8.9637,0.4008
14748.0,9.0017,0.3928
14749.0,8.9843,0.402
14750.0,9.0174,0.3977
14751.0,8.9978,0.4026
14752.0,9.0005,0.4009
14753.0,8.9774,0.402
14754.0,9.0153,0.4015
14755.0,9.0094,0.4072
14756.0,9.0084,0.4016
14757.0,8.9878,0.3962
14758.0,8.9884,0.4032
14759.0,9.0034,0.3987
14760.0,8.9896,0.404
14761.0,9.0065,0.4046
14762.0,8.9676,0.4019
14763.0,8.9927,0.3962
14764.0,9.027,0.3986
14765.0,9.0066,0.404
14766.0,9.0025,0.406
14767.0,9.0298,0.4002
14768.0,8.965,0.3992
14769.0,8.9878,0.3965
14770.0,8.994,0.3965
14771.0,9.0129,0.4007
14772.0,9.0131,0.4021
14773.0,8.987,0.3955
14774.0,9.015,0.4025
14775.0,8.994,0.4041
14776.0,9.0182,0.4019
14777.0,8.9845,0.405
14778.0,8.9982,0.4011
14779.0,8.9926,0.4011
14780.0,9.0158,0.401
14781.0,8.9922,0.4041
14782.0,8.9994,0.4016
14783.0,9.0076,0.3984
14784.0,9.0082,0.4013
14785.0,9.0133,0.4013
14786.0,9.0032,0.3994
14787.0,8.9937,0.4031
14788.0,8.9948,0.4003
14789.0,9.0004,0.4021
14790.0,9.0037,0.4015
14791.0,8.9978,0.3978
14792.0,9.0003,0.3971
14793.0,8.9772,0.3979
14794.0,9.01,0.3998
14795.0,9.0027,0.4048
14796.0,9.015,0.3999
14797.0,9.0,0.4011
14798.0,8.9739,0.4026
14799.0,8.9946,0.3989
14800.0,8.997,0.3988
14801.0,9.0111,0.4032
14802.0,8.9689,0.4017
14803.0,9.0006,0.3983
14804.0,9.0077,0.3988
14805.0,8.9901,0.4003
14806.0,9.0011,0.401
14807.0,8.9906,0.4037
14808.0,8.9891,0.4016
14809.0,8.9939,0.397
14810.0,8.9893,0.3976
14811.0,9.0103,0.4009
14812.0,8.989,0.4004
14813.0,8.9865,0.3975
14814.0,9.0265,0.4032
14815.0,9.0144,0.3933
14816.0,8.9721,0.401
14817.0,8.9885,0.3954
14818.0,9.0036,0.4026
14819.0,9.0049,0.3992
14820.0,8.9776,0.4022
14821.0,9.0174,0.3988
14822.0,9.0124,0.404
14823.0,9.0072,0.3944
14824.0,9.0204,0.4026
14825.0,9.0068,0.3982
14826.0,9.0067,0.4011
14827.0,9.0234,0.4013
14828.0,9.0165,0.3958
14829.0,8.9874,0.403
14830.0,9.0095,0.4012
14831.0,8.99,0.4004
14832.0,9.0076,0.4012
14833.0,9.0071,0.4004
14834.0,8.9792,0.4025
14835.0,8.9982,0.3986
14836.0,9.004,0.4025
14837.0,8.9935,0.4017
14838.0,9.0047,0.3995
14839.0,9.0121,0.4055
14840.0,8.9995,0.4014
14841.0,9.0034,0.4006
14842.0,9.0208,0.4017
14843.0,9.0071,0.3997
14844.0,9.003,0.4036
14845.0,8.9856,0.3999
14846.0,9.0101,0.4025
14847.0,9.005,0.3968
14848.0,9.0193,0.3946
14849.0,9.0007,0.4012
14850.0,8.9728,0.3988
14851.0,8.9745,0.3994
14852.0,9.011,0.393
14853.0,8.9914,0.4051
14854.0,9.0066,0.4003
14855.0,9.0017,0.404
14856.0,8.9975,0.3958
14857.0,8.9986,0.4003
14858.0,8.987,0.4012
14859.0,8.9998,0.4004
14860.0,8.9912,0.4007
14861.0,8.9944,0.3958
14862.0,8.9951,0.401
14863.0,8.9966,0.3975
14864.0,9.0138,0.3981
14865.0,8.9981,0.4
14866.0,9.0154,0.3989
14867.0,9.0231,0.3991
14868.0,9.0128,0.4034
14869.0,9.008,0.3995
14870.0,9.0049,0.3988
14871.0,9.013,0.3996
14872.0,9.0013,0.3967
14873.0,9.0148,0.4005
14874.0,9.0092,0.4022
14875.0,8.9946,0.4009
14876.0,9.0134,0.4001
14877.0,9.0014,0.4018
14878.0,8.9984,0.3983
14879.0,8.9929,0.4001
14880.0,9.0025,0.4042
14881.0,9.0149,0.3991
14882.0,9.0133,0.4018
14883.0,9.0053,0.4019
14884.0,9.009,0.3977
14885.0,9.0191,0.4021
14886.0,8.9978,0.3982
14887.0,8.9833,0.4013
14888.0,9.0195,0.3981
14889.0,8.9921,0.4008
14890.0,8.9896,0.4004
14891.0,8.9731,0.4003
14892.0,9.0086,0.4008
14893.0,8.9757,0.3984
14894.0,8.9887,0.3965
14895.0,9.0088,0.4002
14896.0,9.0108,0.4033
14897.0,8.9902,0.4017
14898.0,8.998,0.4013
14899.0,8.9869,0.3985
14900.0,8.9918,0.4006
14901.0,9.004,0.3975
14902.0,8.9925,0.3987
14903.0,8.9963,0.4011
14904.0,8.978,0.3946
14905.0,9.017,0.4052
14906.0,9.0077,0.396
14907.0,9.0119,0.4057
14908.0,9.0194,0.3975
14909.0,8.9876,0.3975
14910.0,8.9946,0.3988
14911.0,8.9716,0.3987
14912.0,9.0471,0.3982
14913.0,8.9978,0.3989
14914.0,9.0156,0.4003
14915.0,8.9814,0.3973
14916.0,9.0149,0.4025
14917.0,9.0279,0.4042
14918.0,8.9991,0.3942
14919.0,8.9848,0.4056
14920.0,8.9979,0.4023
14921.0,8.9666,0.4008
14922.0,8.9994,0.3983
14923.0,9.0123,0.4005
14924.0,8.9995,0.4027
14925.0,8.9957,0.4078
14926.0,9.0079,0.4066
14927.0,9.0091,0.3954
14928.0,8.9751,0.3994
14929.0,9.0013,0.4002
14930.0,9.0365,0.404
14931.0,8.98,0.3997
14932.0,8.9987,0.3977
14933.0,9.0291,0.4002
14934.0,9.0166,0.3988
14935.0,8.9923,0.403
14936.0,9.0031,0.4072
14937.0,9.0,0.4027
14938.0,8.9888,0.4029
14939.0,8.9989,0.4037
14940.0,8.9958,0.4014
14941.0,9.0017,0.3988
14942.0,8.9888,0.3991
14943.0,8.9809,0.4033
14944.0,8.9994,0.4009
14945.0,9.0257,0.3971
14946.0,9.0012,0.4039
14947.0,8.995,0.3977
14948.0,9.0113,0.3966
14949.0,8.9976,0.3974
14950.0,9.028,0.4009
14951.0,8.9999,0.4029
14952.0,9.0105,0.4008
14953.0,8.9887,0.3983
14954.0,9.0075,0.3976
14955.0,9.0041,0.4023
14956.0,8.9992,0.3997
14957.0,8.9925,0.401
14958.0,8.9904,0.3996
14959.0,9.0042,0.4009
14960.0,9.0094,0.4012
14961.0,8.9981,0.4073
14962.0,9.0043,0.4012
14963.0,8.9994,0.3988
14964.0,9.0015,0.4005
14965.0,8.997,0.3972
14966.0,9.0003,0.3971
14967.0,9.0405,0.4037
14968.0,9.0047,0.4009
14969.0,9.0097,0.4034
14970.0,9.0066,0.3951
14971.0,8.9961,0.3971
14972.0,9.0194,0.4009
14973.0,8.9956,0.3975
14974.0,9.0158,0.3957
14975.0,8.995,0.3968
14976.0,8.9856,0.399
14977.0,9.0055,0.4012
14978.0,8.9834,0.4051
14979.0,9.008,0.3968
14980.0,8.9821,0.397
14981.0,8.9952,0.3956
14982.0,8.9785,0.4017
14983.0,9.0424,0.4004
14984.0,8.9752,0.3971
14985.0,9.0001,0.3975
14986.0,9.0171,0.3996
14987.0,9.0155,0.3998
14988.0,9.0128,0.3969
14989.0,8.9952,0.4005
14990.0,9.0203,0.3959
14991.0,9.0137,0.4001
14992.0,9.0032,0.3995
14993.0,9.0036,0.4012
14994.0,8.9954,0.4036
14995.0,8.9864,0.3989
14996.0,9.0186,0.4
14997.0,9.0197,0.3941
14998.0,8.9867,0.4059
14999.0,8.9977,0.3944
15000.0,10.8184,0.3998
15001.0,10.8201,0.3924
15002.0,10.8216,0.3975
15003.0,10.8348,0.4052
15004.0,10.8094,0.4034
15005.0,10.8079,0.403
15006.0,10.8391,0.3994
15007.0,10.8136,0.405
15008.0,10.8016,0.4008
15009.0,10.8133,0.4021
15010.0,10.8156,0.4079
15011.0,10.8439,0.4033
15012.0,10.8345,0.3998
15013.0,10.8378,0.4015
15014.0,10.8329,0.4042
15015.0,10.8348,0.4019
15016.0,10.8103,0.4023
15017.0,10.8176,0.4039
15018.0,10.8057,0.4076
15019.0,10.8174,0.3972
15020.0,10.8308,0.4021
15021.0,10.8226,0.4014
15022.0,10.8403,0.3988
15023.0,10.8035,0.3981
15024.0,10.8281,0.405
15025.0,8.9813,0.3969
15026.0,9.0014,0.3958
15027.0,9.0111,0.3983
15028.0,8.9968,0.3947
15029.0,9.0083,0.3975
15030.0,8.9856,0.3968
15031.0,8.975,0.4003
15032.0,9.0084,0.4043
15033.0,9.0262,0.3982
15034.0,8.9851,0.4026
15035.0,9.0183,0.4023
15036.0,9.0007,0.3933
15037.0,8.98,0.3983
15038.0,8.983,0.3989
15039.0,9.0002,0.4011
15040.0,8.9939,0.4017
15041.0,8.9803,0.401
15042.0,8.9746,0.3973
15043.0,8.9873,0.3981
15044.0,9.0029,0.3955
15045.0,8.9999,0.4002
15046.0,8.9925,0.3989
15047.0,9.003,0.4016
15048.0,9.0156,0.4021
15049.0,9.0059,0.399
15050.0,8.9982,0.4008
15051.0,9.0139,0.3994
15052.0,8.9856,0.3967
15053.0,8.9966,0.3976
15054.0,8.997,0.3932
15055.0,8.9814,0.3988
15056.0,8.9937,0.3982
15057.0,8.9689,0.3967
15058.0,9.0287,0.4025
15059.0,8.9859,0.4016
15060.0,9.0238,0.4017
15061.0,9.0006,0.4021
15062.0,9.0085,0.4
15063.0,8.9927,0.4
15064.0,9.0031,0.4025
15065.0,9.0098,0.402
15066.0,9.01,0.4031
15067.0,9.0116,0.3999
15068.0,8.9945,0.397
15069.0,8.9928,0.4007
15070.0,8.9761,0.3983
15071.0,9.0078,0.402
15072.0,9.0162,0.4009
15073.0,9.0242,0.4002
15074.0,9.0046,0.3988
15075.0,8.9885,0.403
15076.0,8.9745,0.4028
15077.0,9.0156,0.3983
15078.0,8.9731,0.3963
15079.0,8.9949,0.4005
15080.0,8.9966,0.4036
15081.0,8.999,0.3962
15082.0,9.0005,0.4014
15083.0,9.0021,0.3975
15084.0,8.9638,0.3969
15085.0,9.0002,0.4028
15086.0,8.9666,0.402
15087.0,9.011,0.3995
15088.0,8.9917,0.4024
15089.0,8.9676,0.4021
15090.0,8.9878,0.3955
15091.0,8.9914,0.4003
15092.0,9.0179,0.4042
15093.0,9.0029,0.4014
15094.0,9.0052,0.3922
15095.0,9.0177,0.3968
15096.0,8.9986,0.403
15097.0,9.0113,0.3983
15098.0,9.0103,0.4034
15099.0,8.9807,0.4061
15100.0,9.0221,0.3993
15101.0,8.9787,0.3981
15102.0,9.0138,0.397
15103.0,8.9772,0.4023
15104.0,9.009,0.3982
15105.0,9.0279,0.3988
15106.0,8.9968,0.3967
15107.0,8.9962,0.3987
15108.0,9.0092,0.3979
15109.0,8.9951,0.3941
15110.0,9.0273,0.3975
15111.0,9.0029,0.4022
15112.0,8.9952,0.404
15113.0,8.9919,0.3997
15114.0,8.986,0.4001
15115.0,8.9906,0.4009
15116.0,8.9947,0.4059
15117.0,8.9927,0.397
15118.0,8.9901,0.3962
15119.0,9.0315,0.3998
15120.0,8.9845,0.4012
15121.0,9.0022,0.3999
15122.0,9.0089,0.3959
15123.0,9.0095,0.4027
15124.0,8.9991,0.3996
15125.0,8.9964,0.4017
15126.0,9.0068,0.4047
15127.0,9.004,0.3956
15128.0,8.9961,0.3948
15129.0,8.9766,0.4017
15130.0,8.993,0.3939
15131.0,8.9828,0.3988
15132.0,8.99,0.3983
15133.0,9.0005,0.4011
15134.0,9.0054,0.398
15135.0,9.0267,0.4015
15136.0,8.9919,0.3968
15137.0,9.0116,0.3963
15138.0,9.0046,0.4001
15139.0,9.0194,0.4003
15140.0,9.0086,0.4009
15141.0,8.9849,0.4044
15142.0,8.9742,0.4038
15143.0,9.0047,0.4014
15144.0,8.9921,0.4024
15145.0,8.9853,0.4008
15146.0,8.981,0.4035
15147.0,9.0024,0.4011
15148.0,9.0226,0.3983
15149.0,8.9939,0.3977
15150.0,9.0089,0.4035
15151.0,8.9985,0.3995
15152.0,8.9807,0.4058
15153.0,9.011,0.3967
15154.0,8.9836,0.4038
15155.0,9.0003,0.3987
15156.0,8.9949,0.4012
15157.0,9.0134,0.3961
15158.0,8.9841,0.3945
15159.0,9.0059,0.4044
15160.0,8.9874,0.3987
15161.0,8.9923,0.403
15162.0,8.9455,0.398
15163.0,9.0314,0.403
15164.0,9.0083,0.3987
15165.0,8.9885,0.3964
15166.0,8.9831,0.4019
15167.0,8.9926,0.4028
15168.0,9.0108,0.4019
15169.0,8.9716,0.3996
15170.0,8.9979,0.3948
15171.0,9.0266,0.3968
15172.0,8.983,0.3979
15173.0,9.0012,0.3992
15174.0,9.033,0.4034
15175.0,9.0095,0.3996
15176.0,9.0019,0.3937
15177.0,9.0076,0.3922
15178.0,8.994,0.3979
15179.0,9.0195,0.3985
15180.0,8.994,0.4011
15181.0,8.9706,0.3956
15182.0,8.9941,0.3959
15183.0,8.9855,0.4014
15184.0,8.9958,0.404
15185.0,8.9961,0.3941
15186.0,9.018,0.3977
15187.0,9.0104,0.4033
15188.0,9.0039,0.4028
15189.0,9.0,0.3972
15190.0,8.9841,0.4035
15191.0,8.9673,0.4001
15192.0,9.0017,0.402
15193.0,9.0119,0.3979
15194.0,8.9984,0.4009
15195.0,8.992,0.3965
15196.0,9.007,0.3984
15197.0,8.9988,0.3991
15198.0,9.0253,0.4004
15199.0,9.0185,0.4072
15200.0,9.0144,0.4077
15201.0,9.0114,0.3988
15202.0,8.9806,0.4044
15203.0,9.0099,0.3967
15204.0,9.0056,0.4012
15205.0,9.0091,0.3979
15206.0,9.0074,0.3986
15207.0,9.0068,0.408
15208.0,9.0405,0.3988
15209.0,8.9989,0.3981
15210.0,9.014,0.397
15211.0,8.9929,0.3977
15212.0,9.0119,0.3957
15213.0,9.0141,0.4007
15214.0,9.0055,0.4006
15215.0,9.025,0.401
15216.0,8.9867,0.4
15217.0,8.9927,0.3983
15218.0,9.0032,0.398
15219.0,9.0132,0.4005
15220.0,9.0027,0.3998
15221.0,9.0193,0.3981
15222.0,8.9901,0.3991
15223.0,8.9829,0.4046
15224.0,9.0046,0.4059
15225.0,8.9988,0.3993
15226.0,9.0081,0.3978
15227.0,8.9996,0.3999
15228.0,8.9949,0.4034
15229.0,8.9989,0.3999
15230.0,9.0004,0.4011
15231.0,8.9954,0.398
15232.0,8.997,0.3965
15233.0,8.9939,0.4023
15234.0,9.0128,0.4006
15235.0,9.0029,0.402
15236.0,9.0339,0.3949
15237.0,9.0024,0.4055
15238.0,8.9917,0.4008
15239.0,9.0401,0.3946
15240.0,9.0062,0.403
15241.0,9.0149,0.3989
15242.0,9.0089,0.4001
15243.0,9.0093,0.3986
15244.0,9.008,0.3997
15245.0,8.9835,0.3999
15246.0,9.0055,0.395
15247.0,8.9801,0.4026
15248.0,8.9974,0.4003
15249.0,8.9891,0.4013
15250.0,9.0054,0.4024
15251.0,9.005,0.4004
15252.0,9.0072,0.401
15253.0,9.0043,0.3956
15254.0,8.9909,0.3975
15255.0,8.9961,0.4003
15256.0,9.0138,0.4006
15257.0,9.016,0.4012
15258.0,8.9828,0.4042
15259.0,8.977,0.3997
15260.0,8.9891,0.4011
15261.0,9.0157,0.4002
15262.0,9.0182,0.3993
15263.0,8.9861,0.3994
15264.0,9.0046,0.3976
15265.0,9.0275,0.3996
15266.0,9.0062,0.3993
15267.0,9.0213,0.3995
15268.0,9.015,0.3948
15269.0,8.9863,0.3997
15270.0,8.9972,0.3974
15271.0,9.0005,0.3998
15272.0,9.0016,0.3967
15273.0,9.0137,0.4001
15274.0,9.0061,0.3991
15275.0,8.956,0.3981
15276.0,8.9803,0.4009
15277.0,8.9672,0.4011
15278.0,9.0026,0.3999
15279.0,9.0036,0.4017
15280.0,9.0042,0.3988
15281.0,8.9856,0.4012
15282.0,9.0101,0.3999
15283.0,9.0107,0.397
15284.0,8.9812,0.3976
15285.0,8.978,0.4035
15286.0,9.0,0.4047
15287.0,9.0269,0.4021
15288.0,9.0255,0.3983
15289.0,9.0085,0.4043
15290.0,8.9891,0.4018
15291.0,9.0133,0.401
15292.0,8.9932,0.4055
15293.0,8.9885,0.3974
15294.0,8.9678,0.4023
15295.0,9.0015,0.3976
15296.0,8.9906,0.3982
15297.0,9.0014,0.4078
15298.0,8.9655,0.4015
15299.0,9.0025,0.4055
15300.0,8.9635,0.4016
15301.0,9.0163,0.4012
15302.0,9.0078,0.3981
15303.0,8.9958,0.4029
15304.0,9.0084,0.4001
15305.0,8.9853,0.4002
15306.0,9.0011,0.3992
15307.0,9.0119,0.3997
15308.0,8.9536,0.4001
15309.0,8.9933,0.4004
15310.0,8.9997,0.3998
15311.0,8.9971,0.3953
15312.0,9.0219,0.4016
15313.0,8.9831,0.3996
15314.0,8.9907,0.39
15315.0,8.9713,0.3952
15316.0,9.0227,0.3986
15317.0,8.9963,0.4038
15318.0,8.9934,0.4018
15319.0,8.9992,0.3979
15320.0,9.0095,0.3994
15321.0,9.0052,0.4033
15322.0,9.0397,0.3982
15323.0,9.0068,0.3967
15324.0,8.993,0.4026
15325.0,8.9916,0.4033
15326.0,8.9941,0.3982
15327.0,8.9775,0.4015
15328.0,9.0006,0.3999
15329.0,9.0118,0.3982
15330.0,8.9908,0.4035
15331.0,8.9879,0.398
15332.0,9.0227,0.4023
15333.0,8.9786,0.4002
15334.0,8.969,0.3995
15335.0,8.9827,0.3983
15336.0,8.9769,0.397
15337.0,9.0058,0.3993
15338.0,8.9946,0.3985
15339.0,8.9967,0.4003
15340.0,9.0173,0.3964
15341.0,8.9896,0.3995
15342.0,9.0116,0.4012
15343.0,9.0227,0.398
15344.0,8.9932,0.4022
15345.0,9.0111,0.4025
15346.0,8.9964,0.3964
15347.0,9.0139,0.3977
15348.0,8.9764,0.396
15349.0,8.9753,0.4013
15350.0,8.9941,0.4004
15351.0,8.9867,0.3952
15352.0,8.9922,0.398
15353.0,8.9967,0.4009
15354.0,9.0108,0.4003
15355.0,8.9939,0.4036
15356.0,8.9876,0.3965
15357.0,8.9947,0.4
15358.0,8.9885,0.397
15359.0,8.986,0.4003
15360.0,8.9758,0.3995
15361.0,9.001,0.4008
15362.0,8.9915,0.3988
15363.0,9.0145,0.4023
15364.0,8.9783,0.3979
15365.0,8.9919,0.397
15366.0,9.0272,0.4007
15367.0,8.9859,0.4056
15368.0,8.9965,0.3954
15369.0,8.9818,0.3966
15370.0,8.9798,0.4007
15371.0,9.0232,0.4034
15372.0,9.0026,0.4009
15373.0,9.002,0.3982
15374.0,8.9746,0.4013
15375.0,9.0054,0.4015
15376.0,9.0174,0.398
15377.0,9.0172,0.4025
15378.0,9.01,0.3999
15379.0,8.9831,0.3948
15380.0,9.0047,0.3996
15381.0,9.01,0.3983
15382.0,8.9731,0.4039
15383.0,8.9832,0.396
15384.0,9.0133,0.3986
15385.0,9.0131,0.4008
15386.0,8.9768,0.4073
15387.0,9.0119,0.4059
15388.0,9.0014,0.3999
15389.0,9.0117,0.401
15390.0,8.9905,0.4018
15391.0,9.0097,0.397
15392.0,9.0127,0.4
15393.0,8.9947,0.4041
15394.0,9.0003,0.4004
15395.0,8.9903,0.4058
15396.0,9.0248,0.3987
15397.0,8.9982,0.3997
15398.0,8.9862,0.3998
15399.0,8.9893,0.3961
15400.0,9.0019,0.4033
15401.0,9.0113,0.399
15402.0,8.98,0.4008
15403.0,9.0277,0.3982
15404.0,9.0046,0.4052
15405.0,9.007,0.4037
15406.0,8.9985,0.4002
15407.0,9.0003,0.3963
15408.0,8.9978,0.4022
15409.0,9.0153,0.4032
15410.0,8.9999,0.3972
15411.0,9.0115,0.3996
15412.0,8.9935,0.4002
15413.0,9.0029,0.4033
15414.0,8.9879,0.3995
15415.0,9.0182,0.4029
15416.0,8.9875,0.3977
15417.0,8.9951,0.3968
15418.0,8.9953,0.4055
15419.0,8.9947,0.3961
15420.0,9.0108,0.3977
15421.0,8.9953,0.4024
15422.0,9.0209,0.3984
15423.0,8.9877,0.3983
15424.0,9.0025,0.3994
15425.0,8.9884,0.3935
15426.0,9.0063,0.4034
15427.0,8.9998,0.4005
15428.0,8.9977,0.3976
15429.0,9.0178,0.3949
15430.0,8.9902,0.3959
15431.0,9.0088,0.3952
15432.0,8.9885,0.4007
15433.0,9.0017,0.4007
15434.0,8.9821,0.4018
15435.0,8.9901,0.4022
15436.0,8.9988,0.4019
15437.0,9.0272,0.4046
15438.0,9.0015,0.4036
15439.0,9.0248,0.4029
15440.0,9.0033,0.4007
15441.0,8.9942,0.4022
15442.0,9.0231,0.3988
15443.0,9.0066,0.3993
15444.0,8.9904,0.4052
15445.0,9.0071,0.3983
15446.0,8.9956,0.3981
15447.0,8.9702,0.3989
15448.0,9.014,0.3984
15449.0,9.0164,0.3986
15450.0,9.0276,0.4007
15451.0,9.0063,0.4008
15452.0,8.9963,0.4027
15453.0,9.0125,0.4066
15454.0,9.0127,0.3989
15455.0,9.0246,0.3998
15456.0,8.9993,0.3945
15457.0,8.9975,0.3961
15458.0,8.9893,0.3996
15459.0,9.0081,0.4014
15460.0,8.9768,0.4015
15461.0,9.0116,0.4019
15462.0,9.0088,0.4038
15463.0,9.0088,0.4051
15464.0,9.0021,0.3993
15465.0,9.023,0.3976
15466.0,9.0131,0.402
15467.0,8.9909,0.4028
15468.0,8.9912,0.4004
15469.0,8.9868,0.3995
15470.0,9.0083,0.3985
15471.0,8.985,0.3999
15472.0,9.0163,0.4021
15473.0,9.0198,0.398
15474.0,8.9868,0.3976
15475.0,8.9972,0.4018
15476.0,9.0002,0.3975
15477.0,9.0133,0.4005
15478.0,9.0241,0.4003
15479.0,8.9747,0.4
15480.0,8.9952,0.3981
15481.0,8.996,0.4052
15482.0,8.979,0.4012
15483.0,8.9927,0.3985
15484.0,9.0064,0.401
15485.0,8.9958,0.4055
15486.0,8.9768,0.4003
15487.0,9.0431,0.4046
15488.0,9.004,0.3966
15489.0,9.0017,0.3974
15490.0,8.9835,0.3936
15491.0,9.0039,0.4059
15492.0,8.9975,0.3949
15493.0,8.9717,0.4005
15494.0,8.9839,0.4052
15495.0,9.0119,0.4029
15496.0,9.0292,0.4011
15497.0,9.0055,0.4038
15498.0,9.0165,0.398
15499.0,8.9977,0.4016
15500.0,8.9987,0.3997
15501.0,9.0164,0.3996
15502.0,9.0249,0.4006
15503.0,9.0195,0.4035
15504.0,8.984,0.4047
15505.0,8.999,0.3992
15506.0,9.0042,0.3967
15507.0,8.9961,0.3975
15508.0,9.0058,0.4058
15509.0,9.0123,0.4044
15510.0,9.015,0.3967
15511.0,9.0253,0.405
15512.0,8.9951,0.3979
15513.0,8.9795,0.402
15514.0,9.0054,0.3979
15515.0,9.0283,0.4065
15516.0,8.9928,0.3983
15517.0,9.0103,0.3969
15518.0,9.0104,0.3986
15519.0,9.0029,0.4079
15520.0,9.0001,0.4008
15521.0,8.9861,0.3969
15522.0,8.9658,0.3976
15523.0,8.9833,0.3948
15524.0,8.9941,0.4016
15525.0,9.0165,0.3962
15526.0,8.9985,0.4033
15527.0,8.9922,0.4024
15528.0,8.9866,0.3997
15529.0,9.0099,0.4037
15530.0,9.0204,0.4028
15531.0,9.016,0.4005
15532.0,9.0091,0.3977
15533.0,8.9779,0.4012
15534.0,8.9947,0.4012
15535.0,9.0292,0.4015
15536.0,9.0168,0.4002
15537.0,8.9769,0.401
15538.0,8.9992,0.4009
15539.0,9.0054,0.4041
15540.0,8.9886,0.3962
15541.0,8.9654,0.397
15542.0,9.0015,0.4002
15543.0,8.9882,0.3977
15544.0,8.9882,0.4006
15545.0,8.9947,0.3967
15546.0,8.998,0.3971
15547.0,8.9999,0.4062
15548.0,8.9867,0.3993
15549.0,8.9967,0.3965
15550.0,8.9736,0.3997
15551.0,9.0047,0.4031
15552.0,8.9572,0.4036
15553.0,8.9957,0.3956
15554.0,9.0138,0.3977
15555.0,8.9841,0.4007
15556.0,9.0107,0.3999
15557.0,9.0173,0.3952
15558.0,8.9504,0.3957
15559.0,8.9977,0.3968
15560.0,8.9569,0.3947
15561.0,8.9982,0.3986
15562.0,8.9999,0.4036
15563.0,8.9628,0.398
15564.0,9.0289,0.4032
15565.0,9.0043,0.4001
15566.0,8.9873,0.3994
15567.0,9.022,0.395
15568.0,8.9731,0.4035
15569.0,8.9816,0.4003
15570.0,8.9655,0.3952
15571.0,9.027,0.4011
15572.0,9.005,0.3982
15573.0,9.0099,0.4002
15574.0,9.0045,0.4007
15575.0,9.0086,0.4036
15576.0,9.0012,0.3966
15577.0,9.0041,0.4017
15578.0,9.0016,0.404
15579.0,8.9909,0.4076
15580.0,8.9993,0.4031
15581.0,9.0041,0.4011
15582.0,9.0017,0.4008
15583.0,8.9778,0.4047
15584.0,8.9798,0.3991
15585.0,9.0162,0.4024
15586.0,8.9954,0.4066
15587.0,9.0088,0.3997
15588.0,8.9836,0.394
15589.0,8.9779,0.3974
15590.0,8.9873,0.4009
15591.0,8.9967,0.3975
15592.0,8.99,0.399
15593.0,9.0194,0.3991
15594.0,9.0027,0.4017
15595.0,9.0277,0.3972
15596.0,9.0061,0.3982
15597.0,8.9638,0.4042
15598.0,9.0158,0.3986
15599.0,8.9774,0.4022
15600.0,9.0035,0.4
15601.0,8.9884,0.3999
15602.0,9.0321,0.4022
15603.0,9.0216,0.3944
15604.0,8.9889,0.4013
15605.0,8.9981,0.4017
15606.0,9.0037,0.4025
15607.0,9.013,0.3989
15608.0,9.0004,0.4
15609.0,8.9846,0.3926
15610.0,8.9892,0.398
15611.0,8.9999,0.4005
15612.0,9.0185,0.4044
15613.0,9.0064,0.4055
15614.0,8.9884,0.399
15615.0,9.0097,0.4026
15616.0,8.9942,0.3996
15617.0,9.0134,0.3952
15618.0,9.0379,0.4018
15619.0,8.9946,0.4055
15620.0,9.012,0.3989
15621.0,8.9888,0.3973
15622.0,8.9983,0.4002
15623.0,9.0004,0.3996
15624.0,8.9971,0.4078
15625.0,9.0369,0.403
15626.0,8.9954,0.4004
15627.0,9.0088,0.3913
15628.0,8.971,0.3996
15629.0,9.0065,0.4056
15630.0,9.0171,0.4002
15631.0,8.9921,0.4025
15632.0,8.9623,0.4012
15633.0,8.9994,0.3985
15634.0,9.0003,0.4051
15635.0,9.0109,0.4006
15636.0,9.0302,0.3979
15637.0,8.9943,0.4001
15638.0,8.9872,0.4043
15639.0,8.9825,0.3956
15640.0,9.003,0.4008
15641.0,9.0072,0.4002
15642.0,8.9918,0.3954
15643.0,9.0117,0.4023
15644.0,9.007,0.4008
15645.0,9.0006,0.4026
15646.0,8.9865,0.4034
15647.0,8.9928,0.3998
15648.0,8.9636,0.3983
15649.0,9.0035,0.3957
15650.0,9.0004,0.3981
15651.0,9.0028,0.4
15652.0,9.0076,0.3971
15653.0,9.0058,0.4018
15654.0,8.9983,0.3973
15655.0,9.0007,0.3947
15656.0,8.9789,0.3983
15657.0,8.9912,0.4006
15658.0,9.0008,0.3962
15659.0,8.989,0.3973
15660.0,9.0129,0.3981
15661.0,8.9901,0.3985
15662.0,9.0032,0.4009
15663.0,9.0017,0.4019
15664.0,9.0112,0.3986
15665.0,9.0135,0.3969
15666.0,9.0104,0.4004
15667.0,8.9684,0.4016
15668.0,9.0179,0.4048
15669.0,9.0229,0.4034
15670.0,8.9928,0.3962
15671.0,9.0035,0.3996
15672.0,8.9866,0.4014
15673.0,8.9708,0.3974
15674.0,8.9889,0.3989
15675.0,8.9919,0.402
15676.0,8.9947,0.4007
15677.0,8.9856,0.4
15678.0,8.989,0.398
15679.0,8.9998,0.3957
15680.0,8.9884,0.3991
15681.0,9.0082,0.3997
15682.0,9.0102,0.3956
15683.0,9.0357,0.4001
15684.0,9.0169,0.4012
15685.0,9.0036,0.3979
15686.0,8.9907,0.4012
15687.0,9.0044,0.4008
15688.0,9.0049,0.3991
15689.0,8.9923,0.3988
15690.0,9.0118,0.399
15691.0,8.979,0.3974
15692.0,8.9963,0.401
15693.0,9.0083,0.3975
15694.0,8.9957,0.3977
15695.0,8.9969,0.4015
15696.0,8.9979,0.3993
15697.0,8.9875,0.4002
15698.0,9.0176,0.3949
15699.0,8.9847,0.3984
15700.0,9.0048,0.405
15701.0,9.0062,0.3947
15702.0,8.9858,0.4052
15703.0,9.0011,0.4008
15704.0,8.9864,0.3984
15705.0,9.0209,0.3994
15706.0,8.9829,0.4037
15707.0,8.9902,0.3932
15708.0,8.9816,0.4042
15709.0,8.9796,0.4008
15710.0,9.0239,0.403
15711.0,9.0081,0.3948
15712.0,9.0021,0.3993
15713.0,8.9902,0.393
15714.0,9.0136,0.4036
15715.0,8.9876,0.3971
15716.0,9.0119,0.397
15717.0,8.9869,0.3942
15718.0,8.9903,0.4013
15719.0,9.0114,0.4002
15720.0,9.013,0.3978
15721.0,9.009,0.4008
15722.0,8.9843,0.3977
15723.0,8.9933,0.3947
15724.0,9.0024,0.3989
15725.0,8.9873,0.4049
15726.0,9.0206,0.4029
15727.0,8.964,0.4014
15728.0,8.9883,0.4007
15729.0,8.9924,0.3989
15730.0,8.9573,0.4022
15731.0,8.9791,0.4017
15732.0,9.0094,0.3998
15733.0,9.0005,0.4006
15734.0,9.0236,0.3952
15735.0,9.0232,0.3986
15736.0,9.0065,0.3964
15737.0,9.0047,0.3964
15738.0,9.001,0.4014
15739.0,8.9602,0.3962
15740.0,8.9791,0.4023
15741.0,9.0015,0.4031
15742.0,9.0092,0.3998
15743.0,9.0043,0.3982
15744.0,8.9866,0.4031
15745.0,9.0141,0.4017
15746.0,9.0222,0.4036
15747.0,9.0141,0.3968
15748.0,9.0148,0.3992
15749.0,8.9916,0.3993
15750.0,9.0161,0.4006
15751.0,9.0022,0.4019
15752.0,9.0077,0.4004
15753.0,9.0055,0.404
15754.0,8.9982,0.3989
15755.0,8.9871,0.3969
15756.0,8.9988,0.398
15757.0,9.0148,0.3976
15758.0,8.9934,0.3986
15759.0,9.0134,0.3992
15760.0,9.0111,0.3993
15761.0,8.9955,0.4007
15762.0,9.0208,0.3986
15763.0,8.9947,0.4031
15764.0,9.0226,0.3942
15765.0,9.0065,0.3933
15766.0,8.9998,0.403
15767.0,8.9867,0.4028
15768.0,8.9987,0.4037
15769.0,8.9969,0.4019
15770.0,8.9811,0.4
15771.0,8.9967,0.3992
15772.0,8.9879,0.3952
15773.0,9.0088,0.4004
15774.0,9.0196,0.3957
15775.0,8.9816,0.4074
15776.0,9.0257,0.3969
15777.0,8.9981,0.3998
15778.0,8.9854,0.4045
15779.0,9.0114,0.3989
15780.0,8.9933,0.3989
15781.0,8.9988,0.3922
15782.0,8.9939,0.3961
15783.0,8.9877,0.4017
15784.0,9.0109,0.405
15785.0,8.9957,0.3973
15786.0,8.9785,0.4006
15787.0,9.0083,0.4081
15788.0,8.9819,0.4017
15789.0,8.9827,0.4029
15790.0,9.0179,0.3977
15791.0,8.9821,0.4047
15792.0,8.9653,0.3979
15793.0,9.0093,0.3974
15794.0,8.9954,0.4044
15795.0,8.9967,0.3981
15796.0,8.9953,0.4
15797.0,9.0035,0.4049
15798.0,8.9887,0.3973
15799.0,9.0221,0.3993
15800.0,8.9779,0.3982
15801.0,9.0067,0.399
15802.0,9.0096,0.4001
15803.0,8.9886,0.404
15804.0,8.9846,0.4049
15805.0,9.0153,0.4005
15806.0,8.9851,0.3978
15807.0,8.9909,0.402
15808.0,9.0133,0.4
15809.0,9.0005,0.4001
15810.0,8.973,0.3969
15811.0,9.0262,0.3951
15812.0,8.992,0.3999
15813.0,8.994,0.3968
15814.0,9.0038,0.3984
15815.0,9.0094,0.4044
15816.0,9.0294,0.3998
15817.0,8.9751,0.4033
15818.0,9.0124,0.4009
15819.0,9.0111,0.4018
15820.0,8.9979,0.3983
15821.0,9.0118,0.4035
15822.0,9.014,0.4009
15823.0,8.9793,0.3992
15824.0,9.0262,0.4009
15825.0,8.9766,0.3979
15826.0,8.983,0.3991
15827.0,8.9961,0.3998
15828.0,9.0289,0.3984
15829.0,8.9954,0.4047
15830.0,8.9995,0.3988
15831.0,9.0215,0.4062
15832.0,8.9955,0.4002
15833.0,8.9823,0.3993
15834.0,8.9937,0.3985
15835.0,9.0206,0.4013
15836.0,9.0011,0.4027
15837.0,9.029,0.3924
15838.0,9.0111,0.4
15839.0,8.9903,0.394
15840.0,9.0008,0.4029
15841.0,8.9872,0.403
15842.0,8.99,0.4001
15843.0,9.0672,0.4006
15844.0,9.0153,0.3957
15845.0,9.0129,0.3984
15846.0,8.9907,0.3982
15847.0,9.0235,0.3987
15848.0,9.0165,0.4026
15849.0,9.0282,0.4038
15850.0,9.0275,0.4018
15851.0,8.9778,0.399
15852.0,8.9834,0.3978
15853.0,8.9849,0.4003
15854.0,8.9858,0.4009
15855.0,9.0049,0.3993
15856.0,8.9915,0.398
15857.0,9.0311,0.4018
15858.0,9.0286,0.4021
15859.0,8.9999,0.3961
15860.0,9.0293,0.3988
15861.0,9.0223,0.4023
15862.0,8.9932,0.403
15863.0,8.9699,0.4002
15864.0,8.9967,0.4011
15865.0,8.9903,0.4008
15866.0,9.0031,0.4029
15867.0,9.0013,0.3967
15868.0,9.0009,0.4008
15869.0,9.0079,0.3973
15870.0,8.9818,0.4033
15871.0,9.0062,0.3968
15872.0,8.9934,0.4012
15873.0,9.003,0.3973
15874.0,9.0144,0.4023
15875.0,8.9816,0.4013
15876.0,8.9958,0.4007
15877.0,8.9982,0.4059
15878.0,8.9923,0.3979
15879.0,9.0135,0.4028
15880.0,8.9892,0.4035
15881.0,8.9917,0.4028
15882.0,8.9894,0.398
15883.0,9.0164,0.3993
15884.0,8.9926,0.3982
15885.0,9.0069,0.3991
15886.0,9.0296,0.3975
15887.0,8.9989,0.3989
15888.0,9.0167,0.4044
15889.0,9.0251,0.399
15890.0,9.0154,0.4003
15891.0,8.9997,0.3978
15892.0,9.0096,0.4
15893.0,8.9807,0.4025
15894.0,8.9883,0.4015
15895.0,8.9909,0.4043
15896.0,9.0336,0.3964
15897.0,8.9878,0.3977
15898.0,8.9876,0.3988
15899.0,8.9843,0.4046
15900.0,9.0084,0.4009
15901.0,9.0021,0.3957
15902.0,9.0163,0.4033
15903.0,9.0101,0.4003
15904.0,8.9793,0.4027
15905.0,8.9879,0.4048
15906.0,9.0205,0.3971
15907.0,8.997,0.4047
15908.0,9.0178,0.3998
15909.0,8.9978,0.3988
15910.0,8.9855,0.4005
15911.0,8.9955,0.3964
15912.0,8.9855,0.3999
15913.0,8.9915,0.3993
15914.0,9.003,0.3972
15915.0,9.0077,0.3981
15916.0,8.9761,0.4034
15917.0,8.9997,0.3995
15918.0,8.9912,0.3971
15919.0,8.9903,0.4013
15920.0,9.002,0.4023
15921.0,8.9917,0.4
15922.0,9.0207,0.3963
15923.0,9.0178,0.3924
15924.0,9.0177,0.3973
15925.0,8.9926,0.4032
15926.0,8.9856,0.4029
15927.0,9.0012,0.3976
15928.0,8.9977,0.3993
15929.0,8.9909,0.4021
15930.0,8.9824,0.3996
15931.0,8.9994,0.4028
15932.0,8.9939,0.3997
15933.0,9.0103,0.4014
15934.0,9.01,0.399
15935.0,9.0165,0.3976
15936.0,8.9811,0.4035
15937.0,9.006,0.3955
15938.0,8.9891,0.3982
15939.0,8.9817,0.3997
15940.0,8.9936,0.4026
15941.0,9.016,0.3974
15942.0,8.9944,0.4004
15943.0,9.0235,0.3958
15944.0,9.0082,0.4013
15945.0,8.9941,0.4055
15946.0,9.0174,0.3941
15947.0,9.0067,0.3978
15948.0,8.986,0.4025
15949.0,9.0279,0.4088
15950.0,9.0039,0.4018
15951.0,9.0003,0.3978
15952.0,8.9872,0.3996
15953.0,9.0177,0.3963
15954.0,9.0078,0.4024
15955.0,9.0094,0.4031
15956.0,8.9924,0.4042
15957.0,9.0125,0.399
15958.0,9.0137,0.3976
15959.0,8.99,0.4045
15960.0,8.9787,0.4041
15961.0,9.0087,0.397
15962.0,8.9764,0.3989
15963.0,9.0023,0.4024
15964.0,8.9933,0.3992
15965.0,9.0183,0.4001
15966.0,8.9941,0.3956
15967.0,9.0166,0.3966
15968.0,8.9923,0.3997
15969.0,9.015,0.3979
15970.0,9.0309,0.3966
15971.0,8.984,0.3991
15972.0,9.0044,0.3974
15973.0,9.0412,0.4001
15974.0,9.001,0.403
15975.0,9.0009,0.3991
15976.0,9.0118,0.3987
15977.0,9.0006,0.4032
15978.0,8.9744,0.4022
15979.0,9.017,0.4024
15980.0,8.97,0.3924
15981.0,8.9937,0.3987
15982.0,9.0181,0.3983
15983.0,8.9947,0.3975
15984.0,8.9896,0.4032
15985.0,9.0132,0.3984
15986.0,8.9872,0.3958
15987.0,8.9817,0.4007
15988.0,9.0041,0.4
15989.0,8.9973,0.3972
15990.0,8.9813,0.4031
15991.0,9.0096,0.4016
15992.0,9.007,0.4016
15993.0,8.9946,0.4015
15994.0,8.9956,0.4033
15995.0,9.0071,0.3995
15996.0,9.0179,0.3963
15997.0,8.9958,0.3994
15998.0,9.0098,0.395
15999.0,9.0085,0.3968
16000.0,9.0132,0.4049
16001.0,9.0006,0.3967
16002.0,8.9863,0.3965
16003.0,8.9931,0.402
16004.0,9.0051,0.4026
16005.0,9.0273,0.395
16006.0,8.9927,0.4007
16007.0,9.0121,0.3984
16008.0,8.9951,0.401
16009.0,9.0017,0.3991
16010.0,9.0227,0.3959
16011.0,9.0115,0.3986
16012.0,8.9814,0.4019
16013.0,8.9914,0.4058
16014.0,9.0188,0.4012
16015.0,9.0021,0.3988
16016.0,8.9828,0.3965
16017.0,8.9877,0.3995
16018.0,9.0106,0.3989
16019.0,9.0149,0.4009
16020.0,9.0003,0.3998
16021.0,9.0371,0.4014
16022.0,9.0124,0.3989
16023.0,8.9963,0.4051
16024.0,8.9878,0.4018
16025.0,8.9854,0.3979
16026.0,9.005,0.403
16027.0,8.9927,0.3965
16028.0,9.0251,0.3974
16029.0,9.022,0.3976
16030.0,9.0095,0.404
16031.0,8.9823,0.3995
16032.0,8.9899,0.3981
16033.0,9.0188,0.4005
16034.0,8.9916,0.4016
16035.0,9.0168,0.4048
16036.0,9.0071,0.3955
16037.0,9.0008,0.4038
16038.0,8.9895,0.3938
16039.0,8.9986,0.4027
16040.0,9.0028,0.4035
16041.0,9.0155,0.4036
16042.0,8.9867,0.4017
16043.0,8.9961,0.3968
16044.0,9.0007,0.4022
16045.0,9.0099,0.3968
16046.0,8.9864,0.3972
16047.0,8.9803,0.3986
16048.0,9.0101,0.3989
16049.0,8.9772,0.4007
16050.0,9.0193,0.3979
16051.0,8.9977,0.401
16052.0,8.9768,0.3959
16053.0,8.9928,0.4001
16054.0,9.0057,0.3992
16055.0,8.992,0.403
16056.0,9.0003,0.4033
16057.0,9.0111,0.3995
16058.0,8.997,0.3941
16059.0,8.9859,0.3956
16060.0,8.9955,0.4034
16061.0,9.0212,0.3996
16062.0,9.0253,0.4052
16063.0,8.9697,0.4027
16064.0,9.0164,0.4008
16065.0,9.0038,0.4004
16066.0,9.0139,0.3966
16067.0,8.9917,0.3981
16068.0,8.9735,0.4012
16069.0,9.0088,0.399
16070.0,8.9859,0.4014
16071.0,8.9792,0.4031
16072.0,8.9802,0.3995
16073.0,9.009,0.3987
16074.0,9.0021,0.3973
16075.0,9.0117,0.4025
16076.0,9.01,0.4023
16077.0,8.9937,0.4066
16078.0,8.9989,0.4005
16079.0,8.9923,0.3997
16080.0,8.9968,0.4014
16081.0,8.9855,0.3991
16082.0,9.0059,0.3973
16083.0,9.0161,0.4003
16084.0,8.9878,0.4014
16085.0,9.0192,0.4016
16086.0,9.0017,0.4013
16087.0,9.0036,0.4032
16088.0,8.9745,0.4016
16089.0,8.9729,0.4008
16090.0,9.0022,0.3962
16091.0,9.0118,0.4007
16092.0,8.9899,0.3995
16093.0,9.0251,0.3966
16094.0,9.011,0.4015
16095.0,8.9864,0.4016
16096.0,9.0005,0.4013
16097.0,9.0372,0.4017
16098.0,8.9814,0.4004
16099.0,9.0079,0.3993
16100.0,8.9952,0.4053
16101.0,9.0106,0.4004
16102.0,9.019,0.3924
16103.0,8.9942,0.3927
16104.0,9.0168,0.4036
16105.0,9.0333,0.3945
16106.0,9.001,0.3984
16107.0,9.0118,0.3964
16108.0,8.9911,0.3991
16109.0,9.0003,0.4012
16110.0,8.9973,0.398
16111.0,9.012,0.3976
16112.0,9.0181,0.4022
16113.0,8.9984,0.4079
16114.0,9.023,0.4016
16115.0,9.023,0.3973
16116.0,9.0127,0.4026
16117.0,8.9923,0.4052
16118.0,8.9908,0.4032
16119.0,8.9878,0.3954
16120.0,9.0142,0.4016
16121.0,8.9818,0.3986
16122.0,9.0102,0.4002
16123.0,8.9838,0.3989
16124.0,9.0124,0.4022
16125.0,9.0003,0.3989
16126.0,9.02,0.4043
16127.0,9.0171,0.4
16128.0,9.0215,0.3993
16129.0,9.0219,0.4017
16130.0,9.0022,0.4011
16131.0,8.9826,0.4018
16132.0,8.9842,0.3996
16133.0,8.9687,0.404
16134.0,8.9837,0.403
16135.0,9.001,0.4
16136.0,8.9916,0.4025
16137.0,8.9973,0.3992
16138.0,9.0074,0.4017
16139.0,8.9954,0.4025
16140.0,8.9832,0.4007
16141.0,8.9992,0.3975
16142.0,8.9865,0.3964
16143.0,8.9959,0.4009
16144.0,9.0201,0.3978
16145.0,8.9959,0.4032
16146.0,9.0266,0.3955
16147.0,9.0215,0.404
16148.0,8.9913,0.4002
16149.0,8.9833,0.3974
16150.0,8.9992,0.3986
16151.0,9.0173,0.3994
16152.0,8.9926,0.4014
16153.0,9.0136,0.3963
16154.0,9.0181,0.3971
16155.0,8.9884,0.399
16156.0,8.9899,0.3999
16157.0,9.0107,0.4021
16158.0,9.0023,0.4008
16159.0,8.9897,0.3988
16160.0,8.9947,0.4007
16161.0,8.9989,0.4005
16162.0,8.9765,0.3992
16163.0,9.0115,0.4003
16164.0,8.9928,0.3935
16165.0,8.9582,0.4028
16166.0,8.9996,0.4016
16167.0,8.9889,0.4045
16168.0,9.0253,0.3976
16169.0,8.9912,0.4017
16170.0,8.9835,0.3943
16171.0,9.0076,0.3947
16172.0,8.9901,0.3993
16173.0,8.9883,0.3983
16174.0,9.0076,0.4031
16175.0,8.9844,0.4035
16176.0,8.9781,0.4039
16177.0,9.0259,0.4018
16178.0,9.0087,0.4019
16179.0,8.996,0.3962
16180.0,8.9999,0.4042
16181.0,9.0076,0.4038
16182.0,9.0146,0.3959
16183.0,8.9887,0.4014
16184.0,9.0055,0.3984
16185.0,8.9924,0.4055
16186.0,8.9972,0.3971
16187.0,9.0024,0.4003
16188.0,8.9999,0.4006
16189.0,9.011,0.3998
16190.0,9.0073,0.4064
16191.0,8.9774,0.4051
16192.0,8.9796,0.3951
16193.0,8.9945,0.4015
16194.0,9.0274,0.4
16195.0,8.9872,0.4025
16196.0,8.9969,0.4006
16197.0,8.992,0.3976
16198.0,8.9917,0.3969
16199.0,9.0027,0.3988
16200.0,9.021,0.3996
16201.0,9.0068,0.4006
16202.0,8.9879,0.3983
16203.0,9.0413,0.4051
16204.0,9.0012,0.4016
16205.0,8.9913,0.4026
16206.0,9.0212,0.3996
16207.0,8.993,0.3969
16208.0,9.0249,0.4027
16209.0,8.9869,0.397
16210.0,9.0215,0.3939
16211.0,9.003,0.4017
16212.0,9.0194,0.3977
16213.0,9.0285,0.399
16214.0,8.983,0.4021
16215.0,9.0191,0.3972
16216.0,8.9789,0.3952
16217.0,8.9843,0.4037
16218.0,8.9879,0.3998
16219.0,9.0076,0.4038
16220.0,9.0005,0.4019
16221.0,8.9975,0.402
16222.0,9.0022,0.4005
16223.0,9.0089,0.4005
16224.0,9.01,0.4034
16225.0,9.0164,0.4024
16226.0,9.0273,0.3982
16227.0,8.9997,0.4015
16228.0,8.9922,0.3981
16229.0,9.0092,0.3991
16230.0,8.9828,0.4017
16231.0,8.9898,0.3981
16232.0,9.015,0.4004
16233.0,8.9981,0.4011
16234.0,8.9819,0.399
16235.0,8.9777,0.4022
16236.0,9.0007,0.3987
16237.0,9.0171,0.4028
16238.0,9.0169,0.4004
16239.0,9.0017,0.4005
16240.0,9.0301,0.3973
16241.0,8.9984,0.3993
16242.0,8.9979,0.4006
16243.0,8.9615,0.4031
16244.0,8.9933,0.399
16245.0,9.0128,0.4031
16246.0,9.0235,0.3977
16247.0,8.9875,0.401
16248.0,9.0069,0.3985
16249.0,9.0157,0.4046
16250.0,9.0002,0.4041
16251.0,8.9658,0.4009
16252.0,9.0037,0.3984
16253.0,9.0114,0.3954
16254.0,8.9858,0.4011
16255.0,8.9962,0.4006
16256.0,8.9827,0.4026
16257.0,8.9614,0.3956
16258.0,9.0154,0.4004
16259.0,8.9999,0.4013
16260.0,9.024,0.3973
16261.0,9.0129,0.4003
16262.0,8.9947,0.3978
16263.0,8.9988,0.3975
16264.0,9.0085,0.3984
16265.0,9.0145,0.3992
16266.0,9.0048,0.4037
16267.0,9.0166,0.399
16268.0,8.9955,0.3975
16269.0,8.985,0.4024
16270.0,8.999,0.4031
16271.0,9.0031,0.4025
16272.0,8.982,0.4041
16273.0,8.9799,0.4006
16274.0,9.0067,0.4005
16275.0,8.9939,0.3979
16276.0,8.9975,0.4042
16277.0,8.9946,0.3997
16278.0,9.0228,0.3991
16279.0,9.0189,0.3988
16280.0,8.9814,0.4019
16281.0,8.992,0.4003
16282.0,9.0128,0.4006
16283.0,9.009,0.399
16284.0,8.9994,0.3994
16285.0,8.9829,0.3996
16286.0,8.9898,0.4043
16287.0,8.9922,0.3946
16288.0,9.0042,0.4013
16289.0,9.0256,0.4033
16290.0,8.9897,0.3945
16291.0,8.9846,0.3998
16292.0,8.9984,0.4029
16293.0,9.0155,0.3977
16294.0,8.9783,0.4008
16295.0,9.0218,0.3972
16296.0,8.9974,0.4001
16297.0,8.989,0.4038
16298.0,8.976,0.4051
16299.0,9.0106,0.4008
16300.0,8.9974,0.3962
16301.0,9.0026,0.3991
16302.0,8.9865,0.3946
16303.0,8.9952,0.3991
16304.0,8.9927,0.4029
16305.0,8.9985,0.3959
16306.0,8.99,0.3994
16307.0,8.977,0.3976
16308.0,9.0409,0.4054
16309.0,8.9795,0.4012
16310.0,9.0027,0.4026
16311.0,8.9734,0.4009
16312.0,8.97,0.4023
16313.0,9.0015,0.4032
16314.0,9.0026,0.4001
16315.0,9.0189,0.3984
16316.0,9.006,0.3972
16317.0,8.9978,0.4053
16318.0,8.9858,0.4025
16319.0,9.0225,0.3933
16320.0,9.0139,0.3993
16321.0,8.9813,0.4012
16322.0,9.0006,0.405
16323.0,9.0022,0.3967
16324.0,8.9948,0.4013
16325.0,9.0116,0.3988
16326.0,9.0125,0.3964
16327.0,8.9971,0.404
16328.0,8.9958,0.3971
16329.0,9.0225,0.4029
16330.0,9.014,0.3952
16331.0,9.0011,0.3985
16332.0,8.9756,0.4017
16333.0,9.0052,0.4022
16334.0,9.0105,0.4013
16335.0,8.9587,0.403
16336.0,9.0038,0.3991
16337.0,8.9937,0.4042
16338.0,8.9967,0.4011
16339.0,8.9864,0.4022
16340.0,8.9978,0.4011
16341.0,9.0209,0.4015
16342.0,8.9933,0.397
16343.0,9.0145,0.3972
16344.0,8.9879,0.3984
16345.0,9.0114,0.4015
16346.0,9.0,0.3982
16347.0,9.0053,0.3991
16348.0,9.0001,0.3998
16349.0,9.0096,0.4043
16350.0,8.9615,0.4018
16351.0,8.9787,0.3956
16352.0,9.0063,0.4005
16353.0,8.9693,0.3991
16354.0,8.992,0.3993
16355.0,8.9992,0.4
16356.0,8.9876,0.4034
16357.0,8.9896,0.3976
16358.0,9.0041,0.4006
16359.0,9.0151,0.4009
16360.0,8.9856,0.3993
16361.0,8.9914,0.3981
16362.0,8.989,0.3977
16363.0,8.9637,0.3987
16364.0,9.0021,0.4022
16365.0,9.014,0.3989
16366.0,9.0152,0.3997
16367.0,8.9869,0.3965
16368.0,8.9812,0.3986
16369.0,9.0003,0.4007
16370.0,9.0124,0.395
16371.0,9.0023,0.4031
16372.0,9.0043,0.3982
16373.0,9.0171,0.4053
16374.0,8.9889,0.4013
16375.0,8.9967,0.3945
16376.0,9.0245,0.4008
16377.0,8.997,0.399
16378.0,8.981,0.4009
16379.0,8.99,0.4049
16380.0,8.9859,0.4021
16381.0,9.0054,0.3993
16382.0,8.9866,0.3958
16383.0,9.0041,0.4026
16384.0,8.989,0.4015
16385.0,8.9681,0.4035
16386.0,9.0046,0.3996
16387.0,9.0022,0.4009
16388.0,9.0078,0.3993
16389.0,8.9899,0.4003
16390.0,8.9883,0.3955
16391.0,9.006,0.401
16392.0,9.0228,0.4011
16393.0,9.0002,0.3985
16394.0,9.0064,0.4018
16395.0,8.9952,0.4026
16396.0,8.9768,0.4042
16397.0,9.0145,0.3969
16398.0,9.0136,0.402
16399.0,9.0107,0.404
16400.0,8.9973,0.3989
16401.0,9.009,0.4042
16402.0,9.0134,0.3978
16403.0,9.0243,0.4002
16404.0,9.0148,0.3948
16405.0,9.001,0.3944
16406.0,8.9804,0.3953
16407.0,9.0023,0.4043
16408.0,9.0038,0.3977
16409.0,9.0106,0.3977
16410.0,9.0203,0.4012
16411.0,8.9986,0.3978
16412.0,9.0315,0.4036
16413.0,8.9736,0.4056
16414.0,9.0063,0.3933
16415.0,8.988,0.4016
16416.0,8.9714,0.3938
16417.0,8.997,0.3959
16418.0,8.9781,0.4014
16419.0,8.9976,0.3972
16420.0,9.0005,0.4008
16421.0,9.0168,0.4001
16422.0,8.9774,0.3951
16423.0,9.0136,0.402
16424.0,9.0015,0.4009
16425.0,9.0154,0.4001
16426.0,8.9935,0.3981
16427.0,8.98,0.4012
16428.0,8.9817,0.3961
16429.0,8.9806,0.397
16430.0,9.0072,0.401
16431.0,9.0222,0.4031
16432.0,8.9915,0.3986
16433.0,9.0094,0.4014
16434.0,8.9771,0.4006
16435.0,9.0027,0.4012
16436.0,9.01,0.3979
16437.0,8.9783,0.3996
16438.0,8.9969,0.3999
16439.0,9.0107,0.4045
16440.0,8.956,0.3967
16441.0,9.02,0.3958
16442.0,9.0053,0.409
16443.0,9.0108,0.4009
16444.0,8.9938,0.4016
16445.0,8.9742,0.4019
16446.0,9.008,0.4023
16447.0,8.9988,0.4027
16448.0,9.0005,0.4023
16449.0,9.0163,0.4034
16450.0,9.0114,0.4005
16451.0,9.0288,0.4032
16452.0,9.0023,0.4057
16453.0,8.9896,0.4006
16454.0,8.9972,0.4014
16455.0,9.0062,0.3983
16456.0,9.0152,0.3995
16457.0,8.978,0.4011
16458.0,9.0001,0.3988
16459.0,9.0241,0.4003
16460.0,8.9964,0.401
16461.0,9.014,0.4046
16462.0,9.0074,0.3974
16463.0,9.0143,0.4013
16464.0,8.9879,0.3982
16465.0,8.9879,0.4023
16466.0,9.0003,0.4025
16467.0,8.977,0.405
16468.0,8.996,0.3987
16469.0,9.0038,0.4004
16470.0,9.0268,0.4024
16471.0,9.006,0.402
16472.0,9.0094,0.3925
16473.0,9.0175,0.3979
16474.0,8.9855,0.4017
16475.0,8.9975,0.3994
16476.0,9.0364,0.4024
16477.0,8.9988,0.4031
16478.0,9.0167,0.3994
16479.0,9.0145,0.4018
16480.0,8.9778,0.4044
16481.0,9.0047,0.4031
16482.0,9.0022,0.3977
16483.0,9.0049,0.3994
16484.0,8.9887,0.4001
16485.0,8.9832,0.3972
16486.0,8.9929,0.4032
16487.0,8.9985,0.3981
16488.0,9.0178,0.3997
16489.0,9.0273,0.4032
16490.0,9.0209,0.3986
16491.0,9.0129,0.399
16492.0,8.9849,0.401
16493.0,8.9939,0.3988
16494.0,9.0031,0.4046
16495.0,8.9905,0.3973
16496.0,9.0087,0.3931
16497.0,9.0108,0.4025
16498.0,9.008,0.3989
16499.0,9.0154,0.3976
16500.0,8.9864,0.4012
16501.0,9.014,0.4013
16502.0,8.9896,0.3977
16503.0,8.9859,0.4036
16504.0,9.008,0.4026
16505.0,9.0182,0.4059
16506.0,9.0073,0.3986
16507.0,9.0003,0.4005
16508.0,9.0047,0.4007
16509.0,9.002,0.399
16510.0,8.9831,0.4012
16511.0,8.9814,0.4014
16512.0,8.9988,0.4014
16513.0,9.0012,0.399
16514.0,9.0002,0.3994
16515.0,9.0101,0.3983
16516.0,8.9968,0.3977
16517.0,9.0084,0.3998
16518.0,8.9978,0.4045
16519.0,9.0274,0.4061
16520.0,9.0012,0.4039
16521.0,9.0351,0.3986
16522.0,9.0053,0.4012
16523.0,8.9968,0.3939
16524.0,8.9865,0.3995
16525.0,8.9784,0.3988
16526.0,8.9851,0.4056
16527.0,8.9868,0.4008
16528.0,9.0059,0.4002
16529.0,8.9921,0.3998
16530.0,9.0028,0.3991
16531.0,9.0192,0.4016
16532.0,8.9987,0.398
16533.0,9.0312,0.4016
16534.0,8.9824,0.4043
16535.0,8.9977,0.4003
16536.0,8.9919,0.3991
16537.0,9.014,0.3998
16538.0,8.9664,0.4036
16539.0,8.9784,0.4004
16540.0,8.9984,0.3982
16541.0,9.0233,0.4024
16542.0,9.0034,0.3979
16543.0,8.9797,0.3993
16544.0,8.982,0.4007
16545.0,9.0251,0.3976
16546.0,8.9907,0.3946
16547.0,8.9859,0.4013
16548.0,9.0222,0.3934
16549.0,9.0152,0.3972
16550.0,9.0191,0.4023
16551.0,8.9857,0.4013
16552.0,8.9771,0.3995
16553.0,9.002,0.3973
16554.0,9.005,0.3987
16555.0,9.0055,0.4017
16556.0,9.0222,0.3996
16557.0,8.974,0.3963
16558.0,9.0129,0.3974
16559.0,8.9836,0.3987
16560.0,9.0128,0.4011
16561.0,8.9929,0.4003
16562.0,8.9878,0.3963
16563.0,8.9909,0.404
16564.0,8.9783,0.3978
16565.0,9.0006,0.4013
16566.0,8.9884,0.3972
16567.0,9.0118,0.4074
16568.0,9.0096,0.404
16569.0,9.0253,0.3977
16570.0,9.0055,0.4003
16571.0,9.0078,0.3969
16572.0,9.021,0.3989
16573.0,8.9906,0.4013
16574.0,8.9777,0.4025
16575.0,9.003,0.3963
16576.0,8.9787,0.3978
16577.0,9.0368,0.4028
16578.0,9.0218,0.404
16579.0,9.0325,0.3977
16580.0,9.0009,0.4029
16581.0,9.0083,0.3963
16582.0,8.9931,0.3991
16583.0,9.0132,0.3966
16584.0,8.9818,0.3988
16585.0,8.9619,0.4057
16586.0,8.9881,0.3998
16587.0,8.9782,0.3992
16588.0,9.0222,0.3983
16589.0,9.0272,0.3991
16590.0,8.979,0.3976
16591.0,9.0194,0.4004
16592.0,9.0143,0.3999
16593.0,8.9765,0.3986
16594.0,8.9941,0.3984
16595.0,8.9913,0.4005
16596.0,9.0112,0.3978
16597.0,8.9816,0.3993
16598.0,8.9985,0.3986
16599.0,8.9897,0.3934
16600.0,9.0071,0.4026
16601.0,8.9967,0.3945
16602.0,8.992,0.3947
16603.0,8.9968,0.4027
16604.0,9.0305,0.3967
16605.0,8.9937,0.3938
16606.0,8.9844,0.404
16607.0,9.0088,0.3981
16608.0,8.9978,0.4036
16609.0,8.9788,0.3973
16610.0,9.0335,0.3951
16611.0,8.9947,0.399
16612.0,8.9943,0.3964
16613.0,9.0024,0.4012
16614.0,9.026,0.402
16615.0,8.9748,0.4028
16616.0,9.0041,0.3991
16617.0,9.0313,0.4041
16618.0,9.0019,0.3972
16619.0,8.9815,0.4004
16620.0,8.9907,0.3996
16621.0,9.0031,0.4059
16622.0,9.02,0.4036
16623.0,8.9949,0.4001
16624.0,9.0124,0.4006
16625.0,8.9785,0.4046
16626.0,8.9783,0.3977
16627.0,8.9928,0.3939
16628.0,9.0216,0.3971
16629.0,9.001,0.3988
16630.0,9.0043,0.4041
16631.0,9.0042,0.4031
16632.0,9.0166,0.3999
16633.0,8.9908,0.4014
16634.0,9.0103,0.3979
16635.0,8.9875,0.4063
16636.0,9.0297,0.4036
16637.0,8.988,0.4002
16638.0,8.9868,0.3998
16639.0,9.0082,0.4021
16640.0,9.0012,0.3998
16641.0,9.0049,0.3945
16642.0,9.0034,0.4046
16643.0,8.9836,0.4035
16644.0,9.0242,0.4011
16645.0,9.0134,0.3987
16646.0,9.0204,0.4
16647.0,8.9921,0.3921
16648.0,9.0062,0.3967
16649.0,9.003,0.4053
16650.0,9.0169,0.4016
16651.0,9.0174,0.3942
16652.0,9.0029,0.3975
16653.0,8.9772,0.3942
16654.0,9.0267,0.3977
16655.0,9.0083,0.3995
16656.0,8.9909,0.4048
16657.0,9.0061,0.4024
16658.0,8.9773,0.3991
16659.0,9.0158,0.3992
16660.0,8.9779,0.3976
16661.0,8.9967,0.4033
16662.0,9.0037,0.4036
16663.0,9.0156,0.396
16664.0,9.0016,0.3948
16665.0,9.0095,0.399
16666.0,8.9996,0.3994
16667.0,8.9995,0.4008
16668.0,9.0013,0.395
16669.0,8.9972,0.3979
16670.0,8.9747,0.3998
16671.0,8.9885,0.3977
16672.0,9.0037,0.4026
16673.0,8.9963,0.4056
16674.0,8.9977,0.3984
16675.0,8.9951,0.4027
16676.0,8.987,0.3989
16677.0,8.9926,0.3972
16678.0,8.9954,0.3979
16679.0,9.0001,0.4023
16680.0,9.0059,0.3981
16681.0,8.9973,0.3987
16682.0,8.9846,0.3966
16683.0,8.979,0.4019
16684.0,9.039,0.4014
16685.0,8.9831,0.4044
16686.0,8.9922,0.4018
16687.0,9.0078,0.4012
16688.0,9.0054,0.4017
16689.0,9.0078,0.3992
16690.0,8.9934,0.4003
16691.0,9.0036,0.4028
16692.0,9.0009,0.3975
16693.0,8.9953,0.4051
16694.0,9.0037,0.4019
16695.0,9.0158,0.4061
16696.0,8.9997,0.3965
16697.0,8.9998,0.3965
16698.0,9.016,0.4011
16699.0,9.0144,0.4004
16700.0,9.0238,0.3986
16701.0,8.9737,0.3962
16702.0,9.0136,0.3992
16703.0,9.009,0.4007
16704.0,8.9867,0.3961
16705.0,9.0038,0.3988
16706.0,9.0158,0.4011
16707.0,8.9876,0.4024
16708.0,9.0066,0.3991
16709.0,9.0131,0.3976
16710.0,8.9839,0.4003
16711.0,8.9979,0.3994
16712.0,9.0045,0.3956
16713.0,8.9881,0.3986
16714.0,8.9868,0.3982
16715.0,8.998,0.4001
16716.0,9.012,0.3978
16717.0,9.0097,0.3984
16718.0,8.9871,0.3995
16719.0,9.0098,0.4019
16720.0,8.9875,0.4003
16721.0,8.9758,0.408
16722.0,8.9945,0.3962
16723.0,9.0168,0.4027
16724.0,9.0098,0.3998
16725.0,9.0,0.3958
16726.0,8.9937,0.3989
16727.0,8.9942,0.3955
16728.0,9.0016,0.4002
16729.0,8.984,0.3991
16730.0,8.9948,0.3979
16731.0,8.9968,0.3968
16732.0,8.9797,0.4031
16733.0,8.9874,0.3995
16734.0,9.0062,0.4006
16735.0,9.0001,0.4005
16736.0,8.9954,0.4003
16737.0,8.9863,0.399
16738.0,9.0237,0.4046
16739.0,8.9874,0.4067
16740.0,9.0038,0.4043
16741.0,8.9927,0.4001
16742.0,9.0005,0.3999
16743.0,9.0069,0.4033
16744.0,8.9794,0.3977
16745.0,8.9999,0.4051
16746.0,9.0179,0.4024
16747.0,9.0264,0.3992
16748.0,8.998,0.4008
16749.0,9.0006,0.4019
16750.0,9.0332,0.3987
16751.0,9.017,0.4031
16752.0,8.9907,0.4038
16753.0,8.9907,0.3992
16754.0,9.0143,0.3986
16755.0,8.9848,0.3997
16756.0,9.0163,0.3965
16757.0,9.005,0.395
16758.0,9.0078,0.3987
16759.0,8.9961,0.3971
16760.0,8.9906,0.4053
16761.0,9.0219,0.3986
16762.0,8.9963,0.4014
16763.0,8.9938,0.3981
16764.0,8.9988,0.4053
16765.0,9.0029,0.3994
16766.0,8.9845,0.3963
16767.0,8.9915,0.402
16768.0,8.9907,0.4008
16769.0,9.0127,0.4036
16770.0,8.9867,0.3995
16771.0,8.9737,0.4003
16772.0,8.9705,0.3955
16773.0,8.9779,0.4025
16774.0,9.0204,0.4002
16775.0,9.0002,0.3996
16776.0,9.0075,0.3993
16777.0,9.008,0.3992
16778.0,9.0008,0.4025
16779.0,8.9989,0.3972
16780.0,9.0157,0.4022
16781.0,9.0022,0.3952
16782.0,9.021,0.3943
16783.0,9.0093,0.4042
16784.0,8.9907,0.3969
16785.0,8.9925,0.4003
16786.0,8.9891,0.3992
16787.0,9.0183,0.401
16788.0,8.9939,0.4002
16789.0,8.988,0.4031
16790.0,9.0048,0.3957
16791.0,8.9985,0.402
16792.0,9.0044,0.3998
16793.0,9.0283,0.3954
16794.0,9.0137,0.3984
16795.0,9.0004,0.3952
16796.0,8.9789,0.395
16797.0,8.9925,0.3987
16798.0,9.0107,0.4036
16799.0,8.9824,0.4009
16800.0,9.0321,0.4039
16801.0,9.0002,0.4002
16802.0,9.0007,0.4046
16803.0,8.99,0.4043
16804.0,9.0075,0.3972
16805.0,8.9826,0.4002
16806.0,9.0325,0.3978
16807.0,9.0198,0.3996
16808.0,9.0148,0.405
16809.0,8.9791,0.3981
16810.0,9.0031,0.3964
16811.0,9.0181,0.3966
16812.0,9.0089,0.3988
16813.0,8.985,0.4112
16814.0,8.9902,0.4044
16815.0,8.9932,0.3914
16816.0,8.9909,0.3999
16817.0,9.0229,0.3981
16818.0,8.9712,0.403
16819.0,9.0098,0.3965
16820.0,8.9806,0.3969
16821.0,8.9856,0.3983
16822.0,8.9699,0.3979
16823.0,8.9918,0.402
16824.0,9.0227,0.399
16825.0,9.004,0.403
16826.0,8.982,0.3976
16827.0,9.0153,0.4026
16828.0,9.0185,0.3965
16829.0,9.0016,0.4018
16830.0,9.0305,0.3985
16831.0,9.0123,0.4027
16832.0,9.0102,0.3927
16833.0,8.9879,0.3977
16834.0,9.0094,0.4035
16835.0,9.0033,0.3994
16836.0,9.0078,0.3949
16837.0,8.9897,0.3979
16838.0,9.0019,0.4012
16839.0,8.9877,0.3976
16840.0,8.9678,0.4035
16841.0,9.015,0.4033
16842.0,8.9775,0.402
16843.0,9.0016,0.4031
16844.0,9.005,0.3985
16845.0,9.0049,0.4045
16846.0,8.9958,0.4032
16847.0,9.0041,0.3996
16848.0,9.0071,0.3951
16849.0,9.011,0.3929
16850.0,9.026,0.403
16851.0,9.0035,0.3952
16852.0,9.001,0.3972
16853.0,8.9864,0.4014
16854.0,9.0065,0.3961
16855.0,9.01,0.4073
16856.0,8.9971,0.4007
16857.0,9.0082,0.4044
16858.0,8.9956,0.4031
16859.0,9.0101,0.3924
16860.0,9.0137,0.4022
16861.0,9.0135,0.4
16862.0,9.0018,0.3998
16863.0,8.9844,0.3999
16864.0,8.9908,0.4032
16865.0,9.0089,0.4049
16866.0,9.0367,0.3964
16867.0,8.9949,0.4002
16868.0,9.0068,0.4042
16869.0,8.9917,0.3994
16870.0,8.9854,0.4006
16871.0,8.9899,0.4007
16872.0,8.9688,0.4063
16873.0,9.0203,0.4022
16874.0,8.9665,0.4062
16875.0,8.996,0.4052
16876.0,8.9823,0.3993
16877.0,8.9867,0.4009
16878.0,9.0206,0.4062
16879.0,9.003,0.3966
16880.0,8.9855,0.4023
16881.0,8.9912,0.4023
16882.0,8.9885,0.3992
16883.0,8.9993,0.3989
16884.0,9.0026,0.3993
16885.0,9.0284,0.4021
16886.0,8.9713,0.4044
16887.0,8.9995,0.4022
16888.0,8.9953,0.3962
16889.0,9.0142,0.4045
16890.0,9.0053,0.4036
16891.0,9.0089,0.3993
16892.0,9.0052,0.398
16893.0,8.986,0.3973
16894.0,9.0182,0.4032
16895.0,9.012,0.3944
16896.0,9.0137,0.4033
16897.0,9.019,0.3986
16898.0,9.0063,0.4009
16899.0,9.0222,0.3897
16900.0,9.0057,0.3947
16901.0,8.9967,0.398
16902.0,8.9999,0.3973
16903.0,8.9996,0.4023
16904.0,8.9922,0.4009
16905.0,9.0245,0.4058
16906.0,9.0044,0.4015
16907.0,9.0014,0.398
16908.0,9.0058,0.4037
16909.0,9.0447,0.3986
16910.0,8.983,0.3984
16911.0,8.9873,0.4
16912.0,8.9793,0.4049
16913.0,8.9965,0.4032
16914.0,9.0037,0.4031
16915.0,8.993,0.4059
16916.0,8.9919,0.403
16917.0,9.0021,0.3963
16918.0,8.9925,0.4016
16919.0,9.0047,0.4049
16920.0,9.0167,0.3954
16921.0,9.0102,0.4
16922.0,9.0132,0.3968
16923.0,9.0163,0.4004
16924.0,9.0042,0.4034
16925.0,8.9976,0.404
16926.0,8.9884,0.3994
16927.0,8.9941,0.402
16928.0,8.9921,0.3955
16929.0,9.011,0.3948
16930.0,9.0052,0.4034
16931.0,9.0105,0.3909
16932.0,8.9826,0.3979
16933.0,9.0215,0.402
16934.0,8.9936,0.4007
16935.0,8.9835,0.3915
16936.0,8.9934,0.4016
16937.0,9.0373,0.3974
16938.0,8.9942,0.4004
16939.0,8.9951,0.3981
16940.0,8.9971,0.3979
16941.0,8.9978,0.3946
16942.0,8.9883,0.3989
16943.0,9.0021,0.4037
16944.0,9.0161,0.3987
16945.0,9.0047,0.3989
16946.0,8.9833,0.3979
16947.0,8.9948,0.3961
16948.0,8.9917,0.397
16949.0,9.0008,0.4007
16950.0,9.02,0.4074
16951.0,8.9978,0.4029
16952.0,8.9987,0.4019
16953.0,9.0267,0.406
16954.0,9.0131,0.4014
16955.0,9.0086,0.4032
16956.0,9.0294,0.4006
16957.0,9.0073,0.4014
16958.0,8.9702,0.3958
16959.0,9.0125,0.3991
16960.0,8.9761,0.3983
16961.0,9.0068,0.3982
16962.0,8.9743,0.398
16963.0,8.993,0.4043
16964.0,8.9945,0.3989
16965.0,8.9884,0.3996
16966.0,8.9948,0.4068
16967.0,9.0155,0.4023
16968.0,8.9893,0.4
16969.0,9.0082,0.4032
16970.0,8.9855,0.398
16971.0,8.9972,0.3987
16972.0,9.0049,0.3989
16973.0,8.9851,0.4007
16974.0,8.9803,0.4014
16975.0,9.0074,0.3972
16976.0,9.0168,0.4012
16977.0,8.9988,0.4018
16978.0,8.9931,0.3986
16979.0,9.0023,0.3995
16980.0,9.0008,0.3966
16981.0,9.0036,0.3955
16982.0,8.9621,0.3966
16983.0,8.984,0.4022
16984.0,8.9873,0.4016
16985.0,9.0023,0.4058
16986.0,9.0028,0.4001
16987.0,9.0095,0.4002
16988.0,9.0039,0.401
16989.0,8.9805,0.3968
16990.0,9.0217,0.4027
16991.0,9.0191,0.4011
16992.0,8.9811,0.3972
16993.0,9.005,0.4011
16994.0,8.9911,0.4023
16995.0,9.0021,0.396
16996.0,9.0158,0.4032
16997.0,9.032,0.3986
16998.0,9.0113,0.3908
16999.0,9.0044,0.4029
17000.0,,
17001.0,,
17002.0,,
17003.0,,
17004.0,,
17005.0,,
17006.0,,
17007.0,,
17008.0,,
17009.0,,
17010.0,,
17011.0,,
17012.0,,
17013.0,,
17014.0,,
17015.0,,
17016.0,,
17017.0,,
17018.0,,
17019.0,,
17020.0,9.0131,0.4013
17021.0,9.0007,0.3984
17022.0,9.0072,0.4018
17023.0,9.0107,0.3982
17024.0,8.9924,0.3994
17025.0,9.0045,0.3985
17026.0,8.9962,0.4043
17027.0,8.998,0.4036
17028.0,8.9952,0.397
17029.0,9.0071,0.404
17030.0,9.0012,0.3976
17031.0,9.0059,0.4056
17032.0,8.9997,0.4047
17033.0,8.9759,0.4066
17034.0,9.0005,0.4009
17035.0,9.001,0.3992
17036.0,9.0036,0.3991
17037.0,8.9911,0.4011
17038.0,8.9821,0.397
17039.0,9.0094,0.3928
17040.0,8.9959,0.3988
17041.0,9.0026,0.4001
17042.0,8.9958,0.4017
17043.0,8.9999,0.4012
17044.0,8.9933,0.4004
17045.0,8.9855,0.4035
17046.0,9.0071,0.3974
17047.0,8.991,0.398
17048.0,9.0025,0.4063
17049.0,9.0062,0.3904
17050.0,8.9912,0.4034
17051.0,8.9819,0.4017
17052.0,9.0364,0.4
17053.0,8.9921,0.4027
17054.0,9.0094,0.4022
17055.0,9.0291,0.3956
17056.0,9.0118,0.3971
17057.0,8.9955,0.3986
17058.0,8.999,0.3936
17059.0,8.9875,0.4
17060.0,9.0132,0.4019
17061.0,9.0085,0.4035
17062.0,8.9923,0.4002
17063.0,8.9844,0.3978
17064.0,8.9802,0.4007
17065.0,9.0148,0.3998
17066.0,9.0018,0.4024
17067.0,9.0032,0.3999
17068.0,8.9877,0.4027
17069.0,8.978,0.3992
17070.0,9.0144,0.4039
17071.0,9.0006,0.4005
17072.0,9.0136,0.3982
17073.0,8.9942,0.399
17074.0,8.9964,0.4022
17075.0,9.0107,0.3962
17076.0,9.011,0.3996
17077.0,9.012,0.4032
17078.0,8.9956,0.4016
17079.0,9.0092,0.3965
17080.0,9.0166,0.4009
17081.0,8.9984,0.396
17082.0,8.9923,0.4006
17083.0,9.0201,0.4041
17084.0,8.9902,0.4002
17085.0,9.0094,0.3966
17086.0,8.9991,0.3994
17087.0,8.9724,0.4006
17088.0,9.0169,0.4033
17089.0,8.9586,0.4032
17090.0,8.9702,0.3967
17091.0,9.0079,0.399
17092.0,9.0079,0.4012
17093.0,8.9904,0.3982
17094.0,9.0022,0.4015
17095.0,8.962,0.396
17096.0,9.0106,0.4008
17097.0,9.0037,0.4031
17098.0,8.9993,0.4002
17099.0,9.0003,0.4005
17100.0,9.0074,0.4025
17101.0,8.9996,0.3987
17102.0,8.9719,0.4019
17103.0,9.0329,0.3999
17104.0,9.018,0.3973
17105.0,8.9807,0.4027
17106.0,8.9948,0.4042
17107.0,8.9965,0.4035
17108.0,9.0162,0.4027
17109.0,8.9676,0.4015
17110.0,8.9925,0.4011
17111.0,8.9736,0.3997
17112.0,8.9957,0.398
17113.0,8.9929,0.3938
17114.0,9.0012,0.3953
17115.0,8.9909,0.4
17116.0,8.9887,0.3962
17117.0,9.0093,0.4012
17118.0,9.0068,0.4052
17119.0,9.0083,0.3903
17120.0,8.9973,0.3971
17121.0,8.9914,0.4066
17122.0,8.9982,0.4025
17123.0,9.0075,0.3997
17124.0,8.9673,0.3984
17125.0,9.0059,0.4018
17126.0,9.0046,0.4029
17127.0,9.0009,0.3962
17128.0,8.9978,0.4045
17129.0,8.9615,0.4012
17130.0,8.9934,0.4028
17131.0,9.0268,0.4031
17132.0,9.0002,0.4009
17133.0,8.9954,0.4013
17134.0,9.0003,0.4016
17135.0,9.0053,0.3989
17136.0,9.0099,0.4019
17137.0,8.9966,0.3992
17138.0,9.0064,0.4
17139.0,9.0251,0.4047
17140.0,9.0151,0.3999
17141.0,9.0351,0.4012
17142.0,8.9901,0.3995
17143.0,9.0251,0.3989
17144.0,8.9881,0.4058
17145.0,9.0053,0.3956
17146.0,9.011,0.4002
17147.0,8.9923,0.3964
17148.0,9.0013,0.4038
17149.0,9.0137,0.3998
17150.0,8.9893,0.3986
17151.0,9.025,0.3945
17152.0,8.9792,0.4047
17153.0,9.0291,0.396
17154.0,9.015,0.4015
17155.0,8.9987,0.4028
17156.0,8.994,0.4065
17157.0,8.9924,0.3983
17158.0,8.998,0.3974
17159.0,8.9993,0.3987
17160.0,9.0188,0.3982
17161.0,9.0295,0.3943
17162.0,9.003,0.4049
17163.0,8.9873,0.3987
17164.0,8.9918,0.3995
17165.0,8.9973,0.4019
17166.0,8.9845,0.4042
17167.0,8.9823,0.3965
17168.0,9.0315,0.4011
17169.0,9.0045,0.3964
17170.0,8.9875,0.401
17171.0,9.0122,0.4009
17172.0,8.9823,0.3986
17173.0,8.9836,0.4007
17174.0,8.988,0.4008
17175.0,9.0248,0.3998
17176.0,8.9962,0.3994
17177.0,8.9634,0.3959
17178.0,9.0182,0.3967
17179.0,8.9954,0.3982
17180.0,8.9723,0.397
17181.0,8.9952,0.3983
17182.0,9.0078,0.3998
17183.0,9.0061,0.4003
17184.0,9.027,0.4017
17185.0,8.9872,0.4005
17186.0,9.0007,0.4004
17187.0,8.9895,0.4016
17188.0,8.9769,0.3972
17189.0,9.0133,0.3975
17190.0,9.0069,0.3989
17191.0,9.0043,0.3979
17192.0,9.0064,0.3947
17193.0,8.9897,0.4017
17194.0,8.9849,0.397
17195.0,9.0006,0.4054
17196.0,9.0174,0.4005
17197.0,9.0241,0.3955
17198.0,9.0119,0.402
17199.0,9.0004,0.4001
17200.0,9.004,0.4009
17201.0,9.0002,0.3985
17202.0,8.9846,0.3972
17203.0,9.0004,0.3956
17204.0,8.98,0.3962
17205.0,8.9981,0.3959
17206.0,9.0245,0.3989
17207.0,9.0123,0.3998
17208.0,8.9862,0.3954
17209.0,8.9989,0.4027
17210.0,8.9875,0.4004
17211.0,8.9991,0.4073
17212.0,9.0156,0.3988
17213.0,9.0098,0.4067
17214.0,9.0373,0.4022
17215.0,9.0179,0.3941
17216.0,9.0031,0.3964
17217.0,9.0102,0.401
17218.0,8.997,0.3948
17219.0,8.9831,0.3973
17220.0,9.0196,0.3952
17221.0,9.0151,0.4064
17222.0,8.9964,0.4033
17223.0,9.0041,0.399
17224.0,9.0186,0.4045
17225.0,9.0127,0.4038
17226.0,8.9781,0.4039
17227.0,9.0037,0.3983
17228.0,8.9975,0.3991
17229.0,9.0167,0.3967
17230.0,9.0155,0.3997
17231.0,9.0198,0.3976
17232.0,8.9832,0.3968
17233.0,8.9882,0.4034
17234.0,9.0167,0.402
17235.0,8.9911,0.3974
17236.0,8.9772,0.4028
17237.0,9.008,0.4009
17238.0,8.9918,0.3991
17239.0,9.0268,0.4048
17240.0,9.0044,0.4009
17241.0,9.0024,0.4053
17242.0,8.9945,0.4017
17243.0,9.0239,0.402
17244.0,9.0054,0.3968
17245.0,8.9939,0.3983
17246.0,8.9881,0.4044
17247.0,8.9989,0.4035
17248.0,8.9853,0.3989
17249.0,9.0154,0.3959
17250.0,8.9729,0.405
17251.0,8.9979,0.4032
17252.0,9.0092,0.3966
17253.0,9.0051,0.3966
17254.0,8.9892,0.4055
17255.0,9.0099,0.3985
17256.0,8.9867,0.3985
17257.0,8.9997,0.398
17258.0,9.0098,0.4011
17259.0,9.0069,0.3958
17260.0,8.9899,0.4007
17261.0,9.018,0.3958
17262.0,9.0013,0.3958
17263.0,9.0111,0.3959
17264.0,9.0229,0.396
17265.0,9.0168,0.4022
17266.0,9.0168,0.4022
17267.0,9.0029,0.3995
17268.0,9.0119,0.3981
17269.0,9.0032,0.4041
17270.0,8.9819,0.4021
17271.0,9.0045,0.3965
17272.0,9.0038,0.4011
17273.0,9.0088,0.4009
17274.0,8.9981,0.4022
17275.0,8.9886,0.4082
17276.0,9.0098,0.3975
17277.0,8.9803,0.4017
17278.0,9.0219,0.4045
17279.0,8.9965,0.4052
17280.0,9.0037,0.4005
17281.0,9.0084,0.3961
17282.0,9.0089,0.3946
17283.0,8.9789,0.4025
17284.0,9.0124,0.401
17285.0,9.0045,0.4004
17286.0,8.9905,0.4008
17287.0,8.9888,0.4029
17288.0,8.995,0.4016
17289.0,8.9805,0.4012
17290.0,9.0258,0.3982
17291.0,9.0223,0.4031
17292.0,9.0068,0.3983
17293.0,8.9966,0.4029
17294.0,8.997,0.3988
17295.0,9.0114,0.4018
17296.0,9.0264,0.4053
17297.0,8.9914,0.402
17298.0,8.9832,0.4042
17299.0,9.0232,0.3989
17300.0,8.9732,0.4003
17301.0,8.9849,0.3989
17302.0,8.9963,0.395
17303.0,8.9766,0.4032
17304.0,9.0167,0.4017
17305.0,9.0129,0.4015
17306.0,8.9914,0.4037
17307.0,9.0192,0.3966
17308.0,9.0217,0.3959
17309.0,8.9983,0.4037
17310.0,8.9932,0.3998
17311.0,9.0339,0.4006
17312.0,9.0108,0.3956
17313.0,9.0038,0.4044
17314.0,9.0205,0.402
17315.0,9.0045,0.3983
17316.0,8.9924,0.4063
17317.0,9.0012,0.3959
17318.0,9.0156,0.399
17319.0,8.9701,0.403
17320.0,8.9957,0.4035
17321.0,9.0207,0.3955
17322.0,8.9923,0.3991
17323.0,9.0232,0.4022
17324.0,9.0212,0.4044
17325.0,8.999,0.4042
17326.0,8.9915,0.4021
17327.0,8.9957,0.4003
17328.0,9.04,0.3995
17329.0,9.0281,0.4015
17330.0,9.0019,0.4043
17331.0,8.9909,0.3994
17332.0,9.0018,0.3992
17333.0,9.0037,0.4034
17334.0,8.9813,0.4032
17335.0,9.0012,0.3985
17336.0,9.0198,0.396
17337.0,8.973,0.3949
17338.0,9.0124,0.4004
17339.0,9.0206,0.3967
17340.0,8.9916,0.4027
17341.0,9.0254,0.3948
17342.0,8.9896,0.4048
17343.0,9.0066,0.399
17344.0,8.9954,0.3976
17345.0,8.9954,0.3984
17346.0,8.9907,0.3974
17347.0,9.0105,0.4045
17348.0,9.0127,0.402
17349.0,8.999,0.4003
17350.0,8.9796,0.3964
17351.0,9.006,0.3998
17352.0,9.0063,0.3977
17353.0,8.9967,0.3921
17354.0,9.028,0.3979
17355.0,8.9765,0.4018
17356.0,8.9667,0.3987
17357.0,8.989,0.3996
17358.0,9.0107,0.4031
17359.0,8.9842,0.4026
17360.0,8.9853,0.4059
17361.0,9.0143,0.3934
17362.0,9.0069,0.3975
17363.0,9.0057,0.4027
17364.0,9.0117,0.4013
17365.0,8.9936,0.4003
17366.0,8.9943,0.3982
17367.0,9.0121,0.4007
17368.0,8.9798,0.4005
17369.0,8.9679,0.3944
17370.0,8.9935,0.4006
17371.0,9.014,0.3984
17372.0,9.0038,0.4025
17373.0,9.0129,0.401
17374.0,8.9698,0.4059
17375.0,9.0047,0.4
17376.0,9.0098,0.3967
17377.0,8.9797,0.3925
17378.0,9.0129,0.3972
17379.0,8.9983,0.4011
17380.0,9.0461,0.4019
17381.0,8.9673,0.3982
17382.0,9.0205,0.3987
17383.0,8.9941,0.4002
17384.0,8.9757,0.4011
17385.0,8.9921,0.4031
17386.0,9.0042,0.3982
17387.0,9.0156,0.3978
17388.0,9.0258,0.4061
17389.0,9.0213,0.4053
17390.0,8.9855,0.3984
17391.0,9.017,0.4034
17392.0,9.0059,0.4066
17393.0,8.9902,0.404
17394.0,8.9968,0.3977
17395.0,8.9894,0.4003
17396.0,9.0006,0.3947
17397.0,8.9891,0.3971
17398.0,8.9846,0.4
17399.0,9.0072,0.4007
17400.0,9.0094,0.3979
17401.0,8.9972,0.3917
17402.0,9.0205,0.4006
17403.0,8.9961,0.4022
17404.0,8.9955,0.4023
17405.0,9.0099,0.3994
17406.0,8.998,0.3996
17407.0,9.0013,0.4007
17408.0,8.9622,0.4012
17409.0,9.0003,0.3997
17410.0,8.9726,0.393
17411.0,8.9817,0.4042
17412.0,8.98,0.3986
17413.0,8.9844,0.3963
17414.0,8.9918,0.3988
17415.0,8.9927,0.4003
17416.0,9.01,0.3982
17417.0,9.0033,0.3984
17418.0,8.9715,0.399
17419.0,9.0012,0.4011
17420.0,9.0048,0.3976
17421.0,8.9951,0.401
17422.0,8.9991,0.3959
17423.0,9.0029,0.406
17424.0,9.0115,0.4032
17425.0,8.9764,0.3992
17426.0,8.9963,0.401
17427.0,9.0226,0.3965
17428.0,9.0212,0.4017
17429.0,9.0128,0.4025
17430.0,9.0081,0.4008
17431.0,9.0248,0.4027
17432.0,9.0288,0.4
17433.0,8.9981,0.3997
17434.0,8.9855,0.398
17435.0,8.9959,0.4017
17436.0,9.0465,0.3975
17437.0,8.9765,0.4012
17438.0,8.9929,0.4009
17439.0,8.9788,0.404
17440.0,9.0019,0.4018
17441.0,8.982,0.3947
17442.0,8.9984,0.398
17443.0,8.9707,0.3979
17444.0,9.0093,0.3978
17445.0,9.0183,0.4029
17446.0,8.9942,0.3934
17447.0,8.998,0.4043
17448.0,8.9975,0.403
17449.0,9.0027,0.4006
17450.0,8.9994,0.401
17451.0,9.0115,0.4002
17452.0,9.0185,0.4005
17453.0,8.9878,0.4034
17454.0,8.9954,0.3993
17455.0,9.0135,0.4018
17456.0,8.9787,0.3974
17457.0,8.9704,0.4016
17458.0,9.0034,0.3992
17459.0,9.0074,0.4013
17460.0,8.9892,0.3974
17461.0,8.9913,0.4013
17462.0,8.9886,0.3999
17463.0,8.987,0.4047
17464.0,9.0104,0.4008
17465.0,8.9823,0.4015
17466.0,8.996,0.3987
17467.0,8.9864,0.4009
17468.0,8.9782,0.4014
17469.0,9.0131,0.3989
17470.0,8.9922,0.3987
17471.0,9.0028,0.3976
17472.0,8.9774,0.3998
17473.0,8.9889,0.398
17474.0,9.0113,0.4009
17475.0,9.0388,0.3976
17476.0,8.9704,0.3996
17477.0,8.997,0.3972
17478.0,9.0062,0.4034
17479.0,8.9908,0.4001
17480.0,9.0127,0.4
17481.0,8.987,0.4018
17482.0,9.0023,0.4053
17483.0,8.9922,0.4002
17484.0,9.0183,0.3955
17485.0,8.9899,0.4035
17486.0,8.9947,0.3959
17487.0,9.0142,0.3985
17488.0,8.9846,0.4036
17489.0,9.001,0.399
17490.0,8.9727,0.3983
17491.0,8.9837,0.4008
17492.0,9.0057,0.4
17493.0,8.9851,0.3979
17494.0,8.9918,0.4026
17495.0,9.0074,0.4037
17496.0,8.9913,0.4042
17497.0,9.0123,0.4017
17498.0,9.0032,0.3979
17499.0,9.0065,0.3962
17500.0,9.0186,0.393
17501.0,9.0048,0.4031
17502.0,9.0231,0.4006
17503.0,9.0137,0.3987
17504.0,8.9921,0.3942
17505.0,9.0194,0.3965
17506.0,9.004,0.3947
17507.0,8.9941,0.4043
17508.0,9.0042,0.4019
17509.0,9.0167,0.3961
17510.0,9.0068,0.4049
17511.0,9.0273,0.3978
17512.0,9.0163,0.401
17513.0,9.0078,0.4011
17514.0,8.9846,0.3997
17515.0,8.9973,0.3991
17516.0,9.0011,0.4001
17517.0,9.0104,0.3992
17518.0,9.0096,0.4007
17519.0,9.0025,0.4009
17520.0,9.0018,0.3984
17521.0,9.0108,0.4033
17522.0,8.9871,0.3975
17523.0,9.0254,0.4012
17524.0,8.9693,0.399
17525.0,9.0218,0.3974
17526.0,8.9993,0.3992
17527.0,9.015,0.398
17528.0,9.0055,0.402
17529.0,9.0052,0.3997
17530.0,9.0083,0.4041
17531.0,9.0121,0.3971
17532.0,8.9951,0.3934
17533.0,9.0155,0.4012
17534.0,8.9837,0.4052
17535.0,8.9999,0.4015
17536.0,9.0125,0.3972
17537.0,9.0149,0.3969
17538.0,9.0069,0.4061
17539.0,8.9941,0.3989
17540.0,9.0135,0.397
17541.0,8.99,0.4036
17542.0,9.0263,0.3996
17543.0,8.9987,0.3939
17544.0,8.9769,0.4062
17545.0,8.9821,0.4018
17546.0,9.0007,0.3955
17547.0,9.0021,0.4042
17548.0,9.0295,0.3969
17549.0,8.9844,0.3967
17550.0,9.0006,0.3973
17551.0,8.9841,0.4058
17552.0,8.9926,0.4061
17553.0,9.0253,0.3984
17554.0,8.983,0.4051
17555.0,9.0088,0.3931
17556.0,9.0059,0.4027
17557.0,8.9996,0.4041
17558.0,9.0078,0.4045
17559.0,8.9826,0.4002
17560.0,9.0248,0.4017
17561.0,9.0289,0.3978
17562.0,9.0007,0.4001
17563.0,9.0363,0.3995
17564.0,8.994,0.3993
17565.0,9.006,0.4034
17566.0,9.0215,0.4006
17567.0,8.9931,0.4051
17568.0,8.9793,0.4007
17569.0,8.9758,0.4066
17570.0,9.0309,0.4037
17571.0,8.9921,0.3997
17572.0,8.9972,0.4005
17573.0,8.9833,0.3975
17574.0,9.0142,0.4005
17575.0,8.9883,0.3971
17576.0,8.9926,0.404
17577.0,9.0045,0.399
17578.0,8.984,0.4011
17579.0,8.9973,0.3932
17580.0,9.021,0.3992
17581.0,9.0064,0.3989
17582.0,9.002,0.4028
17583.0,9.0032,0.4016
17584.0,8.9942,0.4031
17585.0,9.0299,0.4013
17586.0,8.9878,0.4037
17587.0,9.0032,0.4013
17588.0,9.0017,0.3959
17589.0,9.0151,0.3997
17590.0,9.0165,0.3999
17591.0,8.9995,0.3902
17592.0,9.0044,0.397
17593.0,9.0049,0.4061
17594.0,8.9659,0.3992
17595.0,8.9762,0.3997
17596.0,8.9909,0.3935
17597.0,8.9916,0.396
17598.0,8.982,0.4015
17599.0,9.0112,0.3986
17600.0,9.0,0.3967
17601.0,8.9968,0.4039
17602.0,8.9812,0.3979
17603.0,8.9993,0.3961
17604.0,8.9606,0.4001
17605.0,8.9976,0.3976
17606.0,9.0009,0.3976
17607.0,9.0036,0.3998
17608.0,8.9765,0.3981
17609.0,9.0034,0.395
17610.0,8.9844,0.4017
17611.0,8.9878,0.4026
17612.0,9.0108,0.3992
17613.0,9.0302,0.4019
17614.0,9.0008,0.3989
17615.0,8.9877,0.3943
17616.0,9.0028,0.4027
17617.0,9.0141,0.3997
17618.0,9.0093,0.4005
17619.0,9.0411,0.3997
17620.0,8.9893,0.3995
17621.0,9.0038,0.4004
17622.0,9.0232,0.4005
17623.0,9.0223,0.4038
17624.0,8.9707,0.4013
17625.0,8.9999,0.4035
17626.0,9.0223,0.4045
17627.0,9.0434,0.3952
17628.0,9.0106,0.4038
17629.0,8.9945,0.402
17630.0,8.9849,0.4015
17631.0,9.0333,0.403
17632.0,9.0109,0.3992
17633.0,8.9873,0.4018
17634.0,8.997,0.3968
17635.0,9.0047,0.3958
17636.0,9.0082,0.4016
17637.0,8.9865,0.3998
17638.0,8.9908,0.4
17639.0,8.9752,0.3976
17640.0,9.0156,0.4012
17641.0,8.9949,0.3987
17642.0,9.007,0.3999
17643.0,9.0213,0.3985
17644.0,9.0033,0.3976
17645.0,8.9983,0.3994
17646.0,9.0029,0.4036
17647.0,9.0009,0.3986
17648.0,9.0187,0.3996
17649.0,9.0047,0.3992
17650.0,8.9918,0.3981
17651.0,9.0157,0.4037
17652.0,9.0185,0.3959
17653.0,8.9799,0.3997
17654.0,9.023,0.3975
17655.0,9.0055,0.4017
17656.0,9.0042,0.4004
17657.0,9.0151,0.4035
17658.0,8.9915,0.4022
17659.0,9.0143,0.4002
17660.0,8.9943,0.4022
17661.0,8.9779,0.4025
17662.0,8.985,0.3973
17663.0,9.0085,0.4023
17664.0,8.9858,0.4009
17665.0,9.0242,0.4015
17666.0,9.0178,0.3988
17667.0,9.02,0.3974
17668.0,9.0019,0.3969
17669.0,9.0039,0.3898
17670.0,8.9821,0.3979
17671.0,9.0149,0.4073
17672.0,9.0057,0.4025
17673.0,9.0085,0.401
17674.0,9.0253,0.4029
17675.0,8.9909,0.3992
17676.0,8.9981,0.3988
17677.0,9.0049,0.3991
17678.0,8.986,0.3978
17679.0,8.9972,0.398
17680.0,9.0074,0.4
17681.0,8.9951,0.4002
17682.0,9.0196,0.404
17683.0,8.9773,0.4031
17684.0,9.0168,0.3955
17685.0,9.0099,0.3991
17686.0,8.9915,0.3967
17687.0,8.9861,0.3922
17688.0,8.9688,0.4003
17689.0,8.9881,0.4017
17690.0,9.0157,0.4002
17691.0,8.9992,0.4013
17692.0,9.0174,0.399
17693.0,8.9907,0.3969
17694.0,9.0106,0.3989
17695.0,8.9892,0.4041
17696.0,8.9855,0.4011
17697.0,8.9984,0.3954
17698.0,8.99,0.4004
17699.0,8.9769,0.4038
17700.0,8.9973,0.4023
17701.0,9.0016,0.4039
17702.0,9.019,0.3955
17703.0,9.0141,0.4004
17704.0,9.0183,0.399
17705.0,9.0108,0.4018
17706.0,9.005,0.3975
17707.0,8.9816,0.3974
17708.0,9.0022,0.4
17709.0,9.009,0.3972
17710.0,9.0219,0.4008
17711.0,9.0103,0.3939
17712.0,9.0186,0.4035
17713.0,8.9845,0.3916
17714.0,8.9951,0.4027
17715.0,9.0064,0.3983
17716.0,9.0174,0.3957
17717.0,8.9978,0.4005
17718.0,8.9988,0.4027
17719.0,9.0103,0.4035
17720.0,8.9831,0.4034
17721.0,9.0241,0.3974
17722.0,8.9868,0.4006
17723.0,8.9712,0.3947
17724.0,9.0002,0.4002
17725.0,9.0255,0.401
17726.0,9.0088,0.3989
17727.0,9.0113,0.3945
17728.0,9.0006,0.3982
17729.0,8.9977,0.4057
17730.0,8.9768,0.4012
17731.0,8.9661,0.3985
17732.0,9.0029,0.3995
17733.0,9.0197,0.4012
17734.0,9.0052,0.3954
17735.0,9.0094,0.3955
17736.0,9.0238,0.3978
17737.0,9.0049,0.3985
17738.0,8.9982,0.4054
17739.0,8.9877,0.4002
17740.0,9.0303,0.3984
17741.0,9.0079,0.4002
17742.0,8.9858,0.3939
17743.0,8.9824,0.3973
17744.0,9.0188,0.3978
17745.0,8.9844,0.3969
17746.0,9.0278,0.4037
17747.0,8.9587,0.402
17748.0,9.0213,0.3964
17749.0,9.0073,0.3962
17750.0,9.0018,0.3962
17751.0,8.9974,0.3994
17752.0,9.0284,0.4006
17753.0,9.0106,0.4012
17754.0,8.9865,0.397
17755.0,8.9742,0.3995
17756.0,9.0027,0.3998
17757.0,9.0,0.4036
17758.0,8.9772,0.4023
17759.0,8.9992,0.3957
17760.0,8.9914,0.3943
17761.0,9.0001,0.3997
17762.0,9.0109,0.3981
17763.0,9.0224,0.3971
17764.0,9.0136,0.3977
17765.0,8.9892,0.4017
17766.0,9.0055,0.3955
17767.0,9.0009,0.4055
17768.0,8.98,0.3978
17769.0,9.006,0.4019
17770.0,9.0279,0.398
17771.0,9.0005,0.3954
17772.0,8.9761,0.3996
17773.0,9.0005,0.3962
17774.0,8.9818,0.4004
17775.0,9.013,0.3999
17776.0,9.0079,0.3979
17777.0,8.9974,0.4005
17778.0,8.995,0.4031
17779.0,8.9968,0.3997
17780.0,9.0001,0.3978
17781.0,8.9884,0.4012
17782.0,8.9792,0.4013
17783.0,9.0171,0.3991
17784.0,8.9942,0.4041
17785.0,9.0025,0.3991
17786.0,9.0043,0.4045
17787.0,9.0048,0.398
17788.0,8.9824,0.4026
17789.0,8.9749,0.3993
17790.0,8.9912,0.4008
17791.0,9.0059,0.3939
17792.0,8.9891,0.4065
17793.0,8.9947,0.401
17794.0,9.0319,0.4031
17795.0,8.9723,0.3959
17796.0,8.9887,0.4005
17797.0,9.0284,0.3995
17798.0,8.9993,0.3968
17799.0,8.9894,0.4039
17800.0,9.0175,0.4004
17801.0,9.0008,0.3998
17802.0,8.9948,0.4019
17803.0,9.0029,0.3974
17804.0,8.9901,0.4005
17805.0,8.9847,0.4003
17806.0,8.9983,0.4004
17807.0,8.9848,0.4031
17808.0,9.0002,0.3987
17809.0,9.0053,0.3984
17810.0,9.0128,0.3982
17811.0,9.0169,0.398
17812.0,8.9939,0.4033
17813.0,9.0075,0.3998
17814.0,9.0074,0.4031
17815.0,9.0049,0.4008
17816.0,8.9928,0.3974
17817.0,8.9846,0.3955
17818.0,9.0075,0.3956
17819.0,8.9744,0.3973
17820.0,8.996,0.4031
17821.0,8.9617,0.4039
17822.0,8.98,0.4003
17823.0,8.9868,0.4028
17824.0,9.0165,0.3983
17825.0,9.0103,0.3981
17826.0,8.9917,0.4023
17827.0,9.0109,0.4005
17828.0,9.0133,0.4022
17829.0,8.9976,0.4002
17830.0,8.9792,0.3989
17831.0,8.9969,0.3994
17832.0,8.9985,0.4009
17833.0,8.9815,0.4007
17834.0,9.0055,0.3972
17835.0,9.0042,0.3996
17836.0,9.0067,0.3954
17837.0,9.0042,0.399
17838.0,9.0109,0.3972
17839.0,8.9973,0.3909
17840.0,9.003,0.4066
17841.0,8.994,0.3977
17842.0,8.9912,0.3972
17843.0,9.0201,0.4049
17844.0,8.9693,0.3965
17845.0,9.0132,0.3956
17846.0,8.9907,0.3994
17847.0,8.9887,0.3985
17848.0,9.0039,0.3981
17849.0,8.9777,0.3972
17850.0,8.9878,0.3994
17851.0,8.9873,0.4049
17852.0,8.9967,0.3952
17853.0,8.9879,0.4025
17854.0,9.024,0.4046
17855.0,9.027,0.3981
17856.0,8.9697,0.4011
17857.0,9.0082,0.3996
17858.0,9.0129,0.3948
17859.0,9.0081,0.4037
17860.0,8.9901,0.4001
17861.0,8.9963,0.3984
17862.0,8.9888,0.3954
17863.0,8.9937,0.4016
17864.0,8.9819,0.4005
17865.0,8.9983,0.4018
17866.0,8.9775,0.4017
17867.0,8.997,0.3976
17868.0,8.9813,0.3897
17869.0,9.0031,0.3997
17870.0,8.9898,0.3995
17871.0,9.0044,0.4005
17872.0,9.0162,0.4046
17873.0,9.0238,0.3999
17874.0,8.9621,0.4021
17875.0,8.9875,0.4011
17876.0,8.9955,0.3958
17877.0,9.0069,0.3961
17878.0,8.9752,0.4035
17879.0,8.9853,0.3974
17880.0,9.002,0.4011
17881.0,9.0013,0.3969
17882.0,9.0057,0.4022
17883.0,9.0067,0.4007
17884.0,9.0051,0.3991
17885.0,9.0029,0.402
17886.0,9.0008,0.4008
17887.0,9.01,0.3978
17888.0,8.9664,0.4
17889.0,9.0232,0.402
17890.0,8.9669,0.4033
17891.0,8.9838,0.3996
17892.0,8.9966,0.4054
17893.0,9.0101,0.3978
17894.0,8.9551,0.3953
17895.0,8.9996,0.3958
17896.0,9.0119,0.4
17897.0,9.0149,0.4
17898.0,8.9895,0.4004
17899.0,8.9955,0.398
17900.0,8.9908,0.4067
17901.0,8.9941,0.4045
17902.0,8.9845,0.3966
17903.0,8.9867,0.3997
17904.0,9.0065,0.4001
17905.0,9.002,0.4021
17906.0,9.0074,0.3954
17907.0,9.0032,0.3949
17908.0,9.0106,0.3963
17909.0,9.0132,0.4045
17910.0,8.9739,0.398
17911.0,8.9872,0.4024
17912.0,8.9965,0.4018
17913.0,8.9997,0.3995
17914.0,8.9899,0.4025
17915.0,9.0137,0.3963
17916.0,9.0297,0.3986
17917.0,9.0028,0.3933
17918.0,9.0013,0.4003
17919.0,9.0127,0.3976
17920.0,8.972,0.4066
17921.0,9.0004,0.4002
17922.0,9.0147,0.4025
17923.0,8.9904,0.402
17924.0,8.9816,0.3998
17925.0,8.9972,0.403
17926.0,8.9991,0.4001
17927.0,8.9864,0.4014
17928.0,9.0314,0.4071
17929.0,8.9928,0.4006
17930.0,8.9827,0.3984
17931.0,8.9986,0.3979
17932.0,9.0136,0.3998
17933.0,9.0003,0.4004
17934.0,9.0073,0.4002
17935.0,8.9869,0.3953
17936.0,9.0223,0.3932
17937.0,9.0084,0.3971
17938.0,9.0157,0.4002
17939.0,9.0055,0.4002
17940.0,9.0124,0.4014
17941.0,8.9869,0.4011
17942.0,8.9926,0.3985
17943.0,9.0202,0.3969
17944.0,9.0234,0.4016
17945.0,8.9828,0.4007
17946.0,9.0037,0.3967
17947.0,8.9935,0.4019
17948.0,8.9895,0.4029
17949.0,9.0043,0.4024
17950.0,9.0171,0.4029
17951.0,9.0068,0.3977
17952.0,8.9952,0.4026
17953.0,9.0077,0.3995
17954.0,8.9946,0.4061
17955.0,9.0062,0.4027
17956.0,9.0209,0.4013
17957.0,8.9688,0.4051
17958.0,9.012,0.3985
17959.0,8.9769,0.4017
17960.0,9.0184,0.4067
17961.0,8.9904,0.4024
17962.0,8.9817,0.4005
17963.0,9.0104,0.3992
17964.0,9.0055,0.3971
17965.0,8.985,0.3991
17966.0,8.9812,0.3975
17967.0,8.9972,0.3993
17968.0,8.9819,0.3997
17969.0,8.9841,0.403
17970.0,9.0017,0.3988
17971.0,8.9855,0.3982
17972.0,9.0064,0.4027
17973.0,9.0224,0.4021
17974.0,8.9978,0.3993
17975.0,9.002,0.4018
17976.0,9.0303,0.3992
17977.0,8.9822,0.3994
17978.0,9.0179,0.4047
17979.0,9.0161,0.3996
17980.0,9.0128,0.3988
17981.0,9.0194,0.4001
17982.0,9.0042,0.3941
17983.0,8.9913,0.3995
17984.0,9.0164,0.4008
17985.0,9.017,0.4059
17986.0,9.0166,0.4003
17987.0,9.0007,0.4013
17988.0,8.9893,0.401
17989.0,9.0029,0.4068
17990.0,9.0141,0.403
17991.0,9.0154,0.3956
17992.0,8.9936,0.4037
17993.0,9.0047,0.3972
17994.0,8.9804,0.398
17995.0,9.0148,0.3961
17996.0,8.9883,0.4055
17997.0,9.0118,0.4036
17998.0,8.9828,0.4037
17999.0,9.0155,0.4031
18000.0,9.0048,0.4021
18001.0,8.9883,0.399
18002.0,9.0104,0.4006
18003.0,8.9911,0.3985
18004.0,9.0112,0.3974
18005.0,8.9959,0.3981
18006.0,8.9742,0.4071
18007.0,8.9853,0.3989
18008.0,8.9935,0.403
18009.0,9.0205,0.4062
18010.0,9.0135,0.4023
18011.0,9.0244,0.3976
18012.0,9.0248,0.3978
18013.0,8.992,0.4004
18014.0,8.9972,0.4068
18015.0,8.9938,0.4043
18016.0,8.9899,0.4016
18017.0,8.9724,0.3994
18018.0,8.9998,0.4011
18019.0,8.9807,0.4006
18020.0,8.9995,0.4005
18021.0,9.0317,0.3974
18022.0,8.9924,0.3973
18023.0,9.0029,0.401
18024.0,9.0136,0.3965
18025.0,9.0042,0.3981
18026.0,9.0044,0.4001
18027.0,8.9946,0.401
18028.0,8.9965,0.4033
18029.0,8.9856,0.3962
18030.0,9.0127,0.3962
18031.0,8.9739,0.4039
18032.0,9.0146,0.405
18033.0,8.9789,0.3969
18034.0,9.0144,0.3975
18035.0,8.9947,0.4016
18036.0,8.9815,0.4001
18037.0,9.0087,0.4002
18038.0,9.0139,0.3977
18039.0,8.9934,0.4022
18040.0,9.0108,0.3993
18041.0,8.9657,0.3992
18042.0,8.9802,0.3966
18043.0,9.0194,0.4024
18044.0,8.9966,0.3989
18045.0,8.9721,0.3999
18046.0,8.9895,0.4036
18047.0,8.9861,0.3969
18048.0,8.9975,0.3997
18049.0,8.9944,0.3953
18050.0,9.0027,0.3984
18051.0,8.999,0.4039
18052.0,9.0204,0.3954
18053.0,9.0064,0.4007
18054.0,9.0069,0.4048
18055.0,9.0175,0.4016
18056.0,8.9942,0.3982
18057.0,8.9811,0.3967
18058.0,9.0181,0.3942
18059.0,9.002,0.4047
18060.0,9.0021,0.3987
18061.0,8.9905,0.3946
18062.0,8.9907,0.3969
18063.0,9.0127,0.3968
18064.0,9.0148,0.3985
18065.0,9.0118,0.4072
18066.0,9.0119,0.4028
18067.0,9.0085,0.4015
18068.0,9.002,0.4036
18069.0,8.9974,0.4055
18070.0,9.0182,0.4016
18071.0,8.9944,0.4043
18072.0,9.0055,0.3981
18073.0,8.9879,0.3974
18074.0,8.9901,0.3969
18075.0,8.9965,0.4009
18076.0,8.9879,0.3921
18077.0,9.012,0.404
18078.0,8.9798,0.3985
18079.0,9.0015,0.4025
18080.0,9.002,0.3958
18081.0,8.9728,0.4033
18082.0,8.9934,0.4041
18083.0,9.0038,0.4003
18084.0,9.0064,0.4016
18085.0,8.9969,0.3969
18086.0,9.0102,0.4001
18087.0,8.9984,0.4029
18088.0,9.0002,0.3991
18089.0,9.0038,0.4046
18090.0,9.0139,0.3947
18091.0,8.9899,0.399
18092.0,8.9927,0.3942
18093.0,8.99,0.4009
18094.0,8.995,0.3994
18095.0,9.0214,0.3995
18096.0,9.0086,0.4022
18097.0,8.983,0.3991
18098.0,8.991,0.4084
18099.0,9.0056,0.4024
18100.0,8.9864,0.4001
18101.0,8.9891,0.398
18102.0,9.0202,0.3973
18103.0,8.9908,0.4013
18104.0,9.0143,0.3984
18105.0,9.0188,0.403
18106.0,8.989,0.3998
18107.0,8.9867,0.3998
18108.0,8.9959,0.4003
18109.0,8.9837,0.3995
18110.0,9.0018,0.4008
18111.0,8.9969,0.4062
18112.0,9.0054,0.4016
18113.0,9.021,0.4013
18114.0,9.0123,0.4024
18115.0,9.0073,0.3997
18116.0,8.9705,0.3971
18117.0,9.0067,0.3909
18118.0,9.0258,0.3938
18119.0,8.9548,0.4022
18120.0,9.0103,0.4011
18121.0,8.9976,0.3996
18122.0,8.9873,0.4071
18123.0,9.012,0.3999
18124.0,9.0256,0.3929
18125.0,9.0116,0.4023
18126.0,8.9944,0.4035
18127.0,8.9858,0.4022
18128.0,9.0022,0.4035
18129.0,9.0131,0.3947
18130.0,8.9942,0.4003
18131.0,8.9956,0.3975
18132.0,9.0423,0.4016
18133.0,9.0162,0.4046
18134.0,9.0173,0.3989
18135.0,8.9781,0.402
18136.0,8.9894,0.3974
18137.0,9.0011,0.3999
18138.0,8.985,0.3985
18139.0,9.024,0.4054
18140.0,9.0212,0.3968
18141.0,8.992,0.4003
18142.0,9.0268,0.4041
18143.0,8.9999,0.3942
18144.0,9.0388,0.4013
18145.0,9.0022,0.4003
18146.0,9.0086,0.398
18147.0,9.021,0.4036
18148.0,9.0192,0.4051
18149.0,9.0077,0.402
18150.0,8.9979,0.3991
18151.0,9.0077,0.3957
18152.0,8.9878,0.4005
18153.0,9.0023,0.3995
18154.0,8.9834,0.3997
18155.0,8.9733,0.3985
18156.0,9.0008,0.3982
18157.0,9.0189,0.4001
18158.0,9.0139,0.3963
18159.0,8.9988,0.4031
18160.0,9.0262,0.3977
18161.0,8.9915,0.4003
18162.0,8.9712,0.399
18163.0,8.9673,0.402
18164.0,8.9823,0.4018
18165.0,9.0122,0.4015
18166.0,8.9905,0.3965
18167.0,9.0069,0.3994
18168.0,9.0247,0.4048
18169.0,8.9835,0.399
18170.0,9.0072,0.4031
18171.0,9.0081,0.4
18172.0,8.9871,0.3991
18173.0,9.0203,0.4006
18174.0,8.9957,0.3975
18175.0,8.9942,0.4027
18176.0,9.0317,0.3974
18177.0,9.0078,0.4017
18178.0,9.0139,0.4032
18179.0,9.0203,0.4013
18180.0,8.9902,0.3983
18181.0,9.0187,0.4006
18182.0,8.9925,0.3978
18183.0,8.9918,0.3994
18184.0,8.9959,0.3984
18185.0,8.9907,0.3977
18186.0,9.0123,0.4019
18187.0,9.004,0.403
18188.0,8.9926,0.4032
18189.0,9.0101,0.4007
18190.0,8.9959,0.4044
18191.0,8.9951,0.398
18192.0,9.0007,0.4039
18193.0,9.007,0.4027
18194.0,9.0058,0.4001
18195.0,8.9946,0.4007
18196.0,9.0127,0.4031
18197.0,8.9967,0.402
18198.0,8.9902,0.4008
18199.0,8.978,0.3986
18200.0,9.0147,0.3972
18201.0,9.0002,0.4003
18202.0,9.0032,0.3966
18203.0,9.0157,0.4022
18204.0,8.9928,0.3947
18205.0,8.9794,0.4009
18206.0,9.001,0.3992
18207.0,9.0046,0.3987
18208.0,8.9961,0.3992
18209.0,9.0221,0.3914
18210.0,8.9627,0.3987
18211.0,9.0168,0.3974
18212.0,9.0119,0.3974
18213.0,9.0069,0.4094
18214.0,8.95,0.3958
18215.0,9.0193,0.4012
18216.0,8.9846,0.3976
18217.0,8.9924,0.3973
18218.0,8.9974,0.396
18219.0,9.0061,0.4034
18220.0,9.0096,0.4036
18221.0,9.0134,0.3981
18222.0,9.0122,0.4027
18223.0,9.0038,0.3969
18224.0,9.0062,0.3988
18225.0,8.9836,0.402
18226.0,8.9887,0.397
18227.0,9.0134,0.3978
18228.0,9.0126,0.4001
18229.0,9.0109,0.4001
18230.0,8.9923,0.3968
18231.0,9.0137,0.4067
18232.0,8.9826,0.3975
18233.0,9.0162,0.4029
18234.0,8.9961,0.4018
18235.0,9.0253,0.3976
18236.0,8.9772,0.4014
18237.0,9.0265,0.3975
18238.0,8.9946,0.4002
18239.0,8.9943,0.4025
18240.0,9.0029,0.3983
18241.0,8.9895,0.4012
18242.0,8.9989,0.3983
18243.0,8.9889,0.4005
18244.0,8.9895,0.4003
18245.0,9.0073,0.3989
18246.0,8.9865,0.3945
18247.0,8.9885,0.4023
18248.0,8.9794,0.406
18249.0,8.9924,0.4004
18250.0,9.0197,0.3982
18251.0,8.9873,0.4006
18252.0,8.989,0.4034
18253.0,9.0029,0.4038
18254.0,8.9944,0.4027
18255.0,9.0334,0.4013
18256.0,8.9976,0.402
18257.0,9.005,0.4004
18258.0,9.0142,0.3971
18259.0,9.0139,0.3989
18260.0,9.0035,0.399
18261.0,8.9976,0.4009
18262.0,9.0304,0.3947
18263.0,8.9985,0.4015
18264.0,8.9934,0.394
18265.0,8.9903,0.4012
18266.0,8.9741,0.4035
18267.0,9.0123,0.4027
18268.0,8.9648,0.3973
18269.0,8.9999,0.4019
18270.0,8.9969,0.4021
18271.0,9.0336,0.4051
18272.0,8.9725,0.4011
18273.0,8.9865,0.4031
18274.0,8.998,0.3987
18275.0,8.997,0.3974
18276.0,8.9918,0.4026
18277.0,8.9988,0.4026
18278.0,8.9811,0.3981
18279.0,9.0054,0.3964
18280.0,8.9652,0.4004
18281.0,8.9996,0.4001
18282.0,8.991,0.4007
18283.0,9.0152,0.4027
18284.0,9.0263,0.4031
18285.0,8.995,0.4
18286.0,9.0209,0.397
18287.0,8.9953,0.3978
18288.0,8.9855,0.3982
18289.0,9.0262,0.3996
18290.0,9.0078,0.3985
18291.0,9.0001,0.3993
18292.0,9.0103,0.4002
18293.0,9.0041,0.3981
18294.0,8.999,0.401
18295.0,8.9801,0.4055
18296.0,8.9959,0.3995
18297.0,9.0093,0.398
18298.0,8.9982,0.4009
18299.0,9.0135,0.3976
18300.0,9.0058,0.3996
18301.0,8.9868,0.398
18302.0,8.9802,0.3968
18303.0,8.9976,0.3974
18304.0,8.9921,0.398
18305.0,9.005,0.3969
18306.0,8.9892,0.4038
18307.0,8.9908,0.4013
18308.0,9.0158,0.4028
18309.0,9.0022,0.3959
18310.0,8.9895,0.3991
18311.0,9.0003,0.4013
18312.0,9.0207,0.405
18313.0,9.0044,0.3977
18314.0,9.0089,0.3961
18315.0,8.9887,0.4006
18316.0,9.0154,0.398
18317.0,9.0348,0.4051
18318.0,8.9881,0.4016
18319.0,8.9823,0.3991
18320.0,9.0026,0.3992
18321.0,9.0131,0.3996
18322.0,8.9986,0.3945
18323.0,8.9842,0.4001
18324.0,8.9984,0.3985
18325.0,9.009,0.4019
18326.0,8.9939,0.3973
18327.0,9.0091,0.402
18328.0,9.0175,0.4016
18329.0,9.0036,0.4005
18330.0,8.9996,0.4038
18331.0,9.0124,0.3943
18332.0,8.9872,0.4013
18333.0,8.9857,0.3999
18334.0,8.996,0.3998
18335.0,8.9926,0.3971
18336.0,8.9879,0.3957
18337.0,9.0275,0.4027
18338.0,9.0326,0.4024
18339.0,8.9947,0.4054
18340.0,9.0014,0.4059
18341.0,8.9972,0.3954
18342.0,9.0166,0.3995
18343.0,9.0196,0.4008
18344.0,8.9733,0.4029
18345.0,9.0071,0.4043
18346.0,8.9804,0.3969
18347.0,9.0264,0.3984
18348.0,9.0066,0.4041
18349.0,8.9876,0.395
18350.0,8.9964,0.3968
18351.0,8.9957,0.4013
18352.0,9.0079,0.4062
18353.0,9.0156,0.395
18354.0,8.9828,0.4002
18355.0,9.0276,0.4017
18356.0,9.0241,0.4044
18357.0,8.9869,0.4013
18358.0,9.0011,0.3945
18359.0,9.0257,0.3961
18360.0,9.0185,0.4041
18361.0,8.9949,0.4013
18362.0,9.0122,0.3966
18363.0,9.045,0.4015
18364.0,9.0016,0.4009
18365.0,8.9905,0.3925
18366.0,9.0026,0.3937
18367.0,9.0037,0.4009
18368.0,8.9921,0.4061
18369.0,9.0066,0.4008
18370.0,8.9812,0.3927
18371.0,8.99,0.3952
18372.0,9.0114,0.4019
18373.0,8.9737,0.4022
18374.0,9.0135,0.3994
18375.0,8.9698,0.3985
18376.0,8.974,0.4024
18377.0,8.9925,0.4033
18378.0,9.0043,0.4021
18379.0,9.0199,0.3971
18380.0,9.0009,0.4027
18381.0,8.9963,0.3989
18382.0,9.0087,0.3982
18383.0,8.9869,0.3981
18384.0,9.0021,0.4001
18385.0,8.982,0.4017
18386.0,9.0012,0.3939
18387.0,8.9981,0.3978
18388.0,8.9879,0.3986
18389.0,9.0025,0.4031
18390.0,9.0024,0.3974
18391.0,9.0176,0.399
18392.0,8.9759,0.4024
18393.0,8.9989,0.4001
18394.0,8.9886,0.4046
18395.0,9.013,0.3995
18396.0,9.0113,0.4056
18397.0,9.0076,0.4062
18398.0,8.9894,0.4014
18399.0,9.0133,0.4013
18400.0,8.977,0.4017
18401.0,8.974,0.4024
18402.0,8.9809,0.4004
18403.0,8.9995,0.4035
18404.0,9.0101,0.4015
18405.0,8.9554,0.4042
18406.0,9.0198,0.3956
18407.0,9.002,0.4006
18408.0,8.9765,0.403
18409.0,9.0015,0.3966
18410.0,9.0164,0.4013
18411.0,9.009,0.4018
18412.0,9.0165,0.4052
18413.0,8.9795,0.399
18414.0,8.9938,0.4006
18415.0,8.9861,0.3983
18416.0,9.0258,0.3996
18417.0,9.0096,0.4049
18418.0,9.0427,0.3999
18419.0,8.993,0.3979
18420.0,8.9891,0.3995
18421.0,8.9979,0.3984
18422.0,9.0207,0.3987
18423.0,8.9945,0.3984
18424.0,9.0019,0.3985
18425.0,9.0015,0.3964
18426.0,9.0006,0.4002
18427.0,8.9902,0.3971
18428.0,8.9979,0.4034
18429.0,8.9973,0.3991
18430.0,8.9999,0.4012
18431.0,9.0142,0.4012
18432.0,9.0264,0.3945
18433.0,8.9874,0.3992
18434.0,8.9941,0.4052
18435.0,8.9876,0.3977
18436.0,9.0028,0.4068
18437.0,8.9919,0.4016
18438.0,9.0036,0.4016
18439.0,9.0166,0.4007
18440.0,8.9621,0.4031
18441.0,9.0074,0.4033
18442.0,8.9931,0.3999
18443.0,9.0069,0.3987
18444.0,8.9866,0.3957
18445.0,9.0179,0.4024
18446.0,9.0137,0.4002
18447.0,9.0085,0.3975
18448.0,9.0119,0.3983
18449.0,8.9888,0.3998
18450.0,8.9907,0.3971
18451.0,9.0113,0.4001
18452.0,8.9885,0.3951
18453.0,9.0217,0.3984
18454.0,8.9951,0.3965
18455.0,9.0075,0.4006
18456.0,9.0315,0.3971
18457.0,8.9894,0.3983
18458.0,9.001,0.4068
18459.0,9.0158,0.4026
18460.0,9.0143,0.4018
18461.0,8.9951,0.4039
18462.0,8.9922,0.4015
18463.0,8.9965,0.3958
18464.0,9.0217,0.3961
18465.0,8.9958,0.3919
18466.0,9.0012,0.4006
18467.0,8.9936,0.3968
18468.0,9.0106,0.3983
18469.0,9.0023,0.399
18470.0,8.9849,0.3982
18471.0,8.9855,0.3999
18472.0,8.97,0.3992
18473.0,8.9875,0.3989
18474.0,9.0119,0.3954
18475.0,9.0199,0.4007
18476.0,9.0103,0.4065
18477.0,9.0083,0.4008
18478.0,8.9981,0.4068
18479.0,9.0116,0.3983
18480.0,9.0043,0.3992
18481.0,9.0271,0.3999
18482.0,8.9985,0.3995
18483.0,9.0201,0.4035
18484.0,9.0131,0.3934
18485.0,9.011,0.3986
18486.0,8.9698,0.405
18487.0,9.0139,0.3985
18488.0,8.9981,0.4028
18489.0,8.9933,0.4018
18490.0,8.9778,0.3998
18491.0,8.9999,0.4009
18492.0,9.0005,0.3997
18493.0,8.9805,0.3936
18494.0,8.9779,0.4014
18495.0,9.0073,0.3982
18496.0,9.0131,0.3959
18497.0,9.0029,0.4012
18498.0,9.0173,0.401
18499.0,8.9987,0.4029
18500.0,8.9992,0.3992
18501.0,8.9862,0.4026
18502.0,8.9766,0.4001
18503.0,9.0278,0.401
18504.0,9.017,0.4013
18505.0,8.9791,0.396
18506.0,9.0023,0.4011
18507.0,8.9985,0.4003
18508.0,8.9959,0.3992
18509.0,8.9939,0.4003
18510.0,9.0057,0.4076
18511.0,9.0123,0.3942
18512.0,9.006,0.3996
18513.0,8.9982,0.4024
18514.0,8.9976,0.3963
18515.0,9.0141,0.4011
18516.0,9.007,0.4009
18517.0,9.0011,0.3952
18518.0,8.9995,0.3982
18519.0,9.0052,0.4054
18520.0,8.993,0.3952
18521.0,9.0123,0.3987
18522.0,8.9839,0.3995
18523.0,8.9938,0.4
18524.0,9.0092,0.3988
18525.0,8.983,0.4002
18526.0,8.9764,0.3999
18527.0,9.0009,0.4021
18528.0,8.9746,0.4025
18529.0,8.9805,0.4013
18530.0,9.0113,0.4007
18531.0,8.9969,0.3953
18532.0,9.0193,0.4003
18533.0,8.9819,0.4033
18534.0,8.9986,0.3952
18535.0,9.006,0.396
18536.0,8.9824,0.4045
18537.0,9.0155,0.3955
18538.0,9.0077,0.3997
18539.0,8.9759,0.3983
18540.0,8.9994,0.4043
18541.0,9.0058,0.4009
18542.0,8.9911,0.4024
18543.0,8.9778,0.4002
18544.0,9.0042,0.406
18545.0,9.0332,0.3978
18546.0,8.9942,0.401
18547.0,9.0235,0.4038
18548.0,8.9887,0.4045
18549.0,9.0032,0.3992
18550.0,9.0116,0.3939
18551.0,8.9999,0.3988
18552.0,8.9955,0.4052
18553.0,9.0109,0.3977
18554.0,9.0284,0.4009
18555.0,9.0045,0.3991
18556.0,8.9923,0.3998
18557.0,8.9972,0.4039
18558.0,9.0378,0.4008
18559.0,9.002,0.4061
18560.0,8.9911,0.4029
18561.0,8.9828,0.4004
18562.0,8.9726,0.3997
18563.0,9.0055,0.401
18564.0,9.0098,0.3963
18565.0,8.994,0.3968
18566.0,8.9998,0.4023
18567.0,8.9824,0.4028
18568.0,9.002,0.396
18569.0,9.0072,0.4026
18570.0,8.992,0.3995
18571.0,9.0254,0.3975
18572.0,8.9874,0.3991
18573.0,9.0043,0.4027
18574.0,9.0127,0.4018
18575.0,8.9988,0.4009
18576.0,8.9972,0.4011
18577.0,8.9786,0.3966
18578.0,9.0204,0.4016
18579.0,8.9975,0.3986
18580.0,9.0081,0.4061
18581.0,9.0101,0.3989
18582.0,8.9906,0.4067
18583.0,8.997,0.3995
18584.0,9.02,0.3997
18585.0,8.9832,0.3991
18586.0,9.0319,0.3962
18587.0,8.9888,0.404
18588.0,8.9823,0.4003
18589.0,9.002,0.4019
18590.0,9.0331,0.4048
18591.0,8.9713,0.3996
18592.0,8.9979,0.3997
18593.0,9.0071,0.4004
18594.0,9.0005,0.3962
18595.0,9.0057,0.3945
18596.0,8.9892,0.3955
18597.0,8.991,0.4037
18598.0,8.9978,0.399
18599.0,8.9831,0.4024
18600.0,8.9993,0.3992
18601.0,8.9942,0.3953
18602.0,8.9929,0.4026
18603.0,9.0048,0.3973
18604.0,8.9727,0.4017
18605.0,8.9966,0.4028
18606.0,9.0348,0.3999
18607.0,8.9837,0.4014
18608.0,9.0193,0.3957
18609.0,9.0008,0.4088
18610.0,8.991,0.4013
18611.0,8.9802,0.4023
18612.0,9.0021,0.4028
18613.0,9.0218,0.3996
18614.0,8.9942,0.4002
18615.0,8.9988,0.4033
18616.0,9.0152,0.3989
18617.0,9.0051,0.4012
18618.0,8.9764,0.4014
18619.0,9.0015,0.3978
18620.0,9.0227,0.4013
18621.0,8.9994,0.3949
18622.0,8.9589,0.4028
18623.0,9.0058,0.4047
18624.0,8.997,0.4027
18625.0,8.9726,0.4045
18626.0,8.9748,0.3977
18627.0,9.0146,0.3993
18628.0,8.989,0.4004
18629.0,8.9864,0.4004
18630.0,8.9995,0.3987
18631.0,8.9903,0.3973
18632.0,9.0015,0.4052
18633.0,8.997,0.3975
18634.0,8.982,0.405
18635.0,8.9923,0.4015
18636.0,9.0066,0.4006
18637.0,9.0006,0.4016
18638.0,8.9988,0.4046
18639.0,9.0291,0.3921
18640.0,9.011,0.4011
18641.0,9.0128,0.4004
18642.0,8.9975,0.4006
18643.0,9.0033,0.4028
18644.0,8.9935,0.3982
18645.0,9.0117,0.3965
18646.0,8.9983,0.3958
18647.0,9.0033,0.3973
18648.0,9.0024,0.4021
18649.0,8.9997,0.4015
18650.0,9.0441,0.4026
18651.0,8.99,0.3986
18652.0,8.9899,0.3988
18653.0,9.0104,0.405
18654.0,8.9911,0.4031
18655.0,8.9956,0.4023
18656.0,8.9837,0.3945
18657.0,9.0074,0.4059
18658.0,9.0076,0.3997
18659.0,8.9953,0.4005
18660.0,9.0107,0.4013
18661.0,8.9721,0.4005
18662.0,8.9894,0.3995
18663.0,8.9975,0.4004
18664.0,8.9824,0.4019
18665.0,8.9738,0.4025
18666.0,8.9954,0.4037
18667.0,9.0104,0.3967
18668.0,9.0192,0.3984
18669.0,8.9918,0.4026
18670.0,9.011,0.3953
18671.0,9.0095,0.4005
18672.0,9.0183,0.3976
18673.0,8.9947,0.4017
18674.0,8.973,0.3975
18675.0,9.0011,0.3989
18676.0,8.9848,0.3991
18677.0,8.9891,0.4007
18678.0,8.9955,0.4029
18679.0,8.9949,0.4031
18680.0,9.0021,0.4006
18681.0,9.0105,0.3967
18682.0,8.9945,0.4077
18683.0,9.0059,0.3997
18684.0,9.0002,0.4008
18685.0,9.014,0.4007
18686.0,8.9972,0.4011
18687.0,8.9988,0.3975
18688.0,8.9944,0.4013
18689.0,8.9976,0.4055
18690.0,8.9882,0.394
18691.0,8.9868,0.4001
18692.0,9.0116,0.3966
18693.0,8.9838,0.403
18694.0,8.9952,0.4034
18695.0,9.0152,0.3996
18696.0,8.9947,0.4002
18697.0,9.0124,0.3974
18698.0,8.9911,0.3929
18699.0,8.9842,0.3992
18700.0,8.9761,0.3994
18701.0,9.0197,0.4001
18702.0,8.9829,0.3902
18703.0,9.0112,0.3948
18704.0,8.985,0.3956
18705.0,9.0198,0.4002
18706.0,9.0331,0.4018
18707.0,8.9747,0.3965
18708.0,8.9837,0.3992
18709.0,9.0116,0.3983
18710.0,9.0077,0.4061
18711.0,9.0117,0.3988
18712.0,8.9914,0.3987
18713.0,9.0298,0.3976
18714.0,9.0018,0.3943
18715.0,8.9817,0.4019
18716.0,8.9962,0.3992
18717.0,8.9819,0.3988
18718.0,9.0239,0.4005
18719.0,8.9901,0.3953
18720.0,9.0074,0.4053
18721.0,8.9929,0.3945
18722.0,8.9908,0.4053
18723.0,8.9713,0.4
18724.0,9.009,0.3988
18725.0,9.0195,0.402
18726.0,8.9863,0.399
18727.0,8.9768,0.4028
18728.0,9.012,0.4009
18729.0,8.9753,0.4021
18730.0,9.0183,0.4031
18731.0,8.9864,0.3995
18732.0,8.9835,0.4029
18733.0,9.0037,0.4016
18734.0,8.9844,0.404
18735.0,8.9894,0.3989
18736.0,9.0053,0.4041
18737.0,8.9636,0.3977
18738.0,9.0246,0.394
18739.0,9.0007,0.3959
18740.0,8.9806,0.399
18741.0,8.9847,0.4008
18742.0,9.0149,0.4
18743.0,9.009,0.4024
18744.0,9.0208,0.3964
18745.0,8.9898,0.4052
18746.0,9.0044,0.404
18747.0,9.0064,0.4028
18748.0,9.0104,0.4038
18749.0,9.0169,0.3953
18750.0,8.9892,0.4021
18751.0,8.9983,0.4022
18752.0,8.9908,0.4029
18753.0,8.9992,0.4025
18754.0,9.0105,0.4013
18755.0,8.9752,0.4012
18756.0,9.0166,0.4036
18757.0,8.9829,0.3981
18758.0,8.9954,0.4011
18759.0,9.0187,0.3983
18760.0,9.0049,0.3995
18761.0,9.0051,0.392
18762.0,8.9823,0.3974
18763.0,8.9843,0.3987
18764.0,9.0141,0.3987
18765.0,8.9912,0.399
18766.0,8.9926,0.3964
18767.0,9.0145,0.399
18768.0,8.9843,0.4033
18769.0,9.004,0.3991
18770.0,9.0006,0.4039
18771.0,9.0,0.4037
18772.0,8.9922,0.3982
18773.0,8.9913,0.4017
18774.0,8.9838,0.3961
18775.0,9.0072,0.3968
18776.0,8.99,0.4003
18777.0,9.0145,0.4015
18778.0,8.9966,0.4048
18779.0,8.9841,0.3995
18780.0,8.9964,0.4005
18781.0,8.9938,0.4003
18782.0,9.0151,0.4054
18783.0,8.9945,0.404
18784.0,8.9959,0.4012
18785.0,9.0212,0.4024
18786.0,9.0076,0.401
18787.0,9.0249,0.4032
18788.0,9.0189,0.4026
18789.0,8.9867,0.3991
18790.0,9.0148,0.4003
18791.0,9.0229,0.4005
18792.0,9.023,0.4005
18793.0,9.0148,0.3985
18794.0,9.0145,0.401
18795.0,8.9955,0.3985
18796.0,8.9874,0.3982
18797.0,8.9947,0.3996
18798.0,8.975,0.4008
18799.0,9.0201,0.4037
18800.0,8.9958,0.4021
18801.0,9.0194,0.4033
18802.0,8.9815,0.4053
18803.0,9.0162,0.3982
18804.0,8.9926,0.4021
18805.0,8.9807,0.4023
18806.0,9.0244,0.4008
18807.0,9.0166,0.4027
18808.0,9.0032,0.4003
18809.0,9.0005,0.402
18810.0,9.0066,0.3958
18811.0,9.0029,0.4
18812.0,8.9881,0.4021
18813.0,8.9938,0.4031
18814.0,9.0294,0.3974
18815.0,9.0401,0.3998
18816.0,9.0234,0.3968
18817.0,9.0072,0.3988
18818.0,8.9949,0.4009
18819.0,8.988,0.4031
18820.0,8.989,0.4027
18821.0,8.9917,0.4007
18822.0,9.0323,0.398
18823.0,9.0271,0.3996
18824.0,9.0112,0.4076
18825.0,8.9856,0.3958
18826.0,9.0134,0.3964
18827.0,8.9964,0.4005
18828.0,8.9677,0.4021
18829.0,9.0043,0.4026
18830.0,8.9874,0.4009
18831.0,8.9879,0.3954
18832.0,8.9962,0.3993
18833.0,8.9925,0.3947
18834.0,8.9995,0.4012
18835.0,8.9988,0.4014
18836.0,8.9719,0.3996
18837.0,9.0228,0.3965
18838.0,8.9852,0.3975
18839.0,8.9857,0.3951
18840.0,8.9951,0.3998
18841.0,8.9984,0.4095
18842.0,9.0219,0.3997
18843.0,9.004,0.3987
18844.0,9.0085,0.4007
18845.0,9.0041,0.3965
18846.0,9.0035,0.3967
18847.0,9.0046,0.3981
18848.0,8.971,0.4027
18849.0,8.9963,0.401
18850.0,9.0174,0.3995
18851.0,9.0591,0.4022
18852.0,8.9819,0.4051
18853.0,9.0063,0.4022
18854.0,8.9914,0.3969
18855.0,9.0307,0.3943
18856.0,8.9797,0.3948
18857.0,9.0094,0.4026
18858.0,8.9789,0.3977
18859.0,8.9952,0.4025
18860.0,8.9995,0.3986
18861.0,9.016,0.4012
18862.0,8.9838,0.4021
18863.0,9.01,0.3977
18864.0,9.0003,0.4025
18865.0,9.0041,0.398
18866.0,9.0144,0.3979
18867.0,8.9808,0.4025
18868.0,9.0122,0.4019
18869.0,8.9915,0.4014
18870.0,9.0164,0.3967
18871.0,9.005,0.3988
18872.0,8.9969,0.4021
18873.0,8.9911,0.4069
18874.0,9.0123,0.4054
18875.0,9.0189,0.3986
18876.0,8.992,0.398
18877.0,8.983,0.4052
18878.0,9.0104,0.4018
18879.0,8.9783,0.3986
18880.0,8.9804,0.4004
18881.0,8.9841,0.3963
18882.0,8.9938,0.403
18883.0,8.98,0.4042
18884.0,8.9709,0.4046
18885.0,8.983,0.4034
18886.0,9.0096,0.399
18887.0,8.9809,0.4027
18888.0,8.9949,0.4044
18889.0,9.0292,0.4028
18890.0,8.9993,0.4026
18891.0,9.0051,0.4006
18892.0,8.9858,0.3973
18893.0,9.0325,0.4056
18894.0,8.9919,0.3999
18895.0,8.9966,0.4036
18896.0,9.0198,0.4074
18897.0,8.9973,0.4027
18898.0,9.0007,0.4035
18899.0,8.9958,0.3972
18900.0,8.9959,0.3978
18901.0,9.0056,0.4038
18902.0,9.0083,0.3984
18903.0,8.9904,0.396
18904.0,8.9885,0.395
18905.0,8.9909,0.3994
18906.0,8.979,0.3993
18907.0,8.9761,0.403
18908.0,9.0045,0.397
18909.0,9.0141,0.4041
18910.0,9.0131,0.3964
18911.0,8.9643,0.3964
18912.0,8.9963,0.4004
18913.0,8.9835,0.4002
18914.0,9.0022,0.4017
18915.0,8.9937,0.3965
18916.0,9.0089,0.4011
18917.0,8.9997,0.395
18918.0,8.9716,0.3934
18919.0,8.9855,0.4055
18920.0,9.0001,0.4031
18921.0,9.0014,0.4
18922.0,8.9789,0.3939
18923.0,8.977,0.3986
18924.0,9.0008,0.4013
18925.0,8.9789,0.3986
18926.0,8.975,0.4047
18927.0,8.9933,0.4019
18928.0,8.9927,0.3972
18929.0,8.9868,0.3952
18930.0,8.9894,0.4026
18931.0,9.0002,0.4025
18932.0,8.9892,0.4023
18933.0,9.0011,0.4051
18934.0,8.9943,0.4014
18935.0,9.0025,0.4003
18936.0,9.0132,0.4023
18937.0,9.0126,0.4037
18938.0,9.0193,0.4021
18939.0,9.0126,0.4001
18940.0,9.0036,0.4029
18941.0,8.9935,0.4003
18942.0,8.9942,0.3985
18943.0,8.9868,0.4004
18944.0,9.0001,0.399
18945.0,9.0105,0.3997
18946.0,8.9891,0.3975
18947.0,8.9994,0.403
18948.0,8.9898,0.4006
18949.0,9.0031,0.4021
18950.0,8.9918,0.4014
18951.0,8.9889,0.3973
18952.0,8.9898,0.404
18953.0,9.0075,0.3993
18954.0,8.9985,0.3989
18955.0,8.9936,0.4006
18956.0,9.0039,0.4007
18957.0,8.9938,0.4078
18958.0,9.0169,0.4018
18959.0,8.9854,0.3985
18960.0,8.9972,0.4057
18961.0,8.9789,0.3951
18962.0,8.9948,0.3986
18963.0,8.9748,0.3983
18964.0,9.0112,0.4
18965.0,9.0115,0.401
18966.0,9.0118,0.4013
18967.0,9.0004,0.4013
18968.0,8.9868,0.4019
18969.0,8.988,0.3998
18970.0,9.023,0.4039
18971.0,9.0215,0.3952
18972.0,9.0018,0.3923
18973.0,8.9923,0.4022
18974.0,9.0205,0.399
18975.0,8.9896,0.4052
18976.0,9.0034,0.4031
18977.0,9.0203,0.4018
18978.0,8.9875,0.3985
18979.0,9.0124,0.402
18980.0,9.0078,0.3988
18981.0,8.9994,0.4002
18982.0,8.9851,0.399
18983.0,8.9891,0.4008
18984.0,9.0043,0.3992
18985.0,8.9786,0.403
18986.0,9.002,0.4014
18987.0,9.0081,0.3985
18988.0,9.0148,0.3987
18989.0,8.979,0.3962
18990.0,9.0197,0.3941
18991.0,9.0254,0.4028
18992.0,9.0062,0.3989
18993.0,8.9844,0.3963
18994.0,8.9951,0.4013
18995.0,8.9993,0.3978
18996.0,9.0041,0.3998
18997.0,9.0003,0.3961
18998.0,9.0042,0.4019
18999.0,8.9986,0.4003
19000.0,9.004,0.4015
19001.0,8.9931,0.3987
19002.0,8.9949,0.4007
19003.0,8.9914,0.3956
19004.0,9.0288,0.4068
19005.0,9.022,0.4012
19006.0,9.0083,0.4051
19007.0,9.0199,0.3992
19008.0,9.012,0.3969
19009.0,9.0027,0.3985
19010.0,8.9774,0.3999
19011.0,8.9961,0.3997
19012.0,8.995,0.4056
19013.0,8.983,0.3974
19014.0,8.9777,0.3982
19015.0,9.0074,0.4021
19016.0,9.0049,0.3952
19017.0,8.9825,0.3999
19018.0,8.9888,0.4004
19019.0,9.0174,0.4013
19020.0,8.9868,0.401
19021.0,9.0026,0.406
19022.0,8.9972,0.3973
19023.0,9.0076,0.3981
19024.0,8.9872,0.4018
19025.0,9.0014,0.4007
19026.0,9.0025,0.4011
19027.0,9.0035,0.3958
19028.0,9.0012,0.4065
19029.0,9.0052,0.4014
19030.0,9.0329,0.3953
19031.0,9.0384,0.4018
19032.0,8.9904,0.3967
19033.0,8.9652,0.4028
19034.0,9.0089,0.3961
19035.0,9.0028,0.403
19036.0,9.0159,0.3963
19037.0,9.0043,0.3971
19038.0,9.0009,0.4004
19039.0,9.0169,0.3982
19040.0,9.019,0.3983
19041.0,8.9792,0.3954
19042.0,8.9878,0.399
19043.0,8.9984,0.4027
19044.0,9.0015,0.4056
19045.0,8.9966,0.4025
19046.0,9.0065,0.4021
19047.0,9.0149,0.3949
19048.0,9.0258,0.3999
19049.0,9.0087,0.398
19050.0,8.9872,0.3955
19051.0,8.9978,0.3962
19052.0,8.9989,0.402
19053.0,9.0077,0.3983
19054.0,9.0058,0.3956
19055.0,9.0308,0.3981
19056.0,8.9931,0.4009
19057.0,9.0058,0.398
19058.0,9.0353,0.3964
19059.0,8.9912,0.3972
19060.0,9.0022,0.4027
19061.0,8.9858,0.3938
19062.0,9.0012,0.3992
19063.0,8.9883,0.3997
19064.0,9.0157,0.3977
19065.0,9.0022,0.3971
19066.0,8.986,0.403
19067.0,9.0126,0.4029
19068.0,9.0027,0.4003
19069.0,9.0143,0.3984
19070.0,8.9828,0.4003
19071.0,9.0055,0.4012
19072.0,9.0116,0.3997
19073.0,8.9936,0.4013
19074.0,8.9811,0.3989
19075.0,8.9994,0.3905
19076.0,9.0184,0.3994
19077.0,9.0169,0.4021
19078.0,8.9936,0.4001
19079.0,8.9808,0.401
19080.0,8.9935,0.3992
19081.0,8.993,0.3994
19082.0,9.0067,0.4005
19083.0,8.9984,0.4058
19084.0,8.9887,0.4025
19085.0,9.0166,0.4021
19086.0,9.0021,0.4006
19087.0,9.0065,0.396
19088.0,8.9741,0.4037
19089.0,8.9636,0.4027
19090.0,8.9784,0.4011
19091.0,8.9928,0.3999
19092.0,9.0086,0.4016
19093.0,8.9649,0.3993
19094.0,9.0239,0.4022
19095.0,9.0026,0.3975
19096.0,9.0204,0.3943
19097.0,8.9867,0.3964
19098.0,9.0076,0.4004
19099.0,9.0013,0.3991
19100.0,9.0123,0.3996
19101.0,8.9965,0.3961
19102.0,9.0071,0.4009
19103.0,9.0165,0.3969
19104.0,8.9902,0.4015
19105.0,9.0036,0.3958
19106.0,8.9717,0.3975
19107.0,9.0105,0.3971
19108.0,9.0293,0.4017
19109.0,8.9813,0.3986
19110.0,8.9986,0.4013
19111.0,9.0132,0.4034
19112.0,9.0005,0.4053
19113.0,9.0025,0.4007
19114.0,8.9941,0.3967
19115.0,8.9936,0.4038
19116.0,8.9987,0.4045
19117.0,9.0006,0.3998
19118.0,8.9823,0.404
19119.0,8.999,0.401
19120.0,9.0235,0.395
19121.0,8.9937,0.3981
19122.0,8.9814,0.3985
19123.0,8.9977,0.3989
19124.0,8.9893,0.3972
19125.0,8.9799,0.3971
19126.0,9.0021,0.404
19127.0,8.9893,0.3948
19128.0,8.9906,0.3978
19129.0,9.0023,0.4019
19130.0,8.977,0.3983
19131.0,8.9739,0.4012
19132.0,9.0101,0.3988
19133.0,8.971,0.4013
19134.0,8.9853,0.3969
19135.0,8.973,0.3944
19136.0,8.9927,0.3988
19137.0,9.0064,0.3946
19138.0,9.0017,0.3998
19139.0,9.0359,0.3966
19140.0,9.0163,0.3966
19141.0,8.986,0.4044
19142.0,8.982,0.4008
19143.0,9.0406,0.3954
19144.0,9.0159,0.3999
19145.0,9.0088,0.3996
19146.0,9.0011,0.3938
19147.0,9.0041,0.401
19148.0,8.9778,0.4029
19149.0,9.0024,0.3987
19150.0,9.0011,0.3991
19151.0,8.9864,0.3983
19152.0,8.9919,0.4012
19153.0,9.0227,0.3993
19154.0,8.9981,0.3994
19155.0,9.0311,0.3976
19156.0,8.9739,0.4061
19157.0,8.9922,0.3992
19158.0,8.9768,0.4021
19159.0,8.9819,0.4008
19160.0,8.9876,0.3923
19161.0,9.0047,0.3989
19162.0,9.004,0.3965
19163.0,8.9898,0.4029
19164.0,8.9666,0.3962
19165.0,9.0222,0.4015
19166.0,8.9957,0.403
19167.0,8.9833,0.4008
19168.0,9.0041,0.4
19169.0,9.0031,0.3988
19170.0,8.9952,0.3996
19171.0,9.0022,0.396
19172.0,8.9827,0.4005
19173.0,9.0114,0.4032
19174.0,8.985,0.3974
19175.0,8.9909,0.4001
19176.0,9.0097,0.3997
19177.0,9.0181,0.4009
19178.0,9.0238,0.3984
19179.0,9.0158,0.3955
19180.0,8.9951,0.3966
19181.0,8.9769,0.393
19182.0,9.0211,0.4023
19183.0,9.0206,0.4012
19184.0,8.9899,0.4
19185.0,9.0138,0.3979
19186.0,8.995,0.3995
19187.0,9.0225,0.3999
19188.0,8.9923,0.3984
19189.0,9.0297,0.3986
19190.0,9.0118,0.4039
19191.0,9.027,0.3962
19192.0,8.993,0.403
19193.0,9.0061,0.3952
19194.0,8.9855,0.4048
19195.0,9.0127,0.3928
19196.0,9.0135,0.4014
19197.0,9.036,0.398
19198.0,9.0072,0.3995
19199.0,9.0109,0.3996
19200.0,8.9929,0.4018
19201.0,9.0081,0.3941
19202.0,8.9943,0.3999
19203.0,9.0017,0.4006
19204.0,9.0026,0.398
19205.0,8.9947,0.3997
19206.0,9.0009,0.398
19207.0,8.9944,0.4017
19208.0,8.9943,0.4011
19209.0,9.0161,0.4007
19210.0,9.0026,0.402
19211.0,9.0052,0.4037
19212.0,8.9781,0.397
19213.0,9.0064,0.4067
19214.0,9.008,0.4012
19215.0,8.994,0.3985
19216.0,9.0313,0.4069
19217.0,8.9657,0.3988
19218.0,9.0118,0.3964
19219.0,9.0107,0.3985
19220.0,9.0081,0.3983
19221.0,9.0026,0.4033
19222.0,9.0083,0.3997
19223.0,9.013,0.4003
19224.0,8.9891,0.4002
19225.0,9.0045,0.4035
19226.0,8.9973,0.399
19227.0,8.9836,0.3994
19228.0,9.0108,0.3979
19229.0,8.9915,0.3987
19230.0,8.9775,0.4016
19231.0,8.9919,0.4022
19232.0,8.988,0.4051
19233.0,9.0154,0.3997
19234.0,9.0023,0.3992
19235.0,9.0207,0.4012
19236.0,8.99,0.3986
19237.0,9.0131,0.3981
19238.0,9.0426,0.401
19239.0,9.0053,0.3988
19240.0,9.0129,0.3991
19241.0,9.0104,0.4018
19242.0,8.9787,0.4009
19243.0,9.0088,0.406
19244.0,9.0046,0.4028
19245.0,8.9961,0.3977
19246.0,8.9867,0.3988
19247.0,9.0104,0.3959
19248.0,8.9854,0.3971
19249.0,9.032,0.4038
19250.0,9.0017,0.3992
19251.0,8.9817,0.3958
19252.0,8.9923,0.3942
19253.0,8.9958,0.3956
19254.0,9.0362,0.3976
19255.0,8.9867,0.4
19256.0,8.9983,0.3988
19257.0,8.9919,0.4021
19258.0,9.0075,0.3972
19259.0,8.9922,0.4037
19260.0,8.9829,0.3996
19261.0,8.9971,0.4014
19262.0,8.9955,0.3984
19263.0,8.9911,0.4031
19264.0,8.9919,0.396
19265.0,9.0178,0.3963
19266.0,8.9952,0.3971
19267.0,8.983,0.4035
19268.0,8.9931,0.3993
19269.0,9.0008,0.3972
19270.0,8.98,0.3994
19271.0,9.0244,0.4005
19272.0,9.013,0.3968
19273.0,9.0215,0.4005
19274.0,9.0059,0.3996
19275.0,8.9686,0.3985
19276.0,9.023,0.3962
19277.0,8.987,0.4027
19278.0,8.9883,0.3986
19279.0,9.0023,0.3912
19280.0,9.0207,0.4011
19281.0,9.0158,0.4011
19282.0,9.0136,0.4028
19283.0,8.9953,0.4012
19284.0,8.9951,0.4004
19285.0,9.0052,0.3985
19286.0,8.998,0.3985
19287.0,9.0133,0.402
19288.0,9.0125,0.3995
19289.0,9.0089,0.3957
19290.0,8.9621,0.399
19291.0,9.0019,0.3998
19292.0,8.9984,0.394
19293.0,9.0025,0.4022
19294.0,8.9887,0.4
19295.0,8.9801,0.3959
19296.0,9.0069,0.3991
19297.0,8.9947,0.3997
19298.0,9.0086,0.4028
19299.0,8.9899,0.4028
19300.0,9.0212,0.4032
19301.0,9.015,0.4011
19302.0,9.0045,0.398
19303.0,8.9968,0.3973
19304.0,9.0128,0.3979
19305.0,9.0059,0.3998
19306.0,9.0036,0.3999
19307.0,9.0156,0.4031
19308.0,9.0214,0.3992
19309.0,8.9812,0.3939
19310.0,8.9842,0.3964
19311.0,8.9883,0.3971
19312.0,8.9775,0.3971
19313.0,8.9991,0.3916
19314.0,9.009,0.4047
19315.0,8.9997,0.3935
19316.0,8.992,0.3983
19317.0,9.0169,0.402
19318.0,9.0021,0.4018
19319.0,9.0051,0.3956
19320.0,9.0173,0.4036
19321.0,8.9982,0.4032
19322.0,9.0309,0.3995
19323.0,8.9933,0.4001
19324.0,9.03,0.3973
19325.0,8.9854,0.4008
19326.0,9.0078,0.4007
19327.0,8.9904,0.3985
19328.0,9.0168,0.4019
19329.0,8.9928,0.401
19330.0,9.0044,0.4096
19331.0,8.9902,0.3973
19332.0,9.0141,0.404
19333.0,8.9902,0.3974
19334.0,9.0253,0.4016
19335.0,8.9851,0.3922
19336.0,8.9798,0.3985
19337.0,9.0143,0.4014
19338.0,8.9911,0.4007
19339.0,8.9999,0.394
19340.0,8.9952,0.3988
19341.0,8.9803,0.4044
19342.0,8.9988,0.4031
19343.0,9.019,0.4029
19344.0,9.015,0.4071
19345.0,9.0035,0.3948
19346.0,9.0167,0.3988
19347.0,8.9841,0.4001
19348.0,8.9951,0.3978
19349.0,9.0059,0.4004
19350.0,8.998,0.4039
19351.0,8.9963,0.4003
19352.0,8.982,0.3934
19353.0,8.9688,0.402
19354.0,9.0123,0.4
19355.0,9.0036,0.3935
19356.0,9.0135,0.3982
19357.0,8.9934,0.3948
19358.0,8.9893,0.3991
19359.0,9.0001,0.3985
19360.0,9.0128,0.3954
19361.0,8.9965,0.4008
19362.0,9.012,0.3968
19363.0,8.9849,0.404
19364.0,8.9976,0.4005
19365.0,8.9989,0.3992
19366.0,9.0184,0.4038
19367.0,9.0031,0.4008
19368.0,9.0262,0.401
19369.0,8.9798,0.3998
19370.0,9.0019,0.3991
19371.0,9.0027,0.4012
19372.0,9.0093,0.4046
19373.0,8.9878,0.3897
19374.0,9.0253,0.4056
19375.0,9.0002,0.397
19376.0,8.9837,0.4006
19377.0,8.9998,0.3948
19378.0,8.9953,0.4045
19379.0,9.0417,0.3959
19380.0,9.0157,0.4034
19381.0,9.0007,0.3993
19382.0,8.9983,0.3995
19383.0,9.0143,0.3962
19384.0,9.015,0.4037
19385.0,8.9563,0.3996
19386.0,9.0096,0.4022
19387.0,9.0004,0.3938
19388.0,8.9803,0.3973
19389.0,9.0132,0.4008
19390.0,9.0337,0.3953
19391.0,9.0084,0.4011
19392.0,9.0165,0.398
19393.0,9.0271,0.3977
19394.0,8.9875,0.4015
19395.0,8.9721,0.4005
19396.0,9.0099,0.3966
19397.0,8.9963,0.4034
19398.0,8.9794,0.4015
19399.0,8.9988,0.394
19400.0,9.0109,0.3991
19401.0,8.9978,0.4011
19402.0,8.9882,0.3997
19403.0,8.9966,0.39
19404.0,8.9997,0.4002
19405.0,8.9711,0.4023
19406.0,8.9979,0.3998
19407.0,8.9798,0.4002
19408.0,9.0099,0.4031
19409.0,8.9766,0.3952
19410.0,9.0152,0.4022
19411.0,8.9939,0.401
19412.0,8.9919,0.3951
19413.0,9.0044,0.4021
19414.0,8.987,0.4054
19415.0,9.0042,0.401
19416.0,8.989,0.4017
19417.0,8.9916,0.3968
19418.0,9.0061,0.3981
19419.0,8.9829,0.3969
19420.0,8.981,0.4012
19421.0,9.0037,0.3984
19422.0,8.9996,0.3983
19423.0,9.0025,0.4021
19424.0,9.0049,0.405
19425.0,9.0009,0.3997
19426.0,9.0091,0.3953
19427.0,9.0015,0.4001
19428.0,8.9699,0.4006
19429.0,8.9738,0.4025
19430.0,9.0289,0.399
19431.0,9.0,0.4026
19432.0,9.0143,0.4022
19433.0,8.9948,0.3991
19434.0,8.9991,0.4025
19435.0,8.9932,0.4028
19436.0,9.037,0.3967
19437.0,9.0038,0.4029
19438.0,8.992,0.3996
19439.0,8.9752,0.3993
19440.0,9.0296,0.3997
19441.0,8.9976,0.4037
19442.0,9.0112,0.4037
19443.0,9.0128,0.4014
19444.0,8.9931,0.4008
19445.0,9.0101,0.3997
19446.0,8.9909,0.4081
19447.0,8.9851,0.3979
19448.0,9.0175,0.3987
19449.0,8.9976,0.4009
19450.0,9.0078,0.3973
19451.0,9.0062,0.4031
19452.0,9.0096,0.3956
19453.0,8.9767,0.3979
19454.0,8.9912,0.3988
19455.0,8.9951,0.397
19456.0,8.9875,0.4031
19457.0,9.0064,0.3961
19458.0,9.0178,0.3971
19459.0,9.0202,0.398
19460.0,8.9949,0.4025
19461.0,9.0044,0.4044
19462.0,9.0067,0.4016
19463.0,9.0093,0.3961
19464.0,8.9868,0.3981
19465.0,9.0273,0.4047
19466.0,9.0139,0.4001
19467.0,9.0143,0.3957
19468.0,9.0181,0.4066
19469.0,9.008,0.3983
19470.0,8.9846,0.3998
19471.0,8.9979,0.3979
19472.0,8.9752,0.3971
19473.0,9.0062,0.4039
19474.0,8.9975,0.4006
19475.0,8.9994,0.4009
19476.0,9.0181,0.3962
19477.0,8.9931,0.3991
19478.0,8.9962,0.3981
19479.0,9.0003,0.3975
19480.0,8.9724,0.4014
19481.0,8.996,0.399
19482.0,8.9627,0.4021
19483.0,8.9912,0.4022
19484.0,9.0128,0.3987
19485.0,9.0067,0.4014
19486.0,8.9911,0.3986
19487.0,9.0006,0.3976
19488.0,8.9839,0.3968
19489.0,9.0,0.4003
19490.0,9.044,0.3978
19491.0,9.0277,0.4041
19492.0,9.0008,0.4049
19493.0,9.0024,0.4014
19494.0,8.9853,0.4007
19495.0,8.988,0.4001
19496.0,9.0054,0.4071
19497.0,8.9921,0.4059
19498.0,9.0136,0.3994
19499.0,9.0235,0.3994
19500.0,9.005,0.5958
19501.0,9.0015,0.5913
19502.0,8.9748,0.5894
19503.0,9.0112,0.5908
19504.0,8.9828,0.5939
19505.0,8.9937,0.592
19506.0,9.0144,0.4044
19507.0,9.0154,0.3956
19508.0,8.993,0.396
19509.0,8.9939,0.3945
19510.0,8.9895,0.3981
19511.0,8.982,0.3988
19512.0,8.9905,0.3998
19513.0,8.9758,0.3999
19514.0,9.0102,0.3981
19515.0,9.0059,0.3968
19516.0,9.0084,0.4013
19517.0,8.9857,0.3973
19518.0,8.9821,0.4023
19519.0,9.0008,0.3956
19520.0,9.001,0.3978
19521.0,8.9978,0.4061
19522.0,8.9957,0.4065
19523.0,9.0257,0.3959
19524.0,9.0064,0.4036
19525.0,9.0296,0.4048
19526.0,9.019,0.4032
19527.0,9.0255,0.3998
19528.0,8.9839,0.3942
19529.0,9.0089,0.4003
19530.0,8.9935,0.4012
19531.0,8.975,0.4007
19532.0,9.0224,0.4014
19533.0,8.9956,0.3976
19534.0,8.9842,0.3985
19535.0,8.9938,0.3928
19536.0,8.9881,0.4027
19537.0,8.9896,0.3973
19538.0,8.9967,0.3993
19539.0,9.026,0.4008
19540.0,8.99,0.3983
19541.0,9.0249,0.3968
19542.0,9.0127,0.4008
19543.0,9.0059,0.3946
19544.0,9.0112,0.4023
19545.0,9.0002,0.402
19546.0,9.0193,0.3984
19547.0,9.0085,0.3985
19548.0,8.975,0.397
19549.0,9.0044,0.3989
19550.0,9.0118,0.3994
19551.0,8.9957,0.399
19552.0,9.0019,0.4043
19553.0,8.9908,0.3948
19554.0,8.9793,0.3973
19555.0,8.9767,0.4022
19556.0,8.9769,0.4062
19557.0,9.01,0.3974
19558.0,8.9626,0.403
19559.0,8.99,0.3965
19560.0,8.9885,0.3988
19561.0,8.9958,0.4
19562.0,8.9722,0.3979
19563.0,9.0061,0.3987
19564.0,8.9809,0.3959
19565.0,9.017,0.402
19566.0,8.9907,0.3973
19567.0,8.9986,0.398
19568.0,9.0001,0.3977
19569.0,9.0037,0.3978
19570.0,9.0006,0.4004
19571.0,8.9936,0.4002
19572.0,9.0051,0.4076
19573.0,9.007,0.3993
19574.0,8.9885,0.3997
19575.0,9.0064,0.404
19576.0,9.0179,0.4007
19577.0,9.0106,0.3997
19578.0,9.014,0.3996
19579.0,9.0026,0.4006
19580.0,8.986,0.4029
19581.0,8.9879,0.404
19582.0,9.0048,0.4031
19583.0,9.0141,0.4014
19584.0,9.0418,0.4006
19585.0,9.0147,0.4061
19586.0,8.9824,0.3986
19587.0,8.9885,0.4021
19588.0,9.0342,0.4035
19589.0,8.9968,0.4031
19590.0,9.0007,0.3977
19591.0,8.9856,0.4084
19592.0,9.0235,0.405
19593.0,9.0075,0.4032
19594.0,8.9884,0.397
19595.0,8.9851,0.4029
19596.0,9.0046,0.3931
19597.0,9.0007,0.3993
19598.0,9.0125,0.4003
19599.0,9.0082,0.3987
19600.0,8.996,0.4047
19601.0,8.9918,0.4003
19602.0,8.9976,0.3971
19603.0,8.9917,0.4023
19604.0,8.998,0.4012
19605.0,9.0002,0.3947
19606.0,8.9865,0.404
19607.0,9.0095,0.4003
19608.0,8.9944,0.403
19609.0,8.9874,0.4012
19610.0,8.9947,0.399
19611.0,9.0036,0.4013
19612.0,9.0012,0.3997
19613.0,9.0063,0.4009
19614.0,9.0135,0.4018
19615.0,9.0196,0.4004
19616.0,9.0043,0.4014
19617.0,8.984,0.3989
19618.0,8.996,0.3983
19619.0,8.9849,0.4023
19620.0,9.0255,0.4044
19621.0,9.0298,0.3984
19622.0,9.0098,0.4009
19623.0,9.0129,0.3958
19624.0,9.0038,0.4054
19625.0,9.0055,0.4034
19626.0,8.976,0.3982
19627.0,8.9989,0.3989
19628.0,8.9868,0.4036
19629.0,9.0042,0.4005
19630.0,8.9991,0.4019
19631.0,9.0292,0.397
19632.0,9.0137,0.4017
19633.0,9.0043,0.3996
19634.0,8.996,0.4009
19635.0,9.0251,0.3988
19636.0,8.9996,0.3994
19637.0,9.005,0.4003
19638.0,9.0006,0.3982
19639.0,8.9939,0.4068
19640.0,9.0005,0.3968
19641.0,8.9706,0.4015
19642.0,8.9768,0.4009
19643.0,9.0052,0.4023
19644.0,9.0235,0.3925
19645.0,9.0052,0.3949
19646.0,8.9892,0.3984
19647.0,8.9784,0.4028
19648.0,9.0118,0.3992
19649.0,8.9915,0.3991
19650.0,9.0096,0.4
19651.0,9.0058,0.3975
19652.0,9.0072,0.4014
19653.0,9.0005,0.4006
19654.0,9.0058,0.4015
19655.0,8.9982,0.4045
19656.0,8.9905,0.3993
19657.0,8.9855,0.4003
19658.0,8.9642,0.397
19659.0,8.9973,0.3962
19660.0,9.0228,0.4
19661.0,9.011,0.4003
19662.0,9.0034,0.4021
19663.0,8.989,0.4017
19664.0,9.015,0.4008
19665.0,8.9982,0.4051
19666.0,9.0236,0.3991
19667.0,8.9853,0.3994
19668.0,8.9888,0.4008
19669.0,8.9873,0.3964
19670.0,8.9778,0.4021
19671.0,8.9859,0.4002
19672.0,9.0015,0.4003
19673.0,8.9893,0.4016
19674.0,8.9422,0.4011
19675.0,9.0161,0.4012
19676.0,8.9747,0.3988
19677.0,9.0088,0.4047
19678.0,9.0005,0.3956
19679.0,9.0318,0.3979
19680.0,9.015,0.3983
19681.0,8.9924,0.3978
19682.0,8.9895,0.3948
19683.0,9.0225,0.4049
19684.0,8.9779,0.4019
19685.0,9.0029,0.3981
19686.0,8.998,0.4021
19687.0,8.9949,0.3995
19688.0,9.0053,0.3991
19689.0,9.0028,0.3971
19690.0,9.0069,0.4001
19691.0,9.0021,0.3981
19692.0,9.0063,0.3971
19693.0,9.0014,0.4029
19694.0,8.9901,0.3975
19695.0,9.0001,0.4042
19696.0,8.9893,0.3979
19697.0,8.9883,0.3955
19698.0,8.995,0.4016
19699.0,8.9982,0.3987
19700.0,9.0005,0.3953
19701.0,9.0137,0.4008
19702.0,8.9925,0.3961
19703.0,9.003,0.394
19704.0,9.0018,0.402
19705.0,8.9909,0.4045
19706.0,9.0011,0.3988
19707.0,9.015,0.4036
19708.0,9.0028,0.4024
19709.0,9.0034,0.402
19710.0,8.9894,0.3995
19711.0,9.0295,0.3982
19712.0,8.9903,0.401
19713.0,8.975,0.4019
19714.0,9.0129,0.3962
19715.0,8.9983,0.399
19716.0,8.9955,0.3994
19717.0,8.9918,0.3992
19718.0,9.0281,0.398
19719.0,9.0053,0.396
19720.0,9.0082,0.3991
19721.0,9.0024,0.3992
19722.0,9.0041,0.3986
19723.0,9.021,0.4019
19724.0,8.9962,0.3959
19725.0,8.9781,0.4008
19726.0,9.013,0.3946
19727.0,9.0075,0.3998
19728.0,9.0016,0.3932
19729.0,9.0071,0.3973
19730.0,8.9944,0.3999
19731.0,9.0003,0.3957
19732.0,8.998,0.3957
19733.0,8.9911,0.4029
19734.0,9.0178,0.3952
19735.0,8.9788,0.3996
19736.0,9.0354,0.4044
19737.0,9.0132,0.4004
19738.0,8.9733,0.4001
19739.0,8.9966,0.3979
19740.0,8.9975,0.3979
19741.0,9.0059,0.3995
19742.0,8.9852,0.394
19743.0,9.0005,0.403
19744.0,8.9982,0.4006
19745.0,8.9889,0.3948
19746.0,8.9868,0.4031
19747.0,9.0138,0.402
19748.0,8.9746,0.4013
19749.0,9.0072,0.4067
19750.0,9.012,0.4003
19751.0,8.9967,0.4046
19752.0,9.0008,0.4001
19753.0,9.0175,0.4014
19754.0,8.9894,0.3983
19755.0,8.991,0.3943
19756.0,8.9926,0.3945
19757.0,9.0175,0.3997
19758.0,9.0194,0.3993
19759.0,8.9791,0.3965
19760.0,9.0151,0.3992
19761.0,9.0123,0.4014
19762.0,9.0233,0.4039
19763.0,9.0058,0.3979
19764.0,8.9993,0.4012
19765.0,9.0172,0.4052
19766.0,9.0105,0.4023
19767.0,9.0337,0.3977
19768.0,9.0144,0.4003
19769.0,9.0023,0.4006
19770.0,8.9824,0.4019
19771.0,8.9913,0.4001
19772.0,8.9785,0.4015
19773.0,8.9968,0.4031
19774.0,9.0139,0.3968
19775.0,8.9999,0.396
19776.0,9.0153,0.4018
19777.0,9.0051,0.3995
19778.0,8.994,0.4026
19779.0,9.0013,0.4033
19780.0,9.0071,0.3944
19781.0,9.0021,0.3975
19782.0,9.0023,0.3996
19783.0,8.9885,0.3969
19784.0,8.9935,0.3986
19785.0,9.0339,0.3962
19786.0,9.0184,0.3987
19787.0,8.9779,0.3971
19788.0,8.9645,0.401
19789.0,9.0011,0.4027
19790.0,9.0134,0.4012
19791.0,8.9922,0.4078
19792.0,9.0153,0.4028
19793.0,9.0009,0.4027
19794.0,8.9976,0.3998
19795.0,9.0113,0.3991
19796.0,8.992,0.4038
19797.0,8.9957,0.3992
19798.0,9.0101,0.4001
19799.0,8.9995,0.3995
19800.0,9.0286,0.4016
19801.0,9.0104,0.4027
19802.0,9.0094,0.4032
19803.0,8.9993,0.3991
19804.0,9.0131,0.4005
19805.0,8.9952,0.401
19806.0,9.0042,0.4044
19807.0,8.9863,0.3946
19808.0,9.0156,0.4
19809.0,9.0044,0.3981
19810.0,9.0297,0.3984
19811.0,9.0359,0.3974
19812.0,9.0114,0.4016
19813.0,9.001,0.3926
19814.0,8.9858,0.3996
19815.0,9.0136,0.3945
19816.0,9.0032,0.3979
19817.0,9.0081,0.3994
19818.0,9.0259,0.3988
19819.0,8.9876,0.402
19820.0,8.9861,0.4037
19821.0,8.9965,0.4059
19822.0,9.0123,0.4
19823.0,9.0083,0.4035
19824.0,8.9866,0.4044
19825.0,9.0113,0.3986
19826.0,8.982,0.4037
19827.0,8.9874,0.3935
19828.0,8.9983,0.4009
19829.0,8.9917,0.4048
19830.0,9.0133,0.4003
19831.0,9.0043,0.3994
19832.0,9.0265,0.3994
19833.0,8.9963,0.4044
19834.0,8.9982,0.3952
19835.0,9.0182,0.3988
19836.0,8.9986,0.4025
19837.0,9.0224,0.401
19838.0,9.0081,0.4036
19839.0,8.9647,0.402
19840.0,9.0177,0.3986
19841.0,9.0137,0.4017
19842.0,9.0143,0.396
19843.0,8.9713,0.3939
19844.0,8.9901,0.3982
19845.0,8.9912,0.4002
19846.0,8.9874,0.3976
19847.0,9.0261,0.4005
19848.0,8.9998,0.4002
19849.0,8.9995,0.3944
19850.0,9.0083,0.3984
19851.0,9.0085,0.4028
19852.0,8.95,0.4015
19853.0,8.9903,0.3979
19854.0,8.9788,0.4019
19855.0,9.006,0.4053
19856.0,8.9957,0.3987
19857.0,9.0002,0.4022
19858.0,8.9688,0.4018
19859.0,8.9954,0.3986
19860.0,9.0167,0.3966
19861.0,9.0211,0.405
19862.0,9.0108,0.4033
19863.0,8.98,0.3992
19864.0,9.0189,0.4036
19865.0,9.0109,0.4017
19866.0,8.9982,0.4036
19867.0,8.9696,0.3946
19868.0,9.0143,0.3988
19869.0,8.9911,0.4047
19870.0,9.0052,0.408
19871.0,9.001,0.3988
19872.0,9.0231,0.3988
19873.0,8.9981,0.402
19874.0,8.9998,0.401
19875.0,9.0237,0.4016
19876.0,8.9901,0.3935
19877.0,9.0122,0.3993
19878.0,8.997,0.4024
19879.0,8.985,0.3929
19880.0,9.0,0.3951
19881.0,9.0104,0.3947
19882.0,9.0203,0.402
19883.0,9.0221,0.3972
19884.0,8.9956,0.3964
19885.0,8.9852,0.4002
19886.0,8.9952,0.3963
19887.0,8.9823,0.4014
19888.0,8.9967,0.4072
19889.0,8.9949,0.3989
19890.0,9.0109,0.3942
19891.0,8.9669,0.3986
19892.0,8.989,0.4015
19893.0,8.9891,0.4012
19894.0,9.0178,0.4025
19895.0,8.9833,0.3982
19896.0,9.0034,0.3992
19897.0,8.9981,0.3926
19898.0,9.0156,0.4018
19899.0,9.0089,0.3961
19900.0,9.0018,0.4006
19901.0,8.9917,0.3974
19902.0,8.9722,0.3997
19903.0,9.0037,0.4029
19904.0,9.008,0.3987
19905.0,8.9764,0.3978
19906.0,8.9815,0.4
19907.0,9.0038,0.3981
19908.0,9.0051,0.3972
19909.0,8.9851,0.4056
19910.0,8.9914,0.3944
19911.0,8.9725,0.402
19912.0,9.0207,0.3996
19913.0,8.9805,0.3975
19914.0,9.0081,0.401
19915.0,8.9995,0.4001
19916.0,9.0193,0.404
19917.0,8.9881,0.3966
19918.0,9.0009,0.3985
19919.0,8.9745,0.403
19920.0,8.9709,0.3994
19921.0,9.0089,0.4016
19922.0,8.9732,0.4036
19923.0,8.9966,0.4017
19924.0,9.0152,0.3982
19925.0,9.0112,0.3989
19926.0,8.99,0.4037
19927.0,8.9762,0.4005
19928.0,9.0076,0.3994
19929.0,9.0201,0.4012
19930.0,8.9901,0.3961
19931.0,8.988,0.3993
19932.0,8.9921,0.3998
19933.0,9.0086,0.3997
19934.0,9.0184,0.3988
19935.0,8.9814,0.3991
19936.0,8.9775,0.3997
19937.0,9.0351,0.4044
19938.0,8.9973,0.3934
19939.0,9.0038,0.4021
19940.0,8.9896,0.3997
19941.0,9.0073,0.3998
19942.0,9.0144,0.3988
19943.0,9.0045,0.4015
19944.0,9.0261,0.4029
19945.0,8.9951,0.3943
19946.0,8.9961,0.4063
19947.0,9.0035,0.4004
19948.0,9.007,0.4003
19949.0,9.0034,0.3958
19950.0,8.9807,0.3983
19951.0,9.0047,0.4041
19952.0,8.9944,0.4002
19953.0,8.9913,0.4012
19954.0,9.0005,0.3986
19955.0,8.9856,0.4059
19956.0,8.983,0.3995
19957.0,8.9608,0.4034
19958.0,9.0262,0.3995
19959.0,9.0083,0.401
19960.0,8.9982,0.4011
19961.0,8.99,0.4028
19962.0,8.9569,0.4022
19963.0,8.9891,0.3986
19964.0,9.0107,0.4035
19965.0,9.0141,0.397
19966.0,9.0096,0.3964
19967.0,9.0024,0.3991
19968.0,9.0196,0.4012
19969.0,8.9951,0.3969
19970.0,9.0163,0.3998
19971.0,8.9942,0.3958
19972.0,8.9868,0.3992
19973.0,8.9849,0.4029
19974.0,8.984,0.3975
19975.0,9.0099,0.3963
19976.0,8.9889,0.4011
19977.0,8.9845,0.3976
19978.0,9.0107,0.4073
19979.0,9.0049,0.4006
19980.0,9.0144,0.4031
19981.0,9.0077,0.3961
19982.0,8.9887,0.4014
19983.0,9.0011,0.397
19984.0,9.0019,0.3995
19985.0,8.9862,0.3977
19986.0,8.9834,0.4031
19987.0,8.9898,0.401
19988.0,9.0305,0.4004
19989.0,8.9938,0.4041
19990.0,9.0185,0.4
19991.0,8.993,0.4031
19992.0,9.0133,0.4054
19993.0,9.0135,0.4004
19994.0,9.0143,0.4008
19995.0,9.0058,0.4029
19996.0,9.0207,0.4043
19997.0,9.0057,0.4004
19998.0,9.0257,0.3981
19999.0,8.9757,0.4026
20000.0,9.0052,0.4017
20001.0,9.0042,0.4026
20002.0,8.986,0.4021
20003.0,9.0087,0.4006
20004.0,8.9776,0.4008
20005.0,8.9902,0.4021
20006.0,8.97,0.3957
20007.0,9.0234,0.404
20008.0,8.9965,0.4013
20009.0,9.0325,0.3975
20010.0,9.012,0.4006
20011.0,9.0067,0.404
20012.0,8.9912,0.4009
20013.0,8.9843,0.3978
20014.0,9.0078,0.3962
20015.0,8.9989,0.4074
20016.0,8.9799,0.3948
20017.0,8.9772,0.401
20018.0,8.9856,0.3982
20019.0,9.0273,0.4031
20020.0,9.0332,0.3964
20021.0,9.0031,0.4048
20022.0,9.0022,0.3996
20023.0,8.995,0.3993
20024.0,8.986,0.3991
20025.0,9.0206,0.3982
20026.0,9.0281,0.3989
20027.0,8.9866,0.4022
20028.0,8.9988,0.3948
20029.0,8.9933,0.3978
20030.0,8.9937,0.4045
20031.0,9.0178,0.3997
20032.0,8.9803,0.3983
20033.0,9.007,0.3962
20034.0,9.0109,0.3965
20035.0,8.9979,0.4029
20036.0,9.0134,0.3975
20037.0,9.0022,0.4024
20038.0,9.0183,0.3971
20039.0,8.9772,0.3996
20040.0,8.9948,0.3998
20041.0,8.9989,0.3977
20042.0,8.9599,0.4002
20043.0,8.9837,0.3937
20044.0,8.9878,0.3997
20045.0,9.0142,0.4013
20046.0,8.9894,0.3975
20047.0,8.9877,0.4006
20048.0,9.0123,0.4005
20049.0,8.9757,0.4006
20050.0,8.9689,0.396
20051.0,8.9946,0.4003
20052.0,8.9783,0.3948
20053.0,8.9789,0.3981
20054.0,9.0086,0.4
20055.0,9.0131,0.4006
20056.0,9.0118,0.3964
20057.0,9.0166,0.3991
20058.0,9.0186,0.4024
20059.0,8.9681,0.3971
20060.0,9.0068,0.3935
20061.0,8.9921,0.4016
20062.0,8.9888,0.3972
20063.0,9.0084,0.3981
20064.0,8.974,0.4004
20065.0,8.9737,0.4002
20066.0,9.0095,0.4031
20067.0,9.0073,0.3993
20068.0,9.0021,0.4002
20069.0,8.9868,0.3949
20070.0,9.0112,0.4019
20071.0,9.0102,0.3979
20072.0,9.0013,0.4097
20073.0,8.9823,0.3994
20074.0,8.9936,0.4013
20075.0,9.0126,0.4019
20076.0,9.0199,0.3997
20077.0,8.9951,0.4013
20078.0,8.9963,0.4068
20079.0,8.9976,0.3977
20080.0,9.0041,0.3933
20081.0,8.9913,0.3961
20082.0,8.9566,0.403
20083.0,9.0179,0.3986
20084.0,9.0269,0.407
20085.0,8.9908,0.4022
20086.0,8.984,0.398
20087.0,8.9979,0.3977
20088.0,8.9972,0.3987
20089.0,9.0149,0.3938
20090.0,9.0008,0.4008
20091.0,8.9881,0.4021
20092.0,8.9802,0.3971
20093.0,9.013,0.3953
20094.0,9.009,0.3973
20095.0,9.0159,0.403
20096.0,8.9855,0.4024
20097.0,9.0276,0.4006
20098.0,8.9738,0.4049
20099.0,9.0106,0.3949
20100.0,8.9714,0.3994
20101.0,8.9881,0.4017
20102.0,9.0234,0.4024
20103.0,9.0125,0.4024
20104.0,8.9918,0.4022
20105.0,8.9922,0.404
20106.0,9.0015,0.4023
20107.0,9.0077,0.3965
20108.0,9.0188,0.3986
20109.0,8.9932,0.3949
20110.0,8.9758,0.403
20111.0,9.0024,0.4036
20112.0,8.9931,0.3963
20113.0,8.9805,0.3989
20114.0,9.0045,0.3947
20115.0,8.9968,0.3996
20116.0,9.0046,0.3975
20117.0,8.9866,0.3965
20118.0,9.0073,0.3999
20119.0,8.9802,0.4056
20120.0,8.9876,0.4024
20121.0,8.9964,0.3992
20122.0,9.0261,0.3999
20123.0,9.0118,0.4056
20124.0,9.0162,0.4038
20125.0,9.0213,0.3991
20126.0,9.054,0.4015
20127.0,9.0006,0.397
20128.0,9.0213,0.4001
20129.0,9.0152,0.4023
20130.0,9.0149,0.4031
20131.0,9.0266,0.3981
20132.0,8.9937,0.403
20133.0,8.9925,0.4004
20134.0,9.0048,0.3991
20135.0,8.9973,0.4057
20136.0,9.0048,0.3989
20137.0,9.0234,0.3967
20138.0,8.9928,0.398
20139.0,8.9954,0.4022
20140.0,9.0026,0.397
20141.0,8.9966,0.4025
20142.0,8.9713,0.3974
20143.0,8.9913,0.3998
20144.0,9.0103,0.4066
20145.0,9.0216,0.3974
20146.0,8.9827,0.3939
20147.0,8.9826,0.4041
20148.0,9.0005,0.3958
20149.0,8.9689,0.3976
20150.0,8.9933,0.4022
20151.0,8.974,0.4021
20152.0,9.0205,0.3929
20153.0,8.9885,0.399
20154.0,9.0248,0.4026
20155.0,9.0167,0.4061
20156.0,8.9903,0.3963
20157.0,8.9839,0.4032
20158.0,8.9971,0.398
20159.0,8.9984,0.4031
20160.0,9.0052,0.3969
20161.0,8.9884,0.3993
20162.0,9.0112,0.4012
20163.0,9.004,0.4029
20164.0,8.9949,0.4017
20165.0,8.9893,0.3987
20166.0,8.9972,0.3985
20167.0,8.9877,0.4053
20168.0,9.0009,0.4008
20169.0,9.0013,0.3986
20170.0,9.0039,0.4016
20171.0,9.0265,0.4019
20172.0,8.998,0.3959
20173.0,9.0151,0.4015
20174.0,9.0034,0.3955
20175.0,8.9964,0.3981
20176.0,8.9982,0.397
20177.0,8.9991,0.3996
20178.0,9.0042,0.3987
20179.0,8.9856,0.3994
20180.0,8.978,0.3943
20181.0,9.0098,0.3998
20182.0,9.0135,0.3967
20183.0,9.0112,0.4069
20184.0,9.0023,0.3988
20185.0,9.0115,0.3992
20186.0,9.0107,0.4021
20187.0,9.0118,0.404
20188.0,8.9871,0.3965
20189.0,8.9835,0.4017
20190.0,8.9942,0.4029
20191.0,8.9997,0.4006
20192.0,8.9964,0.4005
20193.0,8.9718,0.3985
20194.0,9.0258,0.399
20195.0,8.9959,0.3997
20196.0,9.0026,0.3987
20197.0,9.0187,0.4027
20198.0,8.9648,0.3974
20199.0,8.9923,0.4026
20200.0,8.9942,0.404
20201.0,8.995,0.4011
20202.0,8.9974,0.3946
20203.0,9.0217,0.4018
20204.0,9.0101,0.3981
20205.0,9.0144,0.3984
20206.0,9.0007,0.4011
20207.0,8.979,0.4033
20208.0,8.9688,0.395
20209.0,8.9771,0.4002
20210.0,9.0054,0.406
20211.0,9.0005,0.3967
20212.0,8.9968,0.3994
20213.0,8.9945,0.3982
20214.0,9.0302,0.4021
20215.0,8.9877,0.3962
20216.0,9.0139,0.3953
20217.0,9.0,0.4025
20218.0,8.9991,0.4007
20219.0,9.0176,0.3964
20220.0,9.0219,0.3998
20221.0,8.9964,0.3962
20222.0,9.012,0.4028
20223.0,9.0055,0.4008
20224.0,9.0001,0.3979
20225.0,9.0031,0.3983
20226.0,8.9897,0.3986
20227.0,8.9954,0.3968
20228.0,8.9913,0.404
20229.0,9.0135,0.4035
20230.0,8.9986,0.3988
20231.0,8.9805,0.3991
20232.0,8.9891,0.3966
20233.0,8.952,0.3995
20234.0,8.9926,0.4015
20235.0,9.0006,0.4035
20236.0,8.998,0.3973
20237.0,9.0297,0.3949
20238.0,9.0086,0.397
20239.0,9.008,0.4017
20240.0,8.9754,0.3999
20241.0,8.9945,0.403
20242.0,8.9927,0.4001
20243.0,8.9882,0.4048
20244.0,8.988,0.3952
20245.0,8.9729,0.3925
20246.0,8.9809,0.4041
20247.0,9.0131,0.3976
20248.0,8.9979,0.4004
20249.0,8.9924,0.4004
20250.0,8.9999,0.401
20251.0,9.0175,0.3986
20252.0,9.0001,0.3971
20253.0,9.0081,0.3969
20254.0,8.9873,0.4018
20255.0,8.9907,0.4023
20256.0,9.0053,0.3992
20257.0,9.0284,0.3982
20258.0,9.0214,0.4017
20259.0,9.0087,0.3956
20260.0,9.0023,0.4058
20261.0,9.021,0.4014
20262.0,9.0119,0.3995
20263.0,8.9656,0.4025
20264.0,8.9842,0.4019
20265.0,9.0051,0.4007
20266.0,8.9732,0.3943
20267.0,8.9865,0.4012
20268.0,8.9895,0.4044
20269.0,8.9962,0.3983
20270.0,8.9957,0.4029
20271.0,8.9957,0.4025
20272.0,9.0124,0.4009
20273.0,8.996,0.4005
20274.0,8.9942,0.4017
20275.0,8.9798,0.4012
20276.0,9.0154,0.4057
20277.0,8.9899,0.4029
20278.0,8.9837,0.4021
20279.0,9.0032,0.4032
20280.0,8.9885,0.4021
20281.0,8.9921,0.3938
20282.0,9.0039,0.3996
20283.0,8.9951,0.3981
20284.0,9.0347,0.401
20285.0,8.9989,0.3983
20286.0,9.0093,0.4018
20287.0,8.9709,0.3987
20288.0,8.9871,0.4051
20289.0,8.9837,0.405
20290.0,8.9857,0.3957
20291.0,9.0062,0.401
20292.0,9.0155,0.3986
20293.0,9.0052,0.4008
20294.0,8.9966,0.4018
20295.0,8.9905,0.3962
20296.0,9.0167,0.3971
20297.0,9.0311,0.3975
20298.0,9.002,0.3983
20299.0,9.0141,0.3984
20300.0,9.0052,0.4024
20301.0,9.0113,0.4007
20302.0,8.9825,0.3974
20303.0,8.9927,0.399
20304.0,9.0059,0.3929
20305.0,9.0182,0.4061
20306.0,8.9877,0.4001
20307.0,8.9695,0.403
20308.0,8.9925,0.4024
20309.0,9.0152,0.3999
20310.0,8.9762,0.3929
20311.0,8.9823,0.3983
20312.0,9.0023,0.4011
20313.0,8.9983,0.4002
20314.0,9.0089,0.4031
20315.0,8.9816,0.4
20316.0,8.9951,0.4055
20317.0,9.0179,0.3968
20318.0,8.9821,0.4016
20319.0,9.0222,0.3969
20320.0,8.984,0.4027
20321.0,9.0127,0.3977
20322.0,8.9944,0.3947
20323.0,8.9828,0.3955
20324.0,8.9925,0.3986
20325.0,9.0082,0.4047
20326.0,8.9999,0.4022
20327.0,9.0168,0.4013
20328.0,9.0215,0.3998
20329.0,8.9823,0.3966
20330.0,8.9812,0.3972
20331.0,8.9804,0.3983
20332.0,8.9865,0.3981
20333.0,9.0166,0.398
20334.0,9.0084,0.3971
20335.0,8.9918,0.4
20336.0,8.9998,0.3977
20337.0,9.0211,0.4034
20338.0,9.0286,0.4034
20339.0,9.0039,0.4018
20340.0,8.9601,0.4015
20341.0,9.0045,0.3953
20342.0,9.014,0.4069
20343.0,9.0034,0.3992
20344.0,9.0109,0.4024
20345.0,9.0054,0.4025
20346.0,8.9815,0.3969
20347.0,8.9867,0.3981
20348.0,8.9952,0.4012
20349.0,9.016,0.3954
20350.0,8.9885,0.3997
20351.0,9.0068,0.3928
20352.0,9.0046,0.4
20353.0,9.0238,0.4041
20354.0,8.9994,0.4
20355.0,8.9737,0.3956
20356.0,9.0097,0.3983
20357.0,9.0321,0.4018
20358.0,9.0107,0.4005
20359.0,8.9882,0.4014
20360.0,8.9838,0.3995
20361.0,8.9857,0.3977
20362.0,9.03,0.4004
20363.0,8.9951,0.4002
20364.0,8.9901,0.4031
20365.0,8.9976,0.3986
20366.0,8.9952,0.4001
20367.0,9.0235,0.3996
20368.0,8.9848,0.4068
20369.0,9.0177,0.3977
20370.0,9.0018,0.3988
20371.0,9.0181,0.3971
20372.0,9.0237,0.4039
20373.0,9.0013,0.4041
20374.0,8.9953,0.3993
20375.0,9.001,0.4036
20376.0,8.9986,0.401
20377.0,8.9751,0.4021
20378.0,9.0233,0.397
20379.0,9.0037,0.4005
20380.0,8.9826,0.4056
20381.0,8.969,0.4044
20382.0,8.9651,0.4024
20383.0,9.0116,0.4029
20384.0,8.9907,0.4073
20385.0,8.9932,0.4024
20386.0,9.0073,0.398
20387.0,8.9923,0.4036
20388.0,9.0082,0.3998
20389.0,9.0014,0.4015
20390.0,8.9987,0.4004
20391.0,8.9764,0.3979
20392.0,8.9877,0.4009
20393.0,9.009,0.4029
20394.0,8.9898,0.4022
20395.0,9.0181,0.4014
20396.0,9.0352,0.3994
20397.0,9.0098,0.395
20398.0,9.0224,0.3999
20399.0,9.0108,0.4017
20400.0,8.992,0.3935
20401.0,9.003,0.3998
20402.0,9.0302,0.3997
20403.0,8.9921,0.3973
20404.0,8.9844,0.4023
20405.0,8.983,0.4028
20406.0,8.9967,0.4054
20407.0,8.9849,0.3999
20408.0,9.0251,0.4039
20409.0,9.0032,0.3975
20410.0,9.0146,0.3989
20411.0,8.9955,0.402
20412.0,8.9829,0.398
20413.0,8.9804,0.3995
20414.0,8.9864,0.4025
20415.0,9.0052,0.4
20416.0,9.0078,0.3972
20417.0,9.009,0.3982
20418.0,8.9777,0.3992
20419.0,9.0,0.4018
20420.0,8.9846,0.399
20421.0,9.006,0.3927
20422.0,9.0072,0.4024
20423.0,8.9824,0.4019
20424.0,9.0145,0.3968
20425.0,9.0351,0.3966
20426.0,9.0125,0.4041
20427.0,8.9976,0.3993
20428.0,8.9953,0.4023
20429.0,8.9969,0.3979
20430.0,8.9886,0.402
20431.0,9.0038,0.3972
20432.0,8.9829,0.4013
20433.0,8.9717,0.4011
20434.0,9.0033,0.3938
20435.0,9.0003,0.4004
20436.0,8.9914,0.3978
20437.0,8.9808,0.4033
20438.0,9.0043,0.4007
20439.0,8.9851,0.3993
20440.0,8.9979,0.4046
20441.0,9.0265,0.3943
20442.0,9.0098,0.4058
20443.0,8.9795,0.4056
20444.0,8.9809,0.3988
20445.0,9.0023,0.4027
20446.0,8.9794,0.4015
20447.0,8.97,0.3925
20448.0,9.008,0.3997
20449.0,9.0048,0.3962
20450.0,9.0068,0.3959
20451.0,9.0039,0.3991
20452.0,8.999,0.3992
20453.0,8.9901,0.4036
20454.0,9.0077,0.3977
20455.0,9.0229,0.3988
20456.0,8.9925,0.4041
20457.0,8.9847,0.3994
20458.0,8.983,0.3985
20459.0,8.987,0.4026
20460.0,9.003,0.4016
20461.0,8.9679,0.4003
20462.0,9.0066,0.4028
20463.0,9.0097,0.3963
20464.0,8.973,0.3983
20465.0,8.9853,0.406
20466.0,9.0012,0.3909
20467.0,8.9978,0.398
20468.0,9.0078,0.3964
20469.0,8.9979,0.4002
20470.0,9.019,0.4018
20471.0,8.9952,0.4033
20472.0,8.9853,0.3988
20473.0,8.984,0.3972
20474.0,9.011,0.3956
20475.0,9.0004,0.4001
20476.0,9.0095,0.4064
20477.0,9.0092,0.3982
20478.0,8.9697,0.3998
20479.0,8.9829,0.4004
20480.0,8.9847,0.3987
20481.0,8.9878,0.4043
20482.0,8.9937,0.4036
20483.0,9.015,0.4025
20484.0,9.018,0.4029
20485.0,8.9956,0.3979
20486.0,8.9962,0.3966
20487.0,8.9894,0.398
20488.0,9.0013,0.4008
20489.0,9.003,0.399
20490.0,9.0121,0.4017
20491.0,9.012,0.4003
20492.0,8.9655,0.396
20493.0,8.9977,0.4037
20494.0,9.0208,0.3985
20495.0,8.9934,0.4024
20496.0,9.0171,0.3975
20497.0,8.9954,0.3974
20498.0,9.0026,0.3972
20499.0,8.9829,0.3957
20500.0,8.9835,0.3958
20501.0,9.0109,0.4011
20502.0,9.0132,0.3972
20503.0,9.0004,0.401
20504.0,8.9816,0.4003
20505.0,9.0007,0.4026
20506.0,9.0189,0.3969
20507.0,9.0261,0.4032
20508.0,8.9952,0.3973
20509.0,8.9751,0.3918
20510.0,9.0126,0.4006
20511.0,8.9959,0.3974
20512.0,9.0141,0.4045
20513.0,9.0042,0.4009
20514.0,8.9867,0.3997
20515.0,9.0009,0.4006
20516.0,9.0196,0.3985
20517.0,8.9978,0.4051
20518.0,8.9845,0.3984
20519.0,8.9762,0.4014
20520.0,8.9884,0.3975
20521.0,8.9938,0.4
20522.0,9.0123,0.3963
20523.0,8.9832,0.4007
20524.0,9.0233,0.4002
20525.0,8.9799,0.4016
20526.0,9.035,0.4014
20527.0,9.0259,0.4001
20528.0,9.0021,0.4061
20529.0,8.9753,0.3999
20530.0,8.9992,0.4001
20531.0,8.9942,0.3997
20532.0,8.9809,0.4006
20533.0,9.0044,0.3991
20534.0,8.9876,0.3989
20535.0,8.9893,0.4023
20536.0,8.9969,0.3999
20537.0,8.9914,0.4032
20538.0,9.0312,0.3943
20539.0,8.992,0.4046
20540.0,9.0066,0.4027
20541.0,9.0022,0.3998
20542.0,9.0053,0.3998
20543.0,9.0064,0.4019
20544.0,9.0132,0.3969
20545.0,9.004,0.4001
20546.0,9.0034,0.4005
20547.0,9.0009,0.3939
20548.0,8.9979,0.401
20549.0,8.9863,0.3959
20550.0,8.9991,0.4032
20551.0,9.0036,0.404
20552.0,9.006,0.4045
20553.0,9.0027,0.399
20554.0,8.9965,0.399
20555.0,8.9991,0.3941
20556.0,8.9917,0.402
20557.0,9.0047,0.3955
20558.0,8.9967,0.3957
20559.0,9.0027,0.3991
20560.0,9.015,0.3967
20561.0,8.9894,0.3971
20562.0,9.009,0.4001
20563.0,9.0005,0.4026
20564.0,9.0303,0.4016
20565.0,8.9968,0.4006
20566.0,9.0104,0.4034
20567.0,9.0002,0.4004
20568.0,8.9792,0.3984
20569.0,8.9922,0.3977
20570.0,9.0132,0.4017
20571.0,8.9935,0.3967
20572.0,8.9667,0.401
20573.0,8.9995,0.3987
20574.0,8.9836,0.3975
20575.0,9.002,0.3974
20576.0,9.0233,0.4029
20577.0,9.0115,0.3974
20578.0,9.023,0.3992
20579.0,8.9916,0.3986
20580.0,8.9979,0.4032
20581.0,8.9843,0.4046
20582.0,8.9897,0.4027
20583.0,8.9861,0.3989
20584.0,8.9804,0.401
20585.0,9.0205,0.3973
20586.0,8.9686,0.4006
20587.0,9.0206,0.3947
20588.0,9.0187,0.4007
20589.0,9.0075,0.3998
20590.0,8.9833,0.4013
20591.0,8.9763,0.4
20592.0,8.9918,0.4025
20593.0,9.0094,0.3977
20594.0,9.0,0.4023
20595.0,8.9843,0.4014
20596.0,9.0172,0.4033
20597.0,9.0253,0.4035
20598.0,8.9966,0.3971
20599.0,9.0016,0.4016
20600.0,8.9774,0.3965
20601.0,8.9938,0.4035
20602.0,9.0077,0.3974
20603.0,9.0053,0.3989
20604.0,8.9924,0.4007
20605.0,8.9959,0.4022
20606.0,8.9933,0.4011
20607.0,8.9958,0.4023
20608.0,9.0063,0.4
20609.0,8.9705,0.4007
20610.0,8.9989,0.3947
20611.0,9.0052,0.4031
20612.0,8.9914,0.3991
20613.0,8.9928,0.3987
20614.0,8.9932,0.4058
20615.0,8.9928,0.3919
20616.0,9.0001,0.4003
20617.0,9.0019,0.3933
20618.0,8.9685,0.401
20619.0,9.0098,0.3979
20620.0,8.9957,0.3912
20621.0,9.029,0.4033
20622.0,8.9821,0.3961
20623.0,8.987,0.4028
20624.0,8.997,0.3971
20625.0,9.0062,0.3986
20626.0,8.9707,0.3931
20627.0,8.9876,0.4013
20628.0,9.0089,0.3983
20629.0,8.9858,0.3989
20630.0,9.0206,0.3997
20631.0,8.9932,0.3951
20632.0,8.9865,0.4021
20633.0,9.0092,0.3983
20634.0,9.0241,0.4069
20635.0,9.0062,0.3986
20636.0,9.0189,0.3988
20637.0,9.0251,0.3959
20638.0,8.9862,0.3952
20639.0,9.0141,0.4026
20640.0,8.9771,0.4032
20641.0,9.0064,0.3983
20642.0,8.9989,0.4004
20643.0,9.0186,0.4037
20644.0,9.0176,0.4009
20645.0,9.0085,0.4015
20646.0,9.0045,0.4003
20647.0,9.0076,0.398
20648.0,9.0009,0.4012
20649.0,8.9991,0.4056
20650.0,9.0216,0.3984
20651.0,9.0234,0.4026
20652.0,8.9979,0.4005
20653.0,9.0036,0.3982
20654.0,9.0012,0.4027
20655.0,8.9758,0.4023
20656.0,8.995,0.4017
20657.0,9.024,0.4052
20658.0,8.9888,0.4055
20659.0,9.0317,0.4002
20660.0,9.0176,0.3997
20661.0,9.006,0.3957
20662.0,9.0084,0.4046
20663.0,8.9862,0.3998
20664.0,8.996,0.3982
20665.0,9.0216,0.3972
20666.0,8.9908,0.3972
20667.0,9.0159,0.4053
20668.0,8.9793,0.4027
20669.0,8.982,0.3955
20670.0,9.0285,0.3957
20671.0,8.9998,0.4004
20672.0,8.9919,0.397
20673.0,9.0204,0.3992
20674.0,9.0187,0.4047
20675.0,9.0138,0.4032
20676.0,8.9915,0.3949
20677.0,8.9957,0.397
20678.0,9.0047,0.4007
20679.0,9.0104,0.4034
20680.0,8.9924,0.3975
20681.0,9.0026,0.4011
20682.0,9.004,0.3986
20683.0,9.0193,0.4053
20684.0,9.0113,0.4019
20685.0,8.9774,0.3994
20686.0,8.9968,0.3955
20687.0,8.9861,0.3968
20688.0,9.0085,0.3924
20689.0,9.0138,0.4008
20690.0,9.0015,0.402
20691.0,8.996,0.4021
20692.0,9.001,0.3982
20693.0,9.0031,0.4038
20694.0,8.9904,0.4048
20695.0,8.9817,0.398
20696.0,8.9692,0.4035
20697.0,9.019,0.4004
20698.0,9.0074,0.3984
20699.0,9.0054,0.4037
20700.0,9.019,0.3964
20701.0,8.9812,0.3955
20702.0,8.974,0.3988
20703.0,9.0058,0.3993
20704.0,9.0044,0.3951
20705.0,8.974,0.4015
20706.0,9.0054,0.3977
20707.0,8.994,0.3961
20708.0,8.9879,0.4019
20709.0,8.995,0.3987
20710.0,8.9634,0.4032
20711.0,8.9911,0.4014
20712.0,8.9894,0.3994
20713.0,9.0084,0.4033
20714.0,8.9976,0.4013
20715.0,9.0096,0.3999
20716.0,8.9618,0.4015
20717.0,8.9874,0.4016
20718.0,9.0083,0.3967
20719.0,8.9954,0.4071
20720.0,9.0127,0.4002
20721.0,8.9729,0.4003
20722.0,9.011,0.3947
20723.0,8.9904,0.4004
20724.0,8.989,0.4005
20725.0,9.0149,0.3966
20726.0,9.0174,0.3969
20727.0,9.0155,0.3973
20728.0,9.0306,0.3991
20729.0,9.019,0.4006
20730.0,8.9881,0.3993
20731.0,9.0021,0.4009
20732.0,8.9946,0.402
20733.0,9.0304,0.4016
20734.0,9.0166,0.4011
20735.0,8.9972,0.4009
20736.0,9.0132,0.4009
20737.0,8.9815,0.3996
20738.0,9.0038,0.398
20739.0,8.9859,0.3997
20740.0,8.9747,0.402
20741.0,9.0118,0.4019
20742.0,9.0136,0.4015
20743.0,9.0069,0.3986
20744.0,8.9973,0.3994
20745.0,8.981,0.3994
20746.0,8.9826,0.3982
20747.0,8.9855,0.4027
20748.0,8.9965,0.3945
20749.0,9.0161,0.4061
20750.0,9.0159,0.4062
20751.0,8.9753,0.4002
20752.0,8.9896,0.4012
20753.0,8.9892,0.4025
20754.0,8.962,0.3977
20755.0,9.0085,0.4017
20756.0,8.9963,0.404
20757.0,8.9983,0.3946
20758.0,9.0202,0.3957
20759.0,9.0013,0.4023
20760.0,8.9935,0.3992
20761.0,9.0086,0.3988
20762.0,9.0159,0.399
20763.0,9.0044,0.3966
20764.0,9.0103,0.3988
20765.0,8.9978,0.396
20766.0,8.9988,0.4039
20767.0,9.0017,0.4004
20768.0,8.9887,0.4003
20769.0,8.9915,0.402
20770.0,9.0207,0.4084
20771.0,9.0301,0.3968
20772.0,9.0239,0.3945
20773.0,8.9802,0.3999
20774.0,8.9787,0.3945
20775.0,8.9821,0.399
20776.0,9.002,0.4026
20777.0,8.9579,0.4046
20778.0,8.9912,0.3953
20779.0,9.0211,0.3972
20780.0,9.0147,0.4011
20781.0,8.9924,0.4023
20782.0,8.9935,0.4024
20783.0,9.0085,0.4044
20784.0,9.014,0.4022
20785.0,8.992,0.3996
20786.0,8.9965,0.4032
20787.0,8.9915,0.4002
20788.0,8.98,0.4008
20789.0,8.9967,0.3985
20790.0,8.9956,0.4005
20791.0,8.9811,0.3951
20792.0,9.0097,0.4031
20793.0,9.0072,0.397
20794.0,9.0104,0.3973
20795.0,8.9885,0.393
20796.0,8.9702,0.3975
20797.0,9.007,0.3971
20798.0,8.99,0.4007
20799.0,8.9866,0.3961
20800.0,8.9811,0.3987
20801.0,8.9959,0.398
20802.0,9.0237,0.3947
20803.0,8.9924,0.4007
20804.0,8.9837,0.3993
20805.0,9.0098,0.4001
20806.0,9.0026,0.4025
20807.0,8.9682,0.4
20808.0,9.0099,0.399
20809.0,9.0319,0.4028
20810.0,8.961,0.399
20811.0,8.9815,0.3985
20812.0,8.9573,0.402
20813.0,8.9989,0.3977
20814.0,9.0149,0.4035
20815.0,9.0016,0.4005
20816.0,9.0209,0.4047
20817.0,9.0125,0.3998
20818.0,9.0255,0.4028
20819.0,9.0174,0.3951
20820.0,8.994,0.4038
20821.0,9.001,0.4021
20822.0,8.987,0.3981
20823.0,8.9965,0.4026
20824.0,9.0009,0.3962
20825.0,8.9987,0.3985
20826.0,9.0201,0.3974
20827.0,8.995,0.4028
20828.0,8.986,0.4037
20829.0,8.987,0.3987
20830.0,9.0098,0.3962
20831.0,8.979,0.3971
20832.0,8.997,0.4003
20833.0,9.0199,0.4001
20834.0,9.0044,0.399
20835.0,8.9989,0.3975
20836.0,8.9995,0.4049
20837.0,8.9846,0.3981
20838.0,8.9871,0.3975
20839.0,8.9971,0.4034
20840.0,9.0041,0.3992
20841.0,9.0142,0.4015
20842.0,9.0014,0.3974
20843.0,9.0203,0.4015
20844.0,9.0241,0.4022
20845.0,9.0119,0.3967
20846.0,9.0184,0.3984
20847.0,8.9851,0.3973
20848.0,8.9828,0.3984
20849.0,9.0078,0.4048
20850.0,8.9799,0.4008
20851.0,8.9956,0.4058
20852.0,9.0116,0.4044
20853.0,9.0212,0.4034
20854.0,8.9962,0.4044
20855.0,8.9903,0.4035
20856.0,9.0048,0.4051
20857.0,8.9839,0.4016
20858.0,8.9974,0.4021
20859.0,8.9999,0.402
20860.0,8.9996,0.3987
20861.0,9.0013,0.4025
20862.0,8.9875,0.4038
20863.0,8.9891,0.3982
20864.0,8.9888,0.3974
20865.0,8.9757,0.3983
20866.0,9.0051,0.4041
20867.0,9.0134,0.3993
20868.0,9.0119,0.3967
20869.0,8.9961,0.3969
20870.0,8.9878,0.3973
20871.0,9.0112,0.3979
20872.0,9.0096,0.3958
20873.0,9.0033,0.4018
20874.0,9.0262,0.3994
20875.0,8.9996,0.4016
20876.0,8.9961,0.3931
20877.0,8.994,0.4032
20878.0,8.9766,0.3998
20879.0,9.0099,0.4015
20880.0,8.9984,0.4046
20881.0,9.0076,0.4011
20882.0,9.0276,0.4063
20883.0,8.9941,0.3944
20884.0,8.9649,0.399
20885.0,9.0072,0.3946
20886.0,9.0025,0.4009
20887.0,8.989,0.4002
20888.0,9.006,0.3967
20889.0,9.0118,0.4065
20890.0,8.9858,0.3989
20891.0,8.9955,0.3934
20892.0,9.0222,0.402
20893.0,8.9892,0.4021
20894.0,9.001,0.3986
20895.0,8.9606,0.4024
20896.0,8.9778,0.3971
20897.0,9.0024,0.3987
20898.0,9.0184,0.4012
20899.0,8.9796,0.4028
20900.0,9.0011,0.3993
20901.0,8.9944,0.3986
20902.0,9.0143,0.3999
20903.0,8.9817,0.3939
20904.0,9.0065,0.3992
20905.0,8.9902,0.3941
20906.0,9.0033,0.3975
20907.0,9.001,0.3957
20908.0,8.9962,0.4016
20909.0,9.0072,0.3978
20910.0,9.0007,0.4037
20911.0,8.998,0.3945
20912.0,8.9947,0.3993
20913.0,9.0012,0.4003
20914.0,9.0033,0.4015
20915.0,8.9852,0.4065
20916.0,8.9948,0.3941
20917.0,8.9842,0.3977
20918.0,8.9994,0.406
20919.0,8.9911,0.3972
20920.0,9.0116,0.4013
20921.0,9.0101,0.3972
20922.0,8.9862,0.3958
20923.0,9.0,0.3976
20924.0,9.0096,0.4059
20925.0,8.9974,0.3965
20926.0,8.9891,0.3991
20927.0,8.9836,0.3992
20928.0,9.0128,0.4027
20929.0,9.0135,0.4034
20930.0,8.9969,0.4003
20931.0,9.0115,0.3904
20932.0,8.9555,0.3973
20933.0,9.0199,0.3964
20934.0,8.9976,0.4035
20935.0,9.0021,0.3972
20936.0,8.9952,0.4051
20937.0,9.0209,0.4012
20938.0,8.9841,0.4034
20939.0,9.0221,0.4068
20940.0,9.0059,0.3972
20941.0,9.0093,0.3951
20942.0,8.9951,0.4006
20943.0,8.9804,0.4029
20944.0,9.014,0.398
20945.0,9.0047,0.4001
20946.0,9.0204,0.4037
20947.0,8.9971,0.4034
20948.0,8.9937,0.3983
20949.0,9.0208,0.4008
20950.0,9.0287,0.3972
20951.0,9.0001,0.3957
20952.0,8.9887,0.4041
20953.0,9.0122,0.3936
20954.0,8.9962,0.4006
20955.0,9.009,0.3989
20956.0,8.9961,0.4016
20957.0,9.0235,0.3979
20958.0,8.9895,0.4034
20959.0,9.0072,0.3993
20960.0,8.9927,0.4044
20961.0,8.9958,0.4007
20962.0,8.9938,0.3969
20963.0,9.0111,0.4016
20964.0,9.0138,0.4013
20965.0,9.0084,0.3997
20966.0,8.9984,0.3978
20967.0,9.0021,0.4026
20968.0,9.0135,0.3971
20969.0,9.0139,0.3974
20970.0,8.9596,0.4016
20971.0,8.9959,0.3994
20972.0,8.9966,0.3941
20973.0,9.01,0.3971
20974.0,8.999,0.4012
20975.0,9.0108,0.3992
20976.0,8.9838,0.3997
20977.0,9.0039,0.4008
20978.0,9.0135,0.4014
20979.0,8.9779,0.4003
20980.0,9.0377,0.39
20981.0,9.0179,0.3998
20982.0,9.0,0.3985
20983.0,8.9876,0.4001
20984.0,8.9974,0.4032
20985.0,9.0013,0.3968
20986.0,9.0066,0.4002
20987.0,9.0225,0.4014
20988.0,8.9929,0.3991
20989.0,9.0084,0.3961
20990.0,8.9806,0.3964
20991.0,8.9938,0.3999
20992.0,9.0057,0.3981
20993.0,9.0104,0.3942
20994.0,8.9887,0.3976
20995.0,8.9934,0.3961
20996.0,9.0219,0.4022
20997.0,9.0174,0.3955
20998.0,9.0031,0.4043
20999.0,8.9665,0.4065
21000.0,9.0377,0.3978
21001.0,8.9997,0.3982
21002.0,8.9953,0.4028
21003.0,8.9922,0.4033
21004.0,9.0056,0.3985
21005.0,9.0058,0.3987
21006.0,9.0143,0.3987
21007.0,8.9861,0.3974
21008.0,8.9953,0.4027
21009.0,9.0305,0.4005
21010.0,9.0034,0.3978
21011.0,8.9974,0.4002
21012.0,8.9859,0.3989
21013.0,9.0076,0.4075
21014.0,9.0155,0.3993
21015.0,9.0131,0.4022
21016.0,8.9961,0.4013
21017.0,9.0054,0.3995
21018.0,9.0251,0.4013
21019.0,9.0161,0.4006
21020.0,8.9882,0.4075
21021.0,8.9618,0.3997
21022.0,9.0045,0.3922
21023.0,9.012,0.4066
21024.0,8.9837,0.3985
21025.0,8.9999,0.4003
21026.0,8.996,0.3984
21027.0,9.0016,0.3982
21028.0,8.9918,0.3966
21029.0,9.0194,0.394
21030.0,9.0022,0.3978
21031.0,8.9868,0.4015
21032.0,9.0138,0.3951
21033.0,8.981,0.4015
21034.0,9.0193,0.407
21035.0,9.0149,0.4009
21036.0,9.0208,0.3958
21037.0,8.9976,0.4012
21038.0,8.9926,0.4029
21039.0,9.0013,0.4039
21040.0,8.9987,0.4006
21041.0,8.9902,0.4018
21042.0,8.9917,0.4026
21043.0,8.9945,0.4018
21044.0,8.9824,0.401
21045.0,9.0102,0.3981
21046.0,8.9992,0.4029
21047.0,8.9954,0.3984
21048.0,8.9833,0.4078
21049.0,8.9826,0.3981
21050.0,9.029,0.4024
21051.0,8.9906,0.3962
21052.0,9.0092,0.3986
21053.0,9.0024,0.3982
21054.0,8.9584,0.3959
21055.0,9.0269,0.3983
21056.0,9.0103,0.4011
21057.0,8.9885,0.3993
21058.0,8.9996,0.4036
21059.0,8.9828,0.3972
21060.0,9.0274,0.4021
21061.0,8.9864,0.3982
21062.0,8.9922,0.4034
21063.0,8.9891,0.4024
21064.0,9.0012,0.403
21065.0,9.0206,0.3995
21066.0,9.0268,0.404
21067.0,8.994,0.395
21068.0,9.0057,0.4013
21069.0,9.0012,0.4004
21070.0,8.9853,0.4025
21071.0,9.0363,0.3998
21072.0,9.0204,0.397
21073.0,9.0028,0.3967
21074.0,9.0237,0.4
21075.0,9.0182,0.3992
21076.0,9.0012,0.4026
21077.0,9.0049,0.4029
21078.0,9.0227,0.4001
21079.0,8.9858,0.4001
21080.0,9.0251,0.4032
21081.0,8.9966,0.3993
21082.0,9.0229,0.3994
21083.0,8.9999,0.396
21084.0,9.0051,0.4026
21085.0,8.9995,0.3997
21086.0,8.992,0.4034
21087.0,8.9959,0.3964
21088.0,9.0207,0.3985
21089.0,8.9653,0.4028
21090.0,8.9814,0.401
21091.0,8.9891,0.3965
21092.0,8.9838,0.4028
21093.0,9.0226,0.3961
21094.0,9.0189,0.4025
21095.0,9.0089,0.3971
21096.0,8.9904,0.4036
21097.0,9.02,0.4003
21098.0,8.9762,0.401
21099.0,9.0321,0.3998
21100.0,8.9897,0.4003
21101.0,8.9961,0.4002
21102.0,8.9936,0.4021
21103.0,8.9839,0.3998
21104.0,9.0289,0.4044
21105.0,9.0118,0.3978
21106.0,9.0182,0.4026
21107.0,8.9816,0.4017
21108.0,9.0027,0.4037
21109.0,9.0078,0.4004
21110.0,9.0041,0.401
21111.0,8.9826,0.401
21112.0,9.0161,0.3964
21113.0,9.0018,0.4012
21114.0,8.9857,0.4098
21115.0,8.9722,0.4048
21116.0,9.0091,0.3977
21117.0,9.0368,0.3946
21118.0,8.9848,0.4002
21119.0,9.0026,0.4032
21120.0,9.0167,0.3999
21121.0,8.981,0.4057
21122.0,8.9928,0.3977
21123.0,8.9871,0.4007
21124.0,9.0148,0.3997
21125.0,9.0199,0.4022
21126.0,9.0024,0.4024
21127.0,8.9874,0.4036
21128.0,8.9934,0.3996
21129.0,8.9905,0.4038
21130.0,8.9853,0.401
21131.0,8.9985,0.4041
21132.0,9.0086,0.4045
21133.0,9.0074,0.4001
21134.0,8.9999,0.398
21135.0,9.0009,0.4006
21136.0,8.9988,0.403
21137.0,8.9805,0.3955
21138.0,9.0024,0.3985
21139.0,8.9912,0.402
21140.0,8.9798,0.3922
21141.0,9.0056,0.3969
21142.0,8.9908,0.3982
21143.0,9.0034,0.3997
21144.0,9.0127,0.399
21145.0,8.9857,0.3991
21146.0,9.0014,0.396
21147.0,8.9728,0.4053
21148.0,9.023,0.3982
21149.0,8.9796,0.3943
21150.0,8.9923,0.4034
21151.0,9.0201,0.3977
21152.0,8.9965,0.3964
21153.0,8.982,0.402
21154.0,9.0107,0.3984
21155.0,9.0104,0.4005
21156.0,8.9905,0.3981
21157.0,8.9921,0.3986
21158.0,8.9935,0.397
21159.0,8.9969,0.3964
21160.0,8.9716,0.4104
21161.0,8.9973,0.3975
21162.0,9.0268,0.3956
21163.0,8.9866,0.4034
21164.0,8.9912,0.4008
21165.0,8.9822,0.4001
21166.0,9.0092,0.3985
21167.0,9.018,0.3988
21168.0,9.0177,0.3991
21169.0,8.9813,0.4034
21170.0,9.0075,0.3993
21171.0,9.0215,0.4034
21172.0,9.0076,0.3998
21173.0,9.0072,0.3994
21174.0,8.9929,0.3969
21175.0,9.0033,0.4064
21176.0,9.0185,0.4
21177.0,9.0049,0.4
21178.0,8.9813,0.4056
21179.0,8.9932,0.4012
21180.0,9.0181,0.4016
21181.0,9.0049,0.4002
21182.0,9.0018,0.3977
21183.0,8.9917,0.4037
21184.0,9.0178,0.3958
21185.0,9.0249,0.3971
21186.0,9.0189,0.3977
21187.0,9.0216,0.4008
21188.0,8.9946,0.4
21189.0,8.9925,0.3944
21190.0,8.9977,0.407
21191.0,9.0006,0.4023
21192.0,9.0215,0.3985
21193.0,9.0175,0.4013
21194.0,9.0081,0.4013
21195.0,8.9785,0.399
21196.0,8.9747,0.4012
21197.0,9.0036,0.4012
21198.0,9.0132,0.4033
21199.0,8.9988,0.4002
21200.0,9.0287,0.401
21201.0,8.9838,0.3994
21202.0,8.9819,0.3987
21203.0,8.99,0.3977
21204.0,8.9895,0.3976
21205.0,9.0079,0.3986
21206.0,8.9937,0.3993
21207.0,8.9768,0.403
21208.0,9.0134,0.3989
21209.0,8.9736,0.399
21210.0,8.9839,0.3991
21211.0,8.9757,0.3999
21212.0,9.0031,0.4051
21213.0,9.0028,0.3989
21214.0,9.0287,0.4017
21215.0,9.0137,0.401
21216.0,9.0216,0.4002
21217.0,9.0043,0.3971
21218.0,8.9853,0.4016
21219.0,9.0019,0.3942
21220.0,9.0089,0.3969
21221.0,9.0106,0.3984
21222.0,8.9929,0.3993
21223.0,9.0073,0.4003
21224.0,8.986,0.4042
21225.0,8.9844,0.4019
21226.0,8.9833,0.4005
21227.0,9.0004,0.399
21228.0,8.9823,0.399
21229.0,8.9936,0.3966
21230.0,9.0135,0.3937
21231.0,8.9846,0.3962
21232.0,8.9924,0.4035
21233.0,9.0011,0.3979
21234.0,9.0037,0.3984
21235.0,8.9925,0.4031
21236.0,9.0118,0.3921
21237.0,9.0089,0.3982
21238.0,9.0171,0.3967
21239.0,8.9988,0.4009
21240.0,8.9923,0.4017
21241.0,8.9898,0.4017
21242.0,9.0046,0.4045
21243.0,8.9943,0.4017
21244.0,8.9915,0.4007
21245.0,8.9933,0.4073
21246.0,8.9897,0.3936
21247.0,9.003,0.4066
21248.0,8.9788,0.4052
21249.0,9.0045,0.3996
21250.0,9.0101,0.3979
21251.0,8.9913,0.398
21252.0,9.0288,0.3991
21253.0,9.0003,0.4036
21254.0,8.9766,0.3926
21255.0,8.9958,0.406
21256.0,9.0009,0.4
21257.0,9.0067,0.4035
21258.0,8.9961,0.3963
21259.0,8.9848,0.4022
21260.0,8.9836,0.4012
21261.0,8.9902,0.4017
21262.0,8.9916,0.3979
21263.0,8.983,0.3989
21264.0,8.989,0.3963
21265.0,9.0099,0.4023
21266.0,9.0247,0.404
21267.0,9.0113,0.4008
21268.0,9.0196,0.392
21269.0,9.0146,0.4041
21270.0,9.0125,0.4004
21271.0,8.9949,0.392
21272.0,9.0021,0.3949
21273.0,8.9937,0.3968
21274.0,8.9967,0.4
21275.0,9.001,0.3969
21276.0,9.0107,0.3973
21277.0,9.0063,0.4027
21278.0,8.9976,0.4036
21279.0,9.0008,0.4028
21280.0,9.0065,0.3951
21281.0,9.01,0.4028
21282.0,8.9772,0.3986
21283.0,8.9838,0.4059
21284.0,9.0166,0.4008
21285.0,8.9991,0.4036
21286.0,8.9936,0.4017
21287.0,8.996,0.4013
21288.0,8.996,0.3989
21289.0,9.0084,0.4036
21290.0,8.9834,0.4028
21291.0,9.0004,0.399
21292.0,9.0037,0.3987
21293.0,9.0059,0.3979
21294.0,9.0033,0.4025
21295.0,9.0077,0.4007
21296.0,8.9914,0.4009
21297.0,8.9859,0.3989
21298.0,9.0369,0.4044
21299.0,8.9955,0.3955
21300.0,8.9972,0.4023
21301.0,9.0102,0.4029
21302.0,9.0239,0.399
21303.0,8.9918,0.3957
21304.0,8.985,0.4011
21305.0,8.9814,0.4036
21306.0,9.0239,0.4053
21307.0,8.9844,0.402
21308.0,8.9996,0.3982
21309.0,8.9853,0.4021
21310.0,8.9783,0.4015
21311.0,8.9956,0.401
21312.0,8.9859,0.3973
21313.0,8.9896,0.4018
21314.0,9.0301,0.4014
21315.0,9.0064,0.4073
21316.0,9.014,0.4003
21317.0,9.0124,0.4051
21318.0,8.9985,0.4042
21319.0,8.9934,0.4001
21320.0,9.0037,0.4037
21321.0,9.0025,0.3976
21322.0,8.9915,0.3994
21323.0,9.0019,0.3984
21324.0,8.9894,0.3995
21325.0,8.9974,0.394
21326.0,8.995,0.4054
21327.0,8.981,0.3991
21328.0,8.9647,0.4024
21329.0,8.9859,0.4007
21330.0,9.0271,0.3992
21331.0,8.9954,0.3962
21332.0,9.0116,0.3973
21333.0,8.9681,0.3993
21334.0,8.9849,0.3986
21335.0,8.9797,0.3971
21336.0,8.997,0.3979
21337.0,9.0363,0.4014
21338.0,9.0069,0.4026
21339.0,9.0254,0.3965
21340.0,8.9962,0.3974
21341.0,9.0205,0.4006
21342.0,9.0311,0.3995
21343.0,8.9984,0.3989
21344.0,8.9919,0.4028
21345.0,8.9802,0.4006
21346.0,8.9954,0.3951
21347.0,9.0012,0.3976
21348.0,9.0305,0.395
21349.0,8.9806,0.3995
21350.0,9.0009,0.396
21351.0,8.9728,0.3947
21352.0,8.9936,0.3938
21353.0,9.0047,0.406
21354.0,9.0077,0.3959
21355.0,9.0088,0.3991
21356.0,9.006,0.4002
21357.0,9.0087,0.4004
21358.0,9.0007,0.4019
21359.0,8.9843,0.3998
21360.0,8.9722,0.3986
21361.0,8.9918,0.4007
21362.0,8.998,0.4006
21363.0,9.0188,0.4002
21364.0,8.9985,0.4019
21365.0,8.9971,0.3981
21366.0,9.0058,0.3994
21367.0,8.9959,0.396
21368.0,9.0122,0.3993
21369.0,9.0297,0.3981
21370.0,9.0329,0.4032
21371.0,9.0015,0.3956
21372.0,9.0051,0.3986
21373.0,9.0237,0.3984
21374.0,8.9978,0.402
21375.0,9.0102,0.3962
21376.0,8.983,0.4
21377.0,8.9953,0.4002
21378.0,9.0173,0.4028
21379.0,8.9892,0.3974
21380.0,8.9981,0.3961
21381.0,8.9764,0.4014
21382.0,9.0301,0.3958
21383.0,9.0189,0.3984
21384.0,9.0028,0.3993
21385.0,9.0076,0.4018
21386.0,9.0059,0.3954
21387.0,9.0208,0.3991
21388.0,8.9922,0.4001
21389.0,9.011,0.3974
21390.0,9.0162,0.3989
21391.0,9.0182,0.4027
21392.0,8.9661,0.3985
21393.0,8.991,0.3989
21394.0,8.9847,0.4027
21395.0,9.0022,0.3993
21396.0,8.9698,0.404
21397.0,8.9693,0.3951
21398.0,9.0326,0.3992
21399.0,9.0093,0.4023
21400.0,9.0018,0.3978
21401.0,9.0055,0.3993
21402.0,9.0022,0.4038
21403.0,9.015,0.3977
21404.0,8.9905,0.4014
21405.0,9.0028,0.4022
21406.0,9.0034,0.4002
21407.0,8.9843,0.4001
21408.0,9.0192,0.3969
21409.0,8.9933,0.4022
21410.0,9.0153,0.3962
21411.0,9.0017,0.4012
21412.0,9.0245,0.3984
21413.0,8.9844,0.3988
21414.0,8.9837,0.3994
21415.0,8.9864,0.4015
21416.0,9.002,0.4047
21417.0,9.0231,0.4003
21418.0,9.0239,0.3978
21419.0,8.9654,0.3957
21420.0,9.0037,0.4035
21421.0,8.9518,0.4005
21422.0,9.0119,0.3993
21423.0,9.0168,0.4002
21424.0,8.9994,0.4023
21425.0,9.0013,0.3988
21426.0,9.0011,0.398
21427.0,8.9882,0.3961
21428.0,9.0065,0.3968
21429.0,8.9965,0.399
21430.0,9.014,0.4032
21431.0,8.9983,0.3985
21432.0,8.9871,0.4008
21433.0,8.977,0.4034
21434.0,8.972,0.4011
21435.0,9.0197,0.4059
21436.0,8.9931,0.4002
21437.0,9.0051,0.3995
21438.0,9.0267,0.3989
21439.0,8.9916,0.406
21440.0,8.9906,0.4037
21441.0,8.998,0.3956
21442.0,9.0004,0.4063
21443.0,9.0283,0.4015
21444.0,9.0235,0.4004
21445.0,9.0093,0.4016
21446.0,9.0217,0.3971
21447.0,8.9973,0.4006
21448.0,9.0045,0.3991
21449.0,8.9955,0.3989
21450.0,8.9806,0.4029
21451.0,9.0181,0.3992
21452.0,9.008,0.4003
21453.0,9.0003,0.401
21454.0,9.0,0.4028
21455.0,8.9774,0.4038
21456.0,8.9853,0.4
21457.0,9.005,0.3989
21458.0,8.9921,0.4057
21459.0,8.9967,0.3923
21460.0,8.9984,0.4026
21461.0,8.9898,0.3996
21462.0,8.9855,0.4017
21463.0,8.9758,0.4001
21464.0,8.9978,0.4038
21465.0,9.0093,0.4013
21466.0,8.9753,0.3957
21467.0,8.9996,0.3956
21468.0,9.0042,0.3994
21469.0,8.9852,0.4018
21470.0,9.0213,0.4039
21471.0,8.9942,0.398
21472.0,8.9985,0.3934
21473.0,8.9976,0.4013
21474.0,8.9734,0.4001
21475.0,9.0151,0.4004
21476.0,8.9857,0.3967
21477.0,8.9965,0.4036
21478.0,9.009,0.3976
21479.0,9.0219,0.4009
21480.0,8.9838,0.4008
21481.0,8.9933,0.4016
21482.0,9.0207,0.3978
21483.0,9.007,0.3972
21484.0,9.0101,0.4026
21485.0,8.9842,0.4017
21486.0,8.9943,0.401
21487.0,8.9975,0.4034
21488.0,8.9871,0.401
21489.0,8.9749,0.3989
21490.0,8.9923,0.4016
21491.0,9.0203,0.4014
21492.0,9.0009,0.4014
21493.0,9.0206,0.3974
21494.0,9.0027,0.3971
21495.0,8.9885,0.4026
21496.0,9.0192,0.3996
21497.0,9.0032,0.3942
21498.0,9.0144,0.3959
21499.0,8.984,0.396
21500.0,9.0156,0.4032
21501.0,9.016,0.3999
21502.0,9.0043,0.4001
21503.0,8.9879,0.3989
21504.0,8.9993,0.3968
21505.0,9.0092,0.4023
21506.0,9.0035,0.402
21507.0,9.009,0.3979
21508.0,9.0152,0.4042
21509.0,8.9903,0.4022
21510.0,8.9827,0.3974
21511.0,8.9994,0.3991
21512.0,8.9951,0.3989
21513.0,9.0118,0.4009
21514.0,8.9839,0.3957
21515.0,9.0153,0.3979
21516.0,9.0203,0.4024
21517.0,9.0,0.3952
21518.0,9.0009,0.3994
21519.0,8.9885,0.3963
21520.0,8.9919,0.4027
21521.0,8.9939,0.401
21522.0,9.0216,0.3956
21523.0,8.9989,0.3969
21524.0,8.9802,0.4
21525.0,9.0038,0.3931
21526.0,9.0124,0.3967
21527.0,8.9996,0.3975
21528.0,9.022,0.4039
21529.0,9.0117,0.3983
21530.0,8.9843,0.402
21531.0,8.9917,0.3986
21532.0,9.0034,0.4022
21533.0,8.975,0.3953
21534.0,9.005,0.3978
21535.0,8.9736,0.3997
21536.0,9.0154,0.4005
21537.0,9.0136,0.401
21538.0,9.0076,0.4006
21539.0,8.9899,0.4015
21540.0,9.0026,0.4
21541.0,8.9923,0.4005
21542.0,8.9845,0.397
21543.0,8.9949,0.3951
21544.0,9.0105,0.3966
21545.0,9.0007,0.3949
21546.0,9.0218,0.4007
21547.0,9.0115,0.4028
21548.0,9.0099,0.3972
21549.0,8.9759,0.403
21550.0,8.9957,0.4014
21551.0,8.984,0.3983
21552.0,8.9973,0.399
21553.0,8.9896,0.4033
21554.0,8.9943,0.393
21555.0,9.0159,0.4033
21556.0,9.0071,0.4027
21557.0,9.0151,0.3982
21558.0,8.976,0.3997
21559.0,9.0009,0.4049
21560.0,9.0145,0.3961
21561.0,9.0226,0.3995
21562.0,8.9768,0.4019
21563.0,8.9947,0.4006
21564.0,9.0155,0.4002
21565.0,8.9971,0.4055
21566.0,8.9863,0.3967
21567.0,8.9768,0.3968
21568.0,8.9858,0.3925
21569.0,8.9747,0.3968
21570.0,9.0009,0.398
21571.0,9.0134,0.401
21572.0,8.9811,0.4029
21573.0,9.0039,0.3971
21574.0,9.0127,0.3996
21575.0,9.0,0.4042
21576.0,8.9758,0.3994
21577.0,9.0058,0.4016
21578.0,8.9992,0.4034
21579.0,8.9977,0.3972
21580.0,8.9918,0.3966
21581.0,9.0013,0.4049
21582.0,9.0076,0.4017
21583.0,9.0359,0.396
21584.0,9.0017,0.3968
21585.0,9.0227,0.3994
21586.0,9.0054,0.4042
21587.0,8.9985,0.4029
21588.0,9.0022,0.4032
21589.0,8.9817,0.3987
21590.0,9.0046,0.4
21591.0,8.9701,0.3976
21592.0,8.9871,0.3988
21593.0,9.0016,0.3966
21594.0,9.0179,0.3974
21595.0,9.0215,0.3978
21596.0,8.9965,0.3996
21597.0,9.0023,0.4013
21598.0,9.0148,0.405
21599.0,8.9801,0.3989
21600.0,9.0061,0.4018
21601.0,8.9876,0.3995
21602.0,8.9974,0.4029
21603.0,8.9931,0.3962
21604.0,9.0065,0.3984
21605.0,9.0083,0.402
21606.0,9.0134,0.4017
21607.0,9.0052,0.4018
21608.0,9.0026,0.4042
21609.0,9.0278,0.3948
21610.0,8.9771,0.3962
21611.0,9.0254,0.4017
21612.0,8.9957,0.4024
21613.0,9.0086,0.402
21614.0,8.9951,0.4081
21615.0,8.9895,0.3973
21616.0,9.0073,0.4011
21617.0,9.0156,0.3998
21618.0,9.0071,0.4019
21619.0,8.9919,0.4011
21620.0,9.0542,0.3984
21621.0,9.018,0.4012
21622.0,9.014,0.4003
21623.0,8.9947,0.4004
21624.0,8.9906,0.4034
21625.0,8.9958,0.4074
21626.0,9.0162,0.3943
21627.0,8.9851,0.4039
21628.0,8.984,0.4019
21629.0,9.0081,0.3978
21630.0,9.0048,0.3989
21631.0,8.9884,0.4026
21632.0,8.9836,0.4002
21633.0,9.0216,0.3999
21634.0,9.0054,0.3979
21635.0,8.9795,0.3977
21636.0,8.9806,0.3971
21637.0,8.9946,0.3985
21638.0,9.011,0.3996
21639.0,9.0089,0.4011
21640.0,9.017,0.3975
21641.0,8.9776,0.4023
21642.0,9.0034,0.3973
21643.0,9.0214,0.4023
21644.0,9.02,0.3974
21645.0,9.0054,0.4061
21646.0,9.0352,0.4019
21647.0,9.0091,0.4025
21648.0,9.0156,0.3995
21649.0,9.0007,0.4018
21650.0,8.9883,0.3962
21651.0,8.9869,0.3971
21652.0,9.0027,0.3991
21653.0,8.9968,0.4046
21654.0,8.9735,0.403
21655.0,8.9846,0.3933
21656.0,8.9952,0.397
21657.0,9.0109,0.3997
21658.0,8.9998,0.4038
21659.0,8.9989,0.4007
21660.0,8.9852,0.3924
21661.0,9.0003,0.3965
21662.0,9.0198,0.4022
21663.0,9.0023,0.4006
21664.0,8.9774,0.4004
21665.0,8.9812,0.4033
21666.0,9.0088,0.399
21667.0,8.9966,0.4021
21668.0,8.9989,0.4049
21669.0,8.9908,0.4007
21670.0,9.0076,0.3973
21671.0,8.9955,0.3987
21672.0,8.9972,0.3973
21673.0,8.9872,0.3933
21674.0,9.0138,0.3976
21675.0,8.9967,0.4019
21676.0,9.0091,0.4
21677.0,8.9821,0.4041
21678.0,9.026,0.4004
21679.0,9.0192,0.4027
21680.0,8.9714,0.3947
21681.0,8.988,0.3987
21682.0,9.0072,0.3992
21683.0,8.9802,0.3975
21684.0,8.998,0.4046
21685.0,9.0064,0.3942
21686.0,8.9972,0.3997
21687.0,9.0081,0.4034
21688.0,8.9896,0.4023
21689.0,8.9663,0.3989
21690.0,9.0147,0.3973
21691.0,9.0146,0.4033
21692.0,9.0376,0.3984
21693.0,8.9669,0.3975
21694.0,9.0113,0.403
21695.0,8.9705,0.4009
21696.0,9.0263,0.3989
21697.0,9.0073,0.401
21698.0,8.9857,0.4013
21699.0,9.0117,0.3998
21700.0,8.9917,0.4005
21701.0,9.0045,0.3935
21702.0,9.0031,0.3997
21703.0,9.0262,0.3981
21704.0,9.0272,0.3976
21705.0,8.991,0.3979
21706.0,9.0159,0.3985
21707.0,9.0053,0.3991
21708.0,8.9788,0.4005
21709.0,8.9896,0.3978
21710.0,9.035,0.4016
21711.0,9.0054,0.4022
21712.0,9.015,0.4022
21713.0,8.9968,0.4028
21714.0,8.9919,0.3983
21715.0,9.0004,0.3992
21716.0,8.996,0.4007
21717.0,8.9776,0.3987
21718.0,8.985,0.3965
21719.0,9.0106,0.3985
21720.0,8.9943,0.4049
21721.0,9.0004,0.3978
21722.0,9.0035,0.3976
21723.0,9.0047,0.3984
21724.0,9.0172,0.4017
21725.0,8.9835,0.401
21726.0,9.0086,0.4021
21727.0,9.0113,0.4076
21728.0,9.0148,0.4025
21729.0,8.9788,0.4027
21730.0,9.0038,0.4086
21731.0,9.0257,0.4015
21732.0,8.9985,0.3988
21733.0,9.0073,0.3991
21734.0,9.0117,0.4032
21735.0,8.9846,0.3962
21736.0,9.0275,0.3942
21737.0,9.0075,0.3975
21738.0,9.0078,0.4025
21739.0,8.9751,0.4018
21740.0,9.0119,0.3995
21741.0,9.0076,0.4032
21742.0,9.0244,0.4018
21743.0,8.9953,0.401
21744.0,8.9852,0.3999
21745.0,8.9898,0.4027
21746.0,8.9924,0.4023
21747.0,8.9832,0.3992
21748.0,9.0194,0.4024
21749.0,9.0199,0.398
21750.0,8.9971,0.4007
21751.0,8.9941,0.4012
21752.0,8.9728,0.399
21753.0,9.0104,0.4004
21754.0,9.0248,0.4018
21755.0,8.9904,0.3968
21756.0,8.9982,0.4006
21757.0,9.0065,0.4066
21758.0,9.0259,0.3975
21759.0,9.003,0.4031
21760.0,9.0029,0.3997
21761.0,9.0027,0.4035
21762.0,8.9786,0.3978
21763.0,8.9783,0.4
21764.0,8.9879,0.4066
21765.0,9.0152,0.3995
21766.0,8.995,0.4019
21767.0,8.9921,0.4018
21768.0,8.9918,0.3939
21769.0,8.9979,0.4013
21770.0,9.0255,0.3963
21771.0,8.9977,0.4019
21772.0,8.9882,0.4004
21773.0,9.0004,0.3967
21774.0,9.0263,0.3964
21775.0,8.9925,0.3998
21776.0,8.9823,0.4074
21777.0,8.9925,0.4049
21778.0,9.0019,0.4011
21779.0,9.0103,0.4015
21780.0,9.0151,0.4018
21781.0,8.9843,0.3984
21782.0,8.9857,0.3979
21783.0,8.9952,0.4026
21784.0,9.0103,0.3982
21785.0,8.9811,0.4043
21786.0,8.9909,0.3959
21787.0,8.9911,0.3973
21788.0,9.0141,0.4042
21789.0,9.0079,0.3991
21790.0,9.0136,0.3996
21791.0,9.0201,0.4019
21792.0,8.9954,0.4035
21793.0,8.9822,0.4018
21794.0,8.9823,0.4009
21795.0,8.9724,0.4024
21796.0,8.9931,0.4012
21797.0,8.9942,0.4033
21798.0,9.0118,0.4086
21799.0,9.0003,0.4015
21800.0,8.9926,0.3974
21801.0,8.9983,0.4031
21802.0,8.9844,0.3996
21803.0,9.0154,0.401
21804.0,8.9882,0.4011
21805.0,8.9829,0.3983
21806.0,9.0123,0.3989
21807.0,9.0086,0.3931
21808.0,8.9741,0.3997
21809.0,9.0128,0.4017
21810.0,8.9889,0.4
21811.0,8.9944,0.3986
21812.0,9.0028,0.4011
21813.0,9.0088,0.3972
21814.0,9.0067,0.3968
21815.0,8.9993,0.4016
21816.0,8.9936,0.4017
21817.0,9.0062,0.4015
21818.0,8.9982,0.3991
21819.0,9.0271,0.4033
21820.0,9.0088,0.3966
21821.0,8.9861,0.3991
21822.0,8.9928,0.4022
21823.0,9.0007,0.4026
21824.0,9.0195,0.3977
21825.0,9.0212,0.4064
21826.0,8.9941,0.3996
21827.0,8.986,0.4003
21828.0,8.9841,0.4029
21829.0,9.0038,0.4047
21830.0,9.0346,0.4002
21831.0,9.0081,0.4035
21832.0,8.9761,0.3986
21833.0,8.9891,0.405
21834.0,8.9906,0.4001
21835.0,8.9877,0.4009
21836.0,8.9942,0.399
21837.0,9.0055,0.4006
21838.0,9.0102,0.3978
21839.0,9.0164,0.3998
21840.0,9.0079,0.4001
21841.0,8.9707,0.3968
21842.0,8.9841,0.3983
21843.0,8.9976,0.3937
21844.0,9.0022,0.3963
21845.0,9.0129,0.4
21846.0,9.0006,0.4029
21847.0,9.0008,0.3989
21848.0,9.0036,0.3999
21849.0,8.9962,0.4035
21850.0,9.0013,0.4025
21851.0,9.0169,0.4025
21852.0,8.9987,0.4004
21853.0,8.9995,0.3985
21854.0,8.9995,0.4012
21855.0,9.0195,0.4038
21856.0,8.9834,0.4054
21857.0,9.0266,0.4072
21858.0,8.9824,0.4046
21859.0,8.9902,0.4001
21860.0,9.0112,0.3964
21861.0,9.0155,0.4018
21862.0,8.9789,0.4033
21863.0,8.9836,0.3923
21864.0,9.0042,0.3956
21865.0,9.0352,0.3986
21866.0,9.0187,0.3977
21867.0,8.9963,0.3952
21868.0,8.9637,0.4011
21869.0,9.0012,0.4037
21870.0,9.0054,0.3994
21871.0,8.9943,0.395
21872.0,8.9872,0.4006
21873.0,9.0024,0.3967
21874.0,8.9859,0.397
21875.0,9.0281,0.4029
21876.0,9.0228,0.4036
21877.0,9.0099,0.3991
21878.0,9.0013,0.4022
21879.0,8.9901,0.3968
21880.0,8.9997,0.4016
21881.0,9.0246,0.3988
21882.0,9.013,0.396
21883.0,9.0031,0.3973
21884.0,9.0139,0.4012
21885.0,9.0082,0.3956
21886.0,9.0059,0.3992
21887.0,9.0147,0.4032
21888.0,9.0078,0.3985
21889.0,9.0129,0.3954
21890.0,9.0024,0.3992
21891.0,8.9962,0.402
21892.0,8.9918,0.3961
21893.0,8.99,0.4036
21894.0,8.9759,0.4023
21895.0,8.9863,0.4011
21896.0,8.9859,0.4017
21897.0,8.9924,0.4004
21898.0,9.0234,0.401
21899.0,8.9976,0.4002
21900.0,9.0036,0.4026
21901.0,9.0041,0.4039
21902.0,9.0238,0.3975
21903.0,8.9914,0.3979
21904.0,8.9967,0.3988
21905.0,8.9984,0.3982
21906.0,9.017,0.4034
21907.0,9.0202,0.3955
21908.0,9.0071,0.4016
21909.0,9.0185,0.4042
21910.0,9.0027,0.3983
21911.0,8.9974,0.4044
21912.0,9.0177,0.4035
21913.0,9.0073,0.399
21914.0,8.989,0.4025
21915.0,9.015,0.3975
21916.0,8.9969,0.3967
21917.0,8.995,0.3986
21918.0,9.0134,0.4041
21919.0,8.9987,0.3986
21920.0,9.0058,0.4001
21921.0,9.0099,0.397
21922.0,8.9883,0.4026
21923.0,9.0058,0.4025
21924.0,9.0202,0.3979
21925.0,8.9857,0.393
21926.0,9.0067,0.3989
21927.0,8.9876,0.4013
21928.0,9.0153,0.4
21929.0,9.0152,0.4002
21930.0,8.9947,0.401
21931.0,9.0331,0.3985
21932.0,9.0166,0.3962
21933.0,9.0106,0.4022
21934.0,9.0098,0.3973
21935.0,9.0148,0.3964
21936.0,8.9851,0.4015
21937.0,9.0029,0.3967
21938.0,9.0057,0.3975
21939.0,8.994,0.4047
21940.0,9.007,0.4048
21941.0,9.0185,0.4036
21942.0,8.9937,0.4023
21943.0,8.9992,0.4035
21944.0,8.9877,0.4059
21945.0,8.9732,0.4033
21946.0,9.0117,0.4008
21947.0,8.9996,0.4026
21948.0,9.0007,0.3986
21949.0,8.9852,0.4004
21950.0,8.9972,0.4006
21951.0,9.0164,0.3996
21952.0,9.0,0.3991
21953.0,9.0004,0.4039
21954.0,9.0031,0.3971
21955.0,8.9815,0.4004
21956.0,9.0094,0.3961
21957.0,8.9812,0.394
21958.0,8.9859,0.4036
21959.0,8.9843,0.4039
21960.0,8.9974,0.3985
21961.0,8.9947,0.4002
21962.0,9.0,0.3991
21963.0,8.9864,0.3991
21964.0,9.0151,0.3985
21965.0,9.0125,0.4014
21966.0,8.9974,0.3989
21967.0,8.9928,0.4012
21968.0,8.9913,0.405
21969.0,8.9953,0.4012
21970.0,8.979,0.4004
21971.0,8.9856,0.3983
21972.0,9.0129,0.4
21973.0,9.0045,0.395
21974.0,9.0245,0.4046
21975.0,8.9955,0.3971
21976.0,8.9946,0.3942
21977.0,8.9939,0.3997
21978.0,8.9952,0.4011
21979.0,8.9901,0.404
21980.0,9.0041,0.4007
21981.0,9.0004,0.4028
21982.0,8.9924,0.4028
21983.0,9.0188,0.4025
21984.0,9.0284,0.3966
21985.0,9.0175,0.4015
21986.0,9.0084,0.3958
21987.0,9.0114,0.406
21988.0,9.0278,0.4021
21989.0,9.0114,0.3981
21990.0,8.9912,0.4011
21991.0,9.0059,0.397
21992.0,9.0094,0.3953
21993.0,8.9851,0.4026
21994.0,8.9957,0.3971
21995.0,9.0165,0.3995
21996.0,8.9726,0.4006
21997.0,8.9812,0.3995
21998.0,8.9974,0.3969
21999.0,9.0053,0.4002
22000.0,7.9256,0.4522
22001.0,7.944,0.4543
22002.0,7.9633,0.4591
22003.0,7.947,0.4458
22004.0,7.96,0.4493
22005.0,7.9371,0.4524
22006.0,7.9338,0.4548
22007.0,7.9587,0.4528
22008.0,7.9515,0.4551
22009.0,7.9282,0.4473
22010.0,7.9339,0.4508
22011.0,7.9694,0.4561
22012.0,7.9321,0.4491
22013.0,7.96,0.443
22014.0,7.9388,0.4493
22015.0,7.9459,0.453
22016.0,7.9504,0.4515
22017.0,7.9144,0.4479
22018.0,7.924,0.4496
22019.0,7.9472,0.4477
22020.0,7.9351,0.4481
22021.0,7.9609,0.4491
22022.0,7.9219,0.452
22023.0,7.9544,0.4446
22024.0,7.9253,0.4558
22025.0,7.9407,0.4514
22026.0,7.93,0.4484
22027.0,7.9745,0.4488
22028.0,7.9259,0.4498
22029.0,7.9441,0.4517
22030.0,8.9741,0.4005
22031.0,9.024,0.3994
22032.0,9.006,0.3977
22033.0,9.0021,0.4
22034.0,9.0221,0.3938
22035.0,9.0022,0.3964
22036.0,9.0033,0.398
22037.0,9.002,0.396
22038.0,9.0085,0.3993
22039.0,8.9926,0.396
22040.0,8.9968,0.4051
22041.0,9.0122,0.3956
22042.0,9.0042,0.4045
22043.0,8.9983,0.394
22044.0,8.979,0.406
22045.0,9.0225,0.4018
22046.0,8.9901,0.4024
22047.0,9.0148,0.3959
22048.0,9.0026,0.399
22049.0,8.9806,0.3992
22050.0,9.0188,0.3997
22051.0,9.0038,0.4038
22052.0,9.02,0.4021
22053.0,8.9973,0.3995
22054.0,9.0106,0.403
22055.0,8.9736,0.4035
22056.0,8.9925,0.3983
22057.0,8.9809,0.3982
22058.0,8.9944,0.4065
22059.0,9.0071,0.3993
22060.0,8.9909,0.3981
22061.0,9.013,0.3995
22062.0,8.9872,0.4032
22063.0,9.0133,0.4022
22064.0,9.0196,0.3996
22065.0,9.0152,0.4018
22066.0,8.9948,0.4008
22067.0,8.9681,0.3996
22068.0,9.0087,0.3991
22069.0,8.9981,0.4004
22070.0,8.9853,0.3988
22071.0,8.9917,0.4002
22072.0,9.0215,0.3999
22073.0,8.9829,0.3956
22074.0,9.007,0.3984
22075.0,9.0033,0.3992
22076.0,8.9946,0.4056
22077.0,9.0097,0.3995
22078.0,9.0245,0.4008
22079.0,8.9956,0.4065
22080.0,8.9964,0.3953
22081.0,9.0093,0.3954
22082.0,9.0138,0.3977
22083.0,8.9981,0.399
22084.0,8.9954,0.3993
22085.0,8.9667,0.3985
22086.0,8.9883,0.3963
22087.0,8.9829,0.4029
22088.0,9.0103,0.3986
22089.0,8.9963,0.4036
22090.0,8.9958,0.3969
22091.0,8.9999,0.4059
22092.0,8.9869,0.395
22093.0,9.0233,0.4
22094.0,9.0195,0.397
22095.0,9.0243,0.4001
22096.0,9.0103,0.3971
22097.0,8.9996,0.3936
22098.0,9.0242,0.3977
22099.0,8.9898,0.4048
22100.0,8.9869,0.397
22101.0,8.991,0.4015
22102.0,9.0078,0.4
22103.0,8.9886,0.3986
22104.0,8.9977,0.4061
22105.0,8.976,0.3991
22106.0,9.0072,0.4005
22107.0,8.9772,0.4003
22108.0,8.986,0.4047
22109.0,9.0183,0.3955
22110.0,9.0177,0.4067
22111.0,9.0056,0.4046
22112.0,9.0041,0.4012
22113.0,8.992,0.4019
22114.0,8.9884,0.3993
22115.0,8.9946,0.4005
22116.0,8.9773,0.4013
22117.0,9.0038,0.3973
22118.0,9.0007,0.4046
22119.0,8.986,0.4007
22120.0,9.0235,0.4004
22121.0,9.0091,0.3974
22122.0,9.0104,0.4035
22123.0,8.9927,0.3999
22124.0,9.0,0.3984
22125.0,9.0094,0.3967
22126.0,9.0023,0.3995
22127.0,9.024,0.3965
22128.0,8.9969,0.401
22129.0,8.9924,0.4023
22130.0,9.0095,0.3988
22131.0,8.981,0.4007
22132.0,9.0139,0.4037
22133.0,8.9805,0.3995
22134.0,9.0096,0.3997
22135.0,8.9903,0.4
22136.0,9.0071,0.3987
22137.0,9.0136,0.3989
22138.0,9.0023,0.3977
22139.0,8.982,0.4013
22140.0,8.9865,0.3998
22141.0,8.9891,0.4018
22142.0,8.9716,0.4031
22143.0,9.0169,0.3968
22144.0,9.0017,0.3975
22145.0,8.983,0.4021
22146.0,9.0218,0.3992
22147.0,8.9895,0.4002
22148.0,9.0038,0.4003
22149.0,8.9876,0.3972
22150.0,8.9697,0.4015
22151.0,8.9795,0.4007
22152.0,8.9933,0.397
22153.0,9.0135,0.3995
22154.0,9.0052,0.3997
22155.0,9.0021,0.4022
22156.0,8.9698,0.4035
22157.0,9.0191,0.4
22158.0,9.0034,0.395
22159.0,8.9982,0.4022
22160.0,9.017,0.4066
22161.0,9.0187,0.4022
22162.0,9.0173,0.3992
22163.0,8.9963,0.4012
22164.0,8.9849,0.4024
22165.0,9.0148,0.4003
22166.0,8.9795,0.4039
22167.0,9.0292,0.3966
22168.0,9.0004,0.3988
22169.0,8.9841,0.4014
22170.0,8.9815,0.4021
22171.0,8.9808,0.3984
22172.0,9.0021,0.3986
22173.0,8.9999,0.398
22174.0,8.9815,0.3978
22175.0,8.9947,0.4016
22176.0,8.9795,0.3999
22177.0,9.0088,0.4039
22178.0,8.9992,0.3967
22179.0,8.9943,0.3995
22180.0,8.9807,0.4022
22181.0,8.9955,0.401
22182.0,8.9938,0.3967
22183.0,9.0048,0.4035
22184.0,9.0025,0.4003
22185.0,9.0119,0.4058
22186.0,8.9927,0.3996
22187.0,8.9721,0.4035
22188.0,9.0149,0.3989
22189.0,8.986,0.3993
22190.0,8.9834,0.4015
22191.0,8.9994,0.3949
22192.0,9.0045,0.3939
22193.0,8.992,0.398
22194.0,8.9919,0.3961
22195.0,8.9941,0.3932
22196.0,9.0212,0.4022
22197.0,9.0,0.3976
22198.0,8.9855,0.399
22199.0,8.9856,0.4004
22200.0,8.9962,0.4015
22201.0,9.0036,0.4008
22202.0,9.0073,0.4006
22203.0,9.0019,0.4014
22204.0,8.9874,0.3985
22205.0,8.9936,0.3979
22206.0,9.011,0.393
22207.0,8.9828,0.4019
22208.0,8.993,0.3979
22209.0,9.009,0.406
22210.0,9.0131,0.4022
22211.0,8.9971,0.4029
22212.0,8.9938,0.4021
22213.0,8.9802,0.4016
22214.0,9.0079,0.4014
22215.0,9.0198,0.4017
22216.0,9.0385,0.4005
22217.0,9.0058,0.3982
22218.0,8.9992,0.3965
22219.0,8.9862,0.4013
22220.0,8.9718,0.4039
22221.0,9.0027,0.3996
22222.0,9.0353,0.4005
22223.0,9.0191,0.396
22224.0,9.0167,0.3986
22225.0,9.0037,0.3963
22226.0,9.0054,0.3965
22227.0,8.9636,0.4003
22228.0,9.0114,0.3998
22229.0,8.9913,0.4024
22230.0,8.9895,0.4023
22231.0,8.9952,0.3974
22232.0,8.9946,0.3942
22233.0,8.9892,0.3972
22234.0,9.0002,0.3979
22235.0,8.9916,0.4017
22236.0,9.0015,0.4018
22237.0,8.9777,0.3999
22238.0,8.9968,0.4022
22239.0,8.9836,0.4077
22240.0,8.9904,0.3996
22241.0,9.0022,0.3993
22242.0,8.9759,0.3975
22243.0,8.9877,0.401
22244.0,9.0085,0.4034
22245.0,8.9788,0.3985
22246.0,9.0267,0.3988
22247.0,9.0181,0.3984
22248.0,8.9926,0.3965
22249.0,8.9882,0.4004
22250.0,9.003,0.4005
22251.0,8.9783,0.3999
22252.0,8.97,0.4055
22253.0,8.9931,0.4012
22254.0,8.998,0.3967
22255.0,9.0014,0.4019
22256.0,8.9908,0.399
22257.0,9.0191,0.399
22258.0,8.9776,0.3995
22259.0,8.9829,0.3991
22260.0,9.0073,0.4008
22261.0,8.9826,0.4063
22262.0,8.982,0.3989
22263.0,9.0019,0.4003
22264.0,8.9842,0.4007
22265.0,8.998,0.3985
22266.0,8.9895,0.3988
22267.0,8.9871,0.403
22268.0,8.9685,0.3985
22269.0,9.0021,0.3973
22270.0,8.9813,0.4053
22271.0,8.9975,0.3964
22272.0,8.9923,0.4027
22273.0,8.9969,0.3994
22274.0,8.9978,0.3964
22275.0,9.0029,0.3989
22276.0,8.9891,0.3993
22277.0,9.0186,0.3951
22278.0,8.9723,0.4013
22279.0,8.9966,0.401
22280.0,9.0125,0.399
22281.0,9.0072,0.4014
22282.0,8.9854,0.4006
22283.0,8.9879,0.4039
22284.0,8.9849,0.3968
22285.0,9.009,0.3991
22286.0,8.9889,0.403
22287.0,9.0038,0.4016
22288.0,9.004,0.3931
22289.0,9.0355,0.395
22290.0,9.0047,0.4
22291.0,8.9878,0.4049
22292.0,8.9781,0.3987
22293.0,8.9959,0.4019
22294.0,8.9982,0.4002
22295.0,8.9668,0.4017
22296.0,8.9893,0.4032
22297.0,9.0045,0.4028
22298.0,8.992,0.4027
22299.0,9.0145,0.3982
22300.0,8.9766,0.3995
22301.0,9.0102,0.4016
22302.0,9.0137,0.4014
22303.0,9.0143,0.4018
22304.0,8.9765,0.3947
22305.0,9.0047,0.4036
22306.0,8.99,0.3949
22307.0,8.9789,0.3977
22308.0,8.9938,0.4006
22309.0,8.9864,0.3999
22310.0,9.0138,0.4043
22311.0,9.0077,0.3965
22312.0,8.9827,0.3989
22313.0,8.9891,0.3941
22314.0,8.9943,0.4004
22315.0,8.9989,0.3994
22316.0,9.0151,0.3963
22317.0,9.0104,0.4039
22318.0,9.0008,0.4032
22319.0,8.9961,0.4002
22320.0,8.9734,0.4034
22321.0,9.0194,0.3997
22322.0,8.9933,0.4021
22323.0,9.0233,0.4026
22324.0,9.0029,0.3968
22325.0,9.0304,0.4013
22326.0,9.0091,0.4005
22327.0,8.9785,0.3969
22328.0,8.9908,0.3962
22329.0,8.9975,0.4015
22330.0,8.9869,0.3992
22331.0,8.9943,0.3956
22332.0,8.9795,0.4017
22333.0,9.0001,0.4028
22334.0,9.0036,0.3965
22335.0,8.9849,0.4
22336.0,9.0291,0.4046
22337.0,9.001,0.3973
22338.0,8.9877,0.4051
22339.0,8.9756,0.399
22340.0,9.0009,0.3998
22341.0,8.9961,0.3958
22342.0,9.0117,0.3959
22343.0,8.9978,0.398
22344.0,8.9821,0.4027
22345.0,9.0251,0.407
22346.0,9.0065,0.4078
22347.0,8.9962,0.3996
22348.0,9.0025,0.3989
22349.0,9.0071,0.397
22350.0,8.9786,0.4033
22351.0,9.0024,0.3978
22352.0,8.9932,0.3993
22353.0,9.0076,0.4015
22354.0,8.9889,0.4014
22355.0,8.9909,0.3982
22356.0,9.0249,0.3997
22357.0,9.0185,0.3982
22358.0,8.9506,0.3975
22359.0,9.0174,0.3969
22360.0,8.9989,0.3956
22361.0,8.9894,0.4011
22362.0,8.9849,0.3993
22363.0,8.9858,0.3966
22364.0,8.9898,0.3963
22365.0,8.9831,0.3963
22366.0,8.9797,0.3982
22367.0,8.9844,0.4034
22368.0,9.0049,0.398
22369.0,9.0008,0.4017
22370.0,9.0083,0.4047
22371.0,8.999,0.4005
22372.0,8.9804,0.3977
22373.0,9.0074,0.3997
22374.0,8.9849,0.3999
22375.0,9.0097,0.4052
22376.0,8.9825,0.3948
22377.0,8.9897,0.4033
22378.0,8.9946,0.3948
22379.0,9.0101,0.4024
22380.0,9.0026,0.3988
22381.0,9.0003,0.4055
22382.0,9.0283,0.402
22383.0,8.9724,0.4017
22384.0,8.9844,0.3972
22385.0,8.9838,0.4054
22386.0,8.9734,0.4084
22387.0,8.9892,0.406
22388.0,9.0103,0.397
22389.0,8.9911,0.3994
22390.0,8.995,0.3964
22391.0,8.9742,0.3982
22392.0,8.9881,0.4009
22393.0,8.9931,0.4022
22394.0,9.0096,0.4016
22395.0,8.9749,0.3948
22396.0,8.9932,0.3999
22397.0,9.0163,0.4016
22398.0,8.9933,0.4028
22399.0,8.9683,0.4013
22400.0,9.0192,0.4015
22401.0,9.011,0.3993
22402.0,9.013,0.4008
22403.0,8.9738,0.4078
22404.0,9.0227,0.4036
22405.0,8.9884,0.4011
22406.0,8.9924,0.4022
22407.0,8.9895,0.4002
22408.0,9.0142,0.4002
22409.0,8.9973,0.4029
22410.0,9.0072,0.3982
22411.0,9.0011,0.3996
22412.0,8.9986,0.3959
22413.0,8.9858,0.4023
22414.0,9.0272,0.4032
22415.0,8.978,0.4018
22416.0,9.0062,0.3993
22417.0,9.0056,0.3999
22418.0,9.0173,0.4004
22419.0,9.0208,0.4033
22420.0,8.9979,0.4031
22421.0,9.008,0.3957
22422.0,9.0265,0.3974
22423.0,8.999,0.4013
22424.0,8.984,0.396
22425.0,8.9942,0.4028
22426.0,8.9804,0.3992
22427.0,9.0056,0.4021
22428.0,9.016,0.4001
22429.0,8.9982,0.3997
22430.0,8.9757,0.3967
22431.0,9.0153,0.3984
22432.0,8.9734,0.3997
22433.0,8.9768,0.3996
22434.0,8.9973,0.4022
22435.0,9.0038,0.3981
22436.0,9.0063,0.3999
22437.0,8.999,0.4045
22438.0,9.0264,0.4025
22439.0,9.001,0.4003
22440.0,9.0155,0.3956
22441.0,9.0118,0.3959
22442.0,8.9806,0.4019
22443.0,8.9975,0.4022
22444.0,9.0318,0.3942
22445.0,8.9924,0.4021
22446.0,8.9899,0.3983
22447.0,9.0026,0.3988
22448.0,8.993,0.4027
22449.0,8.9881,0.4022
22450.0,8.9928,0.3997
22451.0,9.0215,0.4021
22452.0,8.998,0.3989
22453.0,8.9801,0.3976
22454.0,8.9773,0.4038
22455.0,9.0331,0.404
22456.0,8.9966,0.3981
22457.0,9.0065,0.3984
22458.0,8.9884,0.4027
22459.0,9.0048,0.3979
22460.0,9.0219,0.4024
22461.0,8.9902,0.3969
22462.0,9.0069,0.3991
22463.0,8.9789,0.4029
22464.0,9.0303,0.3971
22465.0,9.004,0.3982
22466.0,8.9938,0.4011
22467.0,8.9955,0.3946
22468.0,8.9923,0.4002
22469.0,8.9931,0.4035
22470.0,8.9633,0.4026
22471.0,8.9985,0.3999
22472.0,8.9979,0.4001
22473.0,9.0073,0.4045
22474.0,8.9922,0.4041
22475.0,8.9884,0.3997
22476.0,8.9999,0.3981
22477.0,8.9758,0.4026
22478.0,9.0022,0.4034
22479.0,8.9721,0.4041
22480.0,9.0168,0.4018
22481.0,9.0103,0.3989
22482.0,8.9861,0.395
22483.0,9.0099,0.4058
22484.0,9.0017,0.4048
22485.0,8.9849,0.3977
22486.0,8.9697,0.4006
22487.0,9.0047,0.3993
22488.0,8.9881,0.4002
22489.0,9.0164,0.3988
22490.0,9.0002,0.4021
22491.0,8.9895,0.3966
22492.0,9.027,0.3988
22493.0,9.0086,0.4026
22494.0,8.9452,0.3941
22495.0,8.9927,0.4009
22496.0,8.9792,0.3984
22497.0,8.988,0.4048
22498.0,8.9978,0.401
22499.0,9.0053,0.3976
22500.0,9.0039,0.4044
22501.0,9.0162,0.4001
22502.0,9.0095,0.4004
22503.0,9.0086,0.4027
22504.0,9.003,0.3982
22505.0,9.0193,0.4043
22506.0,8.9953,0.4017
22507.0,8.9956,0.3981
22508.0,8.9714,0.3987
22509.0,9.0158,0.3962
22510.0,8.9988,0.4009
22511.0,9.044,0.3995
22512.0,8.9939,0.4009
22513.0,9.0013,0.3949
22514.0,9.0082,0.3984
22515.0,8.9835,0.3971
22516.0,9.0054,0.4015
22517.0,9.0005,0.3982
22518.0,8.9954,0.4014
22519.0,9.0176,0.3984
22520.0,8.9864,0.4049
22521.0,9.0041,0.4002
22522.0,9.0218,0.4027
22523.0,8.9894,0.3997
22524.0,8.9955,0.4028
22525.0,9.0352,0.3977
22526.0,9.0071,0.3999
22527.0,8.9924,0.3986
22528.0,9.012,0.4056
22529.0,8.9915,0.3964
22530.0,8.9765,0.4062
22531.0,9.0206,0.3959
22532.0,8.9835,0.4022
22533.0,9.0368,0.3981
22534.0,8.9927,0.4008
22535.0,9.032,0.3995
22536.0,8.9795,0.3975
22537.0,9.0154,0.4002
22538.0,9.0075,0.3987
22539.0,9.0126,0.4017
22540.0,9.0145,0.397
22541.0,8.9925,0.4014
22542.0,8.9804,0.4026
22543.0,8.9992,0.3997
22544.0,9.0033,0.396
22545.0,8.9929,0.4052
22546.0,9.0042,0.4014
22547.0,9.0049,0.3978
22548.0,8.9863,0.4015
22549.0,9.0059,0.395
22550.0,8.996,0.4035
22551.0,8.9895,0.4064
22552.0,9.0118,0.4025
22553.0,8.9883,0.397
22554.0,8.9931,0.394
22555.0,9.0011,0.4041
22556.0,9.0206,0.3996
22557.0,9.0029,0.3988
22558.0,9.0079,0.4035
22559.0,8.9955,0.3982
22560.0,8.9988,0.4023
22561.0,8.9993,0.4001
22562.0,9.0044,0.4007
22563.0,8.9956,0.4049
22564.0,9.0201,0.3985
22565.0,8.9944,0.3983
22566.0,8.9744,0.3994
22567.0,9.0411,0.3964
22568.0,8.9951,0.4028
22569.0,9.0197,0.4024
22570.0,9.0211,0.4
22571.0,9.0142,0.3972
22572.0,8.997,0.3918
22573.0,9.0043,0.3975
22574.0,8.9809,0.3993
22575.0,9.0299,0.3943
22576.0,8.9872,0.4075
22577.0,8.9962,0.4012
22578.0,9.0015,0.4016
22579.0,8.9984,0.3996
22580.0,8.9901,0.4022
22581.0,9.0209,0.3991
22582.0,9.0143,0.3995
22583.0,9.0048,0.4042
22584.0,8.994,0.4033
22585.0,9.016,0.4
22586.0,8.993,0.4061
22587.0,9.0236,0.3998
22588.0,9.0017,0.3985
22589.0,9.0184,0.4004
22590.0,8.9983,0.4009
22591.0,9.0011,0.3964
22592.0,9.0184,0.4015
22593.0,9.0329,0.4063
22594.0,9.0234,0.4029
22595.0,9.0132,0.402
22596.0,9.0088,0.4014
22597.0,8.9924,0.397
22598.0,9.0044,0.397
22599.0,8.9863,0.4005
22600.0,9.0056,0.3987
22601.0,9.0066,0.3957
22602.0,8.9706,0.3989
22603.0,9.0006,0.4014
22604.0,9.0062,0.4017
22605.0,8.9987,0.3975
22606.0,9.0054,0.3999
22607.0,8.9799,0.4012
22608.0,8.9884,0.3962
22609.0,9.0155,0.3977
22610.0,9.0,0.4
22611.0,9.0051,0.3973
22612.0,8.9918,0.399
22613.0,9.0003,0.4075
22614.0,8.9655,0.3955
22615.0,9.0127,0.4043
22616.0,9.0271,0.401
22617.0,8.984,0.3963
22618.0,8.9859,0.402
22619.0,9.0066,0.4001
22620.0,9.0221,0.4036
22621.0,9.0,0.402
22622.0,8.9816,0.4006
22623.0,8.9969,0.3991
22624.0,8.9846,0.4035
22625.0,8.99,0.3988
22626.0,8.9954,0.3958
22627.0,8.9861,0.3943
22628.0,8.9883,0.3963
22629.0,9.0011,0.4024
22630.0,9.0032,0.3989
22631.0,8.9786,0.3977
22632.0,9.0059,0.3987
22633.0,8.9943,0.4025
22634.0,9.0108,0.4019
22635.0,9.0117,0.4005
22636.0,8.9918,0.3982
22637.0,9.0092,0.3988
22638.0,8.9874,0.3996
22639.0,9.0199,0.3973
22640.0,8.988,0.3997
22641.0,9.0053,0.3972
22642.0,8.9972,0.4011
22643.0,8.9847,0.4014
22644.0,9.0135,0.4034
22645.0,8.9908,0.4008
22646.0,8.9745,0.4007
22647.0,8.9568,0.3975
22648.0,8.9869,0.3999
22649.0,9.0206,0.3969
22650.0,9.0189,0.3949
22651.0,8.9892,0.3992
22652.0,8.9944,0.3985
22653.0,8.993,0.4018
22654.0,8.98,0.3971
22655.0,8.9858,0.4084
22656.0,9.0147,0.3986
22657.0,9.0076,0.3998
22658.0,9.0041,0.3983
22659.0,8.98,0.4023
22660.0,9.0015,0.3994
22661.0,8.9654,0.3971
22662.0,9.0126,0.3945
22663.0,9.0039,0.4017
22664.0,8.9798,0.4019
22665.0,9.0242,0.401
22666.0,8.9731,0.3994
22667.0,9.008,0.399
22668.0,9.0083,0.4023
22669.0,8.9814,0.3997
22670.0,8.9994,0.4034
22671.0,8.9754,0.3997
22672.0,8.9573,0.3996
22673.0,8.984,0.4011
22674.0,8.9908,0.4042
22675.0,9.0097,0.4035
22676.0,9.001,0.3999
22677.0,9.0014,0.3989
22678.0,8.9848,0.3964
22679.0,8.992,0.4021
22680.0,8.9861,0.3946
22681.0,8.9816,0.4051
22682.0,8.9911,0.4025
22683.0,9.0011,0.3978
22684.0,8.9914,0.4037
22685.0,8.9951,0.4016
22686.0,9.0104,0.4014
22687.0,8.9925,0.3992
22688.0,8.98,0.4017
22689.0,9.0085,0.3957
22690.0,9.004,0.4002
22691.0,9.0049,0.398
22692.0,9.0094,0.3991
22693.0,9.0068,0.3979
22694.0,9.0004,0.3981
22695.0,9.0359,0.4039
22696.0,8.9807,0.3957
22697.0,8.9912,0.4012
22698.0,9.0145,0.3966
22699.0,9.0021,0.404
22700.0,9.0114,0.4013
22701.0,9.0025,0.3958
22702.0,9.0206,0.401
22703.0,8.9849,0.3979
22704.0,9.0201,0.4007
22705.0,9.0176,0.396
22706.0,8.9818,0.4037
22707.0,9.0095,0.394
22708.0,8.9994,0.3976
22709.0,8.9909,0.3968
22710.0,8.9717,0.4011
22711.0,8.9848,0.3985
22712.0,9.0106,0.3994
22713.0,9.0122,0.3981
22714.0,8.9968,0.3959
22715.0,9.0123,0.3993
22716.0,9.0142,0.3961
22717.0,9.0023,0.3945
22718.0,8.9892,0.4019
22719.0,9.0066,0.3963
22720.0,9.0073,0.4044
22721.0,9.0101,0.4043
22722.0,9.013,0.4027
22723.0,8.9796,0.3966
22724.0,8.9924,0.4064
22725.0,8.9715,0.3929
22726.0,9.0112,0.3974
22727.0,8.9968,0.4025
22728.0,9.0065,0.4023
22729.0,8.9779,0.3978
22730.0,9.021,0.3976
22731.0,8.9821,0.3994
22732.0,9.0116,0.3997
22733.0,9.0018,0.3986
22734.0,8.9972,0.405
22735.0,8.9959,0.3979
22736.0,8.9904,0.4044
22737.0,9.0194,0.4012
22738.0,9.0002,0.4031
22739.0,8.981,0.3955
22740.0,8.9942,0.4031
22741.0,9.0019,0.403
22742.0,9.0135,0.398
22743.0,8.9909,0.4025
22744.0,8.9919,0.3956
22745.0,9.0004,0.3986
22746.0,9.0131,0.4035
22747.0,8.9795,0.3995
22748.0,9.0076,0.3992
22749.0,8.993,0.4042
22750.0,8.9951,0.3941
22751.0,9.03,0.3995
22752.0,8.9971,0.3998
22753.0,9.0113,0.3976
22754.0,9.0108,0.4041
22755.0,8.9823,0.3973
22756.0,8.9723,0.3973
22757.0,9.0123,0.3926
22758.0,8.9837,0.4033
22759.0,8.975,0.399
22760.0,9.0154,0.399
22761.0,8.9847,0.3994
22762.0,8.9884,0.4036
22763.0,9.0296,0.4048
22764.0,8.9751,0.3948
22765.0,8.9812,0.3986
22766.0,8.9931,0.3966
22767.0,8.9964,0.3993
22768.0,8.9866,0.3997
22769.0,8.9826,0.3948
22770.0,9.0226,0.4011
22771.0,9.0039,0.3987
22772.0,9.0088,0.4023
22773.0,8.9979,0.4001
22774.0,9.0043,0.3949
22775.0,9.014,0.4018
22776.0,8.9851,0.396
22777.0,9.004,0.3963
22778.0,9.0104,0.399
22779.0,9.0232,0.3991
22780.0,9.0292,0.3947
22781.0,9.001,0.3996
22782.0,9.0171,0.3997
22783.0,8.9599,0.3996
22784.0,9.0233,0.3949
22785.0,8.9891,0.4004
22786.0,8.9964,0.4019
22787.0,9.0066,0.396
22788.0,8.9977,0.3968
22789.0,9.0029,0.4024
22790.0,9.0238,0.4047
22791.0,8.9942,0.3995
22792.0,8.9837,0.3987
22793.0,9.0272,0.4006
22794.0,9.0079,0.4041
22795.0,9.0288,0.3974
22796.0,9.013,0.3985
22797.0,8.9801,0.3985
22798.0,9.0097,0.3957
22799.0,8.9852,0.4026
22800.0,9.0001,0.4008
22801.0,8.9989,0.3939
22802.0,8.9757,0.4
22803.0,8.9878,0.405
22804.0,9.0331,0.4008
22805.0,9.0036,0.4048
22806.0,8.9974,0.3983
22807.0,9.0272,0.4029
22808.0,8.9941,0.4039
22809.0,8.9986,0.3998
22810.0,9.0149,0.3988
22811.0,8.994,0.4033
22812.0,8.9888,0.4016
22813.0,8.9662,0.4029
22814.0,8.986,0.4012
22815.0,8.9858,0.3998
22816.0,9.0024,0.3997
22817.0,8.9908,0.3989
22818.0,9.0324,0.4012
22819.0,8.9841,0.3995
22820.0,9.021,0.4008
22821.0,9.0033,0.3976
22822.0,9.0121,0.3974
22823.0,9.0112,0.4018
22824.0,8.9667,0.4012
22825.0,8.9998,0.3987
22826.0,8.9961,0.4041
22827.0,8.983,0.3975
22828.0,9.0069,0.4013
22829.0,9.0257,0.4014
22830.0,8.9599,0.4002
22831.0,8.992,0.4038
22832.0,8.9813,0.4049
22833.0,9.0011,0.3965
22834.0,8.9951,0.3932
22835.0,8.9909,0.3985
22836.0,9.0103,0.3971
22837.0,9.0245,0.3987
22838.0,9.0399,0.4055
22839.0,8.9889,0.4081
22840.0,8.9727,0.3972
22841.0,9.0084,0.4007
22842.0,9.0242,0.4006
22843.0,9.0122,0.401
22844.0,9.0241,0.3959
22845.0,8.9966,0.4037
22846.0,8.9909,0.4027
22847.0,9.0017,0.3986
22848.0,8.995,0.4037
22849.0,9.0099,0.3957
22850.0,9.0145,0.3949
22851.0,9.0157,0.4008
22852.0,9.0077,0.4013
22853.0,9.0037,0.3995
22854.0,9.0119,0.4033
22855.0,8.9706,0.398
22856.0,9.0032,0.4036
22857.0,9.0008,0.4024
22858.0,9.0032,0.4056
22859.0,8.9987,0.3947
22860.0,9.0065,0.3985
22861.0,8.9914,0.3973
22862.0,9.0169,0.4023
22863.0,9.0071,0.4047
22864.0,9.0023,0.3989
22865.0,8.9895,0.4018
22866.0,9.0122,0.4043
22867.0,9.0031,0.401
22868.0,8.9887,0.4021
22869.0,8.9992,0.3941
22870.0,9.0094,0.4047
22871.0,9.0083,0.3991
22872.0,9.0073,0.408
22873.0,9.0014,0.3974
22874.0,9.0154,0.4014
22875.0,9.0186,0.4025
22876.0,9.0111,0.3925
22877.0,8.9912,0.4053
22878.0,8.9841,0.4022
22879.0,8.9918,0.3955
22880.0,9.0293,0.4011
22881.0,9.0042,0.4011
22882.0,9.0319,0.3996
22883.0,8.9982,0.3982
22884.0,8.9961,0.3998
22885.0,8.9989,0.4026
22886.0,8.9986,0.4025
22887.0,8.9884,0.4
22888.0,8.9828,0.4007
22889.0,9.0075,0.3996
22890.0,9.0158,0.3971
22891.0,9.0367,0.3998
22892.0,8.9935,0.3978
22893.0,8.9947,0.397
22894.0,8.9884,0.3927
22895.0,9.0169,0.3988
22896.0,9.0122,0.4024
22897.0,8.9868,0.4037
22898.0,8.9865,0.4013
22899.0,9.0143,0.3961
22900.0,9.0057,0.3995
22901.0,9.0114,0.3965
22902.0,8.9868,0.4057
22903.0,8.9718,0.3988
22904.0,8.9869,0.3985
22905.0,9.0103,0.4028
22906.0,9.0317,0.3999
22907.0,8.9936,0.4032
22908.0,9.0341,0.3966
22909.0,9.0124,0.4003
22910.0,8.9791,0.4015
22911.0,9.0032,0.3921
22912.0,9.013,0.398
22913.0,8.9636,0.3982
22914.0,9.0097,0.4002
22915.0,9.0176,0.3991
22916.0,9.006,0.4009
22917.0,8.9991,0.3993
22918.0,8.9974,0.4034
22919.0,8.9965,0.4063
22920.0,8.9824,0.3955
22921.0,8.9897,0.4001
22922.0,8.9938,0.4033
22923.0,9.0017,0.3979
22924.0,8.9916,0.4008
22925.0,8.987,0.3989
22926.0,9.0114,0.397
22927.0,9.0056,0.3969
22928.0,8.9919,0.3926
22929.0,9.0076,0.4005
22930.0,8.9932,0.4007
22931.0,9.0009,0.3971
22932.0,9.0146,0.3992
22933.0,8.9909,0.3957
22934.0,8.9824,0.4016
22935.0,8.9978,0.3988
22936.0,8.9795,0.4023
22937.0,8.9958,0.399
22938.0,8.9958,0.397
22939.0,8.963,0.3984
22940.0,9.008,0.4045
22941.0,8.9973,0.4063
22942.0,9.0177,0.3955
22943.0,9.0032,0.4027
22944.0,9.011,0.3967
22945.0,9.0179,0.3977
22946.0,8.998,0.4006
22947.0,9.0,0.4015
22948.0,8.9764,0.3978
22949.0,9.0186,0.4018
22950.0,8.9978,0.4036
22951.0,8.9849,0.4022
22952.0,9.0111,0.3971
22953.0,8.9673,0.3987
22954.0,8.9936,0.4026
22955.0,9.0136,0.4047
22956.0,8.9934,0.3962
22957.0,8.9892,0.4009
22958.0,8.9938,0.4022
22959.0,8.9699,0.3958
22960.0,9.0107,0.4031
22961.0,8.9982,0.4063
22962.0,8.9959,0.402
22963.0,8.996,0.4017
22964.0,9.0002,0.3977
22965.0,9.0098,0.3985
22966.0,8.9992,0.3981
22967.0,8.9796,0.3973
22968.0,9.0086,0.3993
22969.0,9.0075,0.4009
22970.0,9.0031,0.3974
22971.0,9.0161,0.399
22972.0,9.0005,0.401
22973.0,9.0167,0.3936
22974.0,9.0211,0.4028
22975.0,9.0087,0.4006
22976.0,8.9888,0.4007
22977.0,8.998,0.4035
22978.0,9.0186,0.4028
22979.0,8.9775,0.4018
22980.0,8.9941,0.4008
22981.0,8.9949,0.4
22982.0,8.987,0.3983
22983.0,9.0131,0.3971
22984.0,9.0057,0.4012
22985.0,8.9893,0.4012
22986.0,9.0091,0.4004
22987.0,8.9976,0.396
22988.0,8.9866,0.392
22989.0,8.9893,0.4002
22990.0,9.0065,0.3945
22991.0,9.0141,0.401
22992.0,8.9927,0.4058
22993.0,9.0082,0.401
22994.0,9.0237,0.3987
22995.0,8.9811,0.3969
22996.0,9.0053,0.3983
22997.0,9.0125,0.3999
22998.0,8.9986,0.4032
22999.0,9.0186,0.4004
23000.0,9.033,0.3991
23001.0,9.0052,0.402
23002.0,8.9965,0.4044
23003.0,9.0147,0.4009
23004.0,9.0126,0.4006
23005.0,8.9622,0.395
23006.0,9.0,0.3959
23007.0,8.9941,0.3955
23008.0,9.006,0.3994
23009.0,8.9971,0.3975
23010.0,8.9987,0.3985
23011.0,8.9871,0.3975
23012.0,9.011,0.3977
23013.0,9.0248,0.3944
23014.0,8.9873,0.4007
23015.0,8.979,0.4021
23016.0,9.0003,0.4002
23017.0,8.9996,0.4011
23018.0,9.0176,0.4014
23019.0,8.9816,0.4013
23020.0,8.9919,0.4025
23021.0,8.9678,0.4036
23022.0,9.0206,0.4047
23023.0,9.0038,0.3942
23024.0,8.993,0.4014
23025.0,8.9802,0.3964
23026.0,8.9815,0.4042
23027.0,9.0062,0.4002
23028.0,8.9834,0.4008
23029.0,9.0016,0.4004
23030.0,9.0306,0.4006
23031.0,8.9948,0.4049
23032.0,8.9856,0.4037
23033.0,9.0057,0.4048
23034.0,8.9816,0.3994
23035.0,9.0258,0.3936
23036.0,9.0211,0.4022
23037.0,8.9975,0.3967
23038.0,8.9865,0.3989
23039.0,8.9936,0.3998
23040.0,8.9956,0.4
23041.0,9.0058,0.4019
23042.0,9.0156,0.3972
23043.0,8.9845,0.4019
23044.0,9.0152,0.3994
23045.0,9.0093,0.4078
23046.0,8.9924,0.3952
23047.0,8.9837,0.4004
23048.0,9.0017,0.4018
23049.0,8.9841,0.3988
23050.0,9.0154,0.3983
23051.0,8.9831,0.404
23052.0,9.0082,0.4025
23053.0,8.9988,0.3976
23054.0,8.9916,0.3956
23055.0,8.9985,0.4018
23056.0,9.0162,0.401
23057.0,8.9821,0.4017
23058.0,8.9938,0.3996
23059.0,8.9887,0.4026
23060.0,8.9994,0.4048
23061.0,8.9897,0.4046
23062.0,8.9735,0.3975
23063.0,8.9842,0.4075
23064.0,9.0246,0.402
23065.0,9.0037,0.3957
23066.0,9.0032,0.4013
23067.0,8.9958,0.4007
23068.0,8.9992,0.3997
23069.0,8.9936,0.3994
23070.0,9.0079,0.4021
23071.0,9.0015,0.4021
23072.0,8.9824,0.3982
23073.0,9.0038,0.3984
23074.0,8.9631,0.3983
23075.0,9.0062,0.3995
23076.0,8.9789,0.4027
23077.0,8.9986,0.4036
23078.0,8.9821,0.3994
23079.0,9.0,0.4033
23080.0,9.0087,0.4013
23081.0,9.0225,0.4004
23082.0,8.9769,0.4056
23083.0,9.0146,0.401
23084.0,9.002,0.3996
23085.0,8.9932,0.4025
23086.0,9.0114,0.3963
23087.0,8.9965,0.3993
23088.0,9.0108,0.4008
23089.0,8.9851,0.4022
23090.0,8.9905,0.4007
23091.0,9.0142,0.3961
23092.0,9.0223,0.3973
23093.0,8.9995,0.3987
23094.0,8.9582,0.4007
23095.0,8.997,0.3961
23096.0,9.0005,0.4042
23097.0,8.9965,0.4009
23098.0,9.005,0.4009
23099.0,8.9928,0.3995
23100.0,9.0126,0.3957
23101.0,8.9825,0.4003
23102.0,9.0186,0.4022
23103.0,9.0233,0.3995
23104.0,8.9863,0.4032
23105.0,8.9863,0.3998
23106.0,9.0062,0.4021
23107.0,8.9822,0.3997
23108.0,8.9926,0.4011
23109.0,9.0165,0.4026
23110.0,9.0111,0.3968
23111.0,9.0297,0.4019
23112.0,9.0026,0.4032
23113.0,8.9908,0.4066
23114.0,9.0008,0.4002
23115.0,8.9977,0.3937
23116.0,8.998,0.3947
23117.0,8.9996,0.3973
23118.0,8.986,0.4038
23119.0,9.0042,0.4066
23120.0,8.9789,0.3988
23121.0,8.9892,0.4002
23122.0,8.9982,0.3923
23123.0,8.9661,0.402
23124.0,9.0115,0.4004
23125.0,8.9692,0.3992
23126.0,9.01,0.3971
23127.0,8.9806,0.3989
23128.0,8.9939,0.396
23129.0,9.0078,0.3974
23130.0,9.033,0.3962
23131.0,9.0017,0.3969
23132.0,8.9703,0.3965
23133.0,9.0143,0.4017
23134.0,8.9965,0.3966
23135.0,9.001,0.3998
23136.0,9.0084,0.3967
23137.0,8.9666,0.3968
23138.0,9.0001,0.3967
23139.0,8.9939,0.4029
23140.0,9.0183,0.3995
23141.0,9.0109,0.3978
23142.0,8.9756,0.397
23143.0,9.0189,0.396
23144.0,9.0067,0.3978
23145.0,8.9768,0.3957
23146.0,9.0008,0.3987
23147.0,9.0155,0.3979
23148.0,8.9818,0.3977
23149.0,9.0207,0.4037
23150.0,8.9773,0.3993
23151.0,8.9881,0.3995
23152.0,8.9859,0.4038
23153.0,9.0207,0.3959
23154.0,8.9926,0.3985
23155.0,8.9826,0.3954
23156.0,9.0067,0.4002
23157.0,9.0099,0.4018
23158.0,9.01,0.3927
23159.0,8.9959,0.4026
23160.0,9.0038,0.4009
23161.0,8.9902,0.4001
23162.0,9.0251,0.3963
23163.0,9.0172,0.4023
23164.0,9.0162,0.405
23165.0,9.0119,0.3988
23166.0,9.0078,0.399
23167.0,8.9813,0.4001
23168.0,9.0095,0.3988
23169.0,9.0017,0.3995
23170.0,9.019,0.4031
23171.0,9.0121,0.3998
23172.0,9.0083,0.4009
23173.0,8.9747,0.4061
23174.0,8.9987,0.4044
23175.0,8.9916,0.3969
23176.0,9.0038,0.4052
23177.0,8.9938,0.4041
23178.0,8.9959,0.4045
23179.0,9.0069,0.3981
23180.0,8.9935,0.4006
23181.0,9.0018,0.3988
23182.0,8.9772,0.4004
23183.0,8.9875,0.4053
23184.0,9.0098,0.4004
23185.0,8.9815,0.3948
23186.0,9.0187,0.3989
23187.0,9.0146,0.398
23188.0,8.996,0.4054
23189.0,9.045,0.3976
23190.0,9.0186,0.3988
23191.0,8.9858,0.3989
23192.0,9.0112,0.4048
23193.0,9.001,0.4029
23194.0,8.9883,0.4017
23195.0,8.984,0.4007
23196.0,9.0149,0.4006
23197.0,8.991,0.4002
23198.0,8.9985,0.4062
23199.0,8.9862,0.3962
23200.0,8.9888,0.3917
23201.0,8.9981,0.4013
23202.0,9.0058,0.4042
23203.0,8.9612,0.4006
23204.0,9.0003,0.3941
23205.0,8.9888,0.4022
23206.0,9.021,0.3968
23207.0,9.0441,0.3961
23208.0,8.9946,0.3971
23209.0,8.9742,0.3952
23210.0,9.0018,0.4006
23211.0,8.9969,0.3981
23212.0,9.0296,0.396
23213.0,9.025,0.4071
23214.0,9.013,0.3984
23215.0,8.9912,0.4002
23216.0,9.0102,0.4047
23217.0,9.004,0.402
23218.0,9.0036,0.4057
23219.0,8.9766,0.3979
23220.0,9.0159,0.4031
23221.0,9.0016,0.4015
23222.0,8.9985,0.403
23223.0,8.991,0.4025
23224.0,8.9881,0.3977
23225.0,9.0048,0.4085
23226.0,8.9738,0.3932
23227.0,9.0118,0.3974
23228.0,8.9842,0.402
23229.0,8.9691,0.4009
23230.0,9.0273,0.4004
23231.0,8.9871,0.4021
23232.0,8.9892,0.3975
23233.0,9.017,0.4025
23234.0,9.0278,0.3996
23235.0,8.977,0.4042
23236.0,8.9857,0.3991
23237.0,8.9868,0.4014
23238.0,9.014,0.4019
23239.0,9.0246,0.4027
23240.0,8.9838,0.4001
23241.0,9.0212,0.3991
23242.0,8.9894,0.3977
23243.0,9.005,0.4015
23244.0,8.9809,0.3943
23245.0,8.9982,0.4009
23246.0,8.9983,0.4011
23247.0,8.9953,0.4056
23248.0,9.0058,0.398
23249.0,8.9849,0.4006
23250.0,8.9867,0.4005
23251.0,9.0066,0.3967
23252.0,9.0201,0.4
23253.0,8.9997,0.396
23254.0,9.0076,0.4029
23255.0,9.0114,0.4018
23256.0,9.0125,0.4013
23257.0,8.9857,0.3981
23258.0,8.9883,0.4043
23259.0,8.9896,0.3967
23260.0,9.0289,0.4002
23261.0,9.0076,0.3965
23262.0,9.0069,0.3995
23263.0,9.0055,0.4038
23264.0,8.9802,0.4014
23265.0,9.0291,0.3972
23266.0,9.0072,0.3984
23267.0,9.0108,0.3989
23268.0,8.9735,0.3975
23269.0,9.0117,0.4008
23270.0,8.9947,0.4066
23271.0,8.9802,0.3983
23272.0,8.9857,0.4058
23273.0,8.981,0.4
23274.0,8.9808,0.401
23275.0,9.0009,0.4008
23276.0,8.9942,0.3949
23277.0,9.005,0.4014
23278.0,9.0251,0.3927
23279.0,8.9981,0.4006
23280.0,8.9663,0.4005
23281.0,8.9964,0.3954
23282.0,9.0179,0.4002
23283.0,8.9987,0.3991
23284.0,9.0229,0.3995
23285.0,9.0068,0.3996
23286.0,8.9724,0.3982
23287.0,9.0016,0.4002
23288.0,9.0045,0.4026
23289.0,9.0162,0.3993
23290.0,9.0273,0.3998
23291.0,9.0136,0.4019
23292.0,9.0066,0.4068
23293.0,9.0101,0.3994
23294.0,8.9975,0.3949
23295.0,8.9781,0.3973
23296.0,9.0006,0.4018
23297.0,9.0055,0.4045
23298.0,8.9819,0.3972
23299.0,9.0199,0.3999
23300.0,9.0151,0.4001
23301.0,8.9794,0.3977
23302.0,9.0205,0.4046
23303.0,8.9954,0.4035
23304.0,8.9883,0.401
23305.0,9.0162,0.3987
23306.0,8.9992,0.4029
23307.0,9.0285,0.4015
23308.0,8.9872,0.3987
23309.0,8.974,0.4029
23310.0,8.9958,0.4011
23311.0,9.0118,0.395
23312.0,8.9861,0.397
23313.0,8.98,0.396
23314.0,9.0034,0.4031
23315.0,8.978,0.3979
23316.0,9.0046,0.4019
23317.0,8.9949,0.4065
23318.0,9.0074,0.4024
23319.0,8.9792,0.3987
23320.0,9.0195,0.3978
23321.0,8.9973,0.3991
23322.0,9.0115,0.3969
23323.0,9.0144,0.3966
23324.0,8.9826,0.3976
23325.0,9.0132,0.4016
23326.0,8.9786,0.3984
23327.0,8.9794,0.3993
23328.0,9.0295,0.4014
23329.0,9.0167,0.4022
23330.0,9.0311,0.3942
23331.0,8.9944,0.3948
23332.0,9.0015,0.3988
23333.0,9.0079,0.3967
23334.0,8.9998,0.4026
23335.0,8.9888,0.3986
23336.0,8.9866,0.4054
23337.0,9.0032,0.3985
23338.0,8.984,0.4009
23339.0,8.9836,0.398
23340.0,9.0059,0.4015
23341.0,8.9986,0.4015
23342.0,9.0141,0.4027
23343.0,8.9936,0.3996
23344.0,8.9913,0.4038
23345.0,9.0064,0.4009
23346.0,8.9878,0.3981
23347.0,8.9901,0.3981
23348.0,8.9907,0.4022
23349.0,8.9969,0.4038
23350.0,9.0266,0.3966
23351.0,8.9793,0.4023
23352.0,9.0194,0.3955
23353.0,9.0111,0.3981
23354.0,9.0235,0.4015
23355.0,9.0471,0.3975
23356.0,9.0215,0.4044
23357.0,9.0139,0.4018
23358.0,8.9803,0.3965
23359.0,8.9822,0.402
23360.0,9.0054,0.396
23361.0,8.9745,0.4
23362.0,9.0092,0.4026
23363.0,8.968,0.4021
23364.0,9.0173,0.3997
23365.0,8.9952,0.399
23366.0,9.0019,0.3965
23367.0,8.9888,0.4005
23368.0,8.9715,0.4024
23369.0,9.0185,0.4062
23370.0,9.02,0.3986
23371.0,8.9947,0.4025
23372.0,9.0099,0.4023
23373.0,8.9941,0.3986
23374.0,9.0043,0.4022
23375.0,9.0114,0.3976
23376.0,9.0083,0.4008
23377.0,9.0201,0.3994
23378.0,9.0078,0.4013
23379.0,9.0004,0.4016
23380.0,8.9886,0.3984
23381.0,8.9928,0.4
23382.0,9.0122,0.3996
23383.0,8.9775,0.3967
23384.0,9.0166,0.3989
23385.0,8.9958,0.3983
23386.0,8.9877,0.3966
23387.0,8.9835,0.3976
23388.0,9.0101,0.3992
23389.0,8.9998,0.4002
23390.0,9.0238,0.3963
23391.0,8.9811,0.4036
23392.0,8.9913,0.4018
23393.0,8.9986,0.3997
23394.0,8.9887,0.3963
23395.0,9.0001,0.3994
23396.0,9.0048,0.3992
23397.0,9.0073,0.3968
23398.0,9.0226,0.3965
23399.0,8.9804,0.4023
23400.0,9.0051,0.399
23401.0,8.9903,0.4027
23402.0,9.0065,0.4
23403.0,9.0065,0.4023
23404.0,8.9852,0.4022
23405.0,8.9865,0.4014
23406.0,9.0077,0.4035
23407.0,9.0004,0.4003
23408.0,8.9967,0.3955
23409.0,9.0099,0.396
23410.0,9.011,0.398
23411.0,8.9921,0.4022
23412.0,8.9872,0.3988
23413.0,8.9811,0.4006
23414.0,9.0005,0.4016
23415.0,8.9787,0.4005
23416.0,9.0015,0.3931
23417.0,9.0183,0.3964
23418.0,8.9947,0.4053
23419.0,8.992,0.401
23420.0,9.03,0.3919
23421.0,9.0226,0.4002
23422.0,8.9885,0.4054
23423.0,9.0021,0.4008
23424.0,9.0049,0.4001
23425.0,9.0031,0.3945
23426.0,9.0272,0.3992
23427.0,9.0013,0.3951
23428.0,9.0036,0.3963
23429.0,9.0103,0.3956
23430.0,9.0178,0.4052
23431.0,9.0141,0.4022
23432.0,9.0081,0.4042
23433.0,8.9766,0.396
23434.0,8.9927,0.4006
23435.0,9.0123,0.397
23436.0,9.0038,0.3973
23437.0,9.0124,0.4014
23438.0,9.0283,0.4005
23439.0,8.9823,0.4009
23440.0,9.0171,0.3962
23441.0,8.995,0.4004
23442.0,9.014,0.401
23443.0,8.9994,0.398
23444.0,9.0319,0.3992
23445.0,9.002,0.3951
23446.0,8.9904,0.3935
23447.0,9.0063,0.406
23448.0,9.0049,0.4006
23449.0,9.0171,0.3989
23450.0,9.0067,0.4024
23451.0,9.0371,0.3974
23452.0,8.9983,0.4003
23453.0,8.9985,0.4033
23454.0,8.9909,0.3967
23455.0,9.0013,0.3985
23456.0,9.0035,0.3959
23457.0,9.0042,0.4025
23458.0,9.001,0.4006
23459.0,8.9909,0.4035
23460.0,8.9868,0.4025
23461.0,8.9944,0.3992
23462.0,9.0171,0.4012
23463.0,9.0204,0.4013
23464.0,8.9988,0.4022
23465.0,8.9859,0.4044
23466.0,8.9988,0.3967
23467.0,9.0314,0.3944
23468.0,9.015,0.3968
23469.0,9.0083,0.4014
23470.0,9.0144,0.4012
23471.0,9.0231,0.3983
23472.0,8.9827,0.3992
23473.0,8.9941,0.3975
23474.0,8.9921,0.3997
23475.0,9.0088,0.3979
23476.0,9.0024,0.4049
23477.0,9.0113,0.404
23478.0,8.9924,0.4022
23479.0,9.0206,0.4001
23480.0,8.999,0.4034
23481.0,9.0104,0.4003
23482.0,9.0179,0.4005
23483.0,9.0167,0.3948
23484.0,9.0054,0.4008
23485.0,9.0123,0.3961
23486.0,9.0261,0.3988
23487.0,9.0077,0.4005
23488.0,8.9891,0.3973
23489.0,9.0087,0.4014
23490.0,8.9994,0.4032
23491.0,8.9648,0.3973
23492.0,9.0069,0.4004
23493.0,9.0017,0.3963
23494.0,9.0173,0.3965
23495.0,8.9887,0.4009
23496.0,8.9774,0.4021
23497.0,9.0025,0.3955
23498.0,9.0057,0.4061
23499.0,9.0014,0.3985
23500.0,9.0003,0.4006
23501.0,8.984,0.3984
23502.0,8.9979,0.3991
23503.0,8.9948,0.4046
23504.0,9.0161,0.4045
23505.0,9.0057,0.395
23506.0,8.9958,0.3983
23507.0,9.0259,0.4089
23508.0,8.996,0.3987
23509.0,9.0084,0.4013
23510.0,8.9975,0.4034
23511.0,9.0245,0.4026
23512.0,9.0013,0.3915
23513.0,9.0017,0.401
23514.0,8.9979,0.4052
23515.0,9.0029,0.4001
23516.0,9.018,0.3969
23517.0,9.0127,0.3969
23518.0,9.0004,0.3994
23519.0,9.0255,0.402
23520.0,9.0131,0.4087
23521.0,8.9934,0.3991
23522.0,8.9793,0.4017
23523.0,8.9938,0.3954
23524.0,9.0062,0.3949
23525.0,9.009,0.3985
23526.0,9.0204,0.4013
23527.0,8.9836,0.3997
23528.0,8.9934,0.4002
23529.0,8.9823,0.3992
23530.0,8.9799,0.3999
23531.0,8.9906,0.3991
23532.0,9.0055,0.396
23533.0,9.0116,0.3955
23534.0,8.9858,0.4041
23535.0,8.9879,0.3975
23536.0,8.9733,0.3993
23537.0,9.0032,0.4036
23538.0,8.989,0.3992
23539.0,9.0249,0.4026
23540.0,9.0061,0.3973
23541.0,8.9974,0.4047
23542.0,8.9904,0.4007
23543.0,8.9776,0.3999
23544.0,8.9795,0.3995
23545.0,8.9907,0.4023
23546.0,8.9895,0.4007
23547.0,8.985,0.3904
23548.0,9.0057,0.3987
23549.0,9.0077,0.401
23550.0,8.9931,0.3971
23551.0,9.029,0.3985
23552.0,8.9738,0.3988
23553.0,9.0009,0.4048
23554.0,8.9967,0.4018
23555.0,8.9917,0.401
23556.0,8.9895,0.3965
23557.0,8.9999,0.3979
23558.0,8.9966,0.4026
23559.0,8.9941,0.402
23560.0,8.9805,0.3957
23561.0,8.9757,0.4042
23562.0,8.9957,0.3974
23563.0,8.994,0.4011
23564.0,8.997,0.4082
23565.0,8.9984,0.3987
23566.0,8.9922,0.4005
23567.0,8.9968,0.3983
23568.0,8.9872,0.4005
23569.0,9.0229,0.4043
23570.0,8.988,0.3994
23571.0,8.9944,0.3991
23572.0,8.9891,0.4033
23573.0,8.9889,0.3962
23574.0,9.0004,0.4002
23575.0,8.9985,0.3978
23576.0,8.9931,0.3993
23577.0,8.9957,0.3973
23578.0,8.9892,0.3957
23579.0,9.006,0.3934
23580.0,9.0308,0.3986
23581.0,8.9869,0.4007
23582.0,9.0059,0.4024
23583.0,9.0007,0.396
23584.0,9.01,0.4005
23585.0,9.0105,0.4017
23586.0,9.0031,0.4011
23587.0,8.9994,0.4008
23588.0,8.9935,0.3935
23589.0,8.9885,0.3996
23590.0,8.9985,0.3998
23591.0,8.9807,0.4016
23592.0,8.9911,0.4042
23593.0,9.0166,0.3992
23594.0,9.0015,0.399
23595.0,9.0134,0.4004
23596.0,9.022,0.4001
23597.0,8.9973,0.4013
23598.0,9.0031,0.4016
23599.0,8.9955,0.3995
23600.0,8.9878,0.4015
23601.0,8.9857,0.3993
23602.0,9.0126,0.3956
23603.0,9.0031,0.3965
23604.0,9.0277,0.393
23605.0,9.0146,0.405
23606.0,8.989,0.4039
23607.0,9.0126,0.4031
23608.0,8.9954,0.3994
23609.0,9.0183,0.4029
23610.0,8.9927,0.4027
23611.0,8.9842,0.3956
23612.0,8.9881,0.3976
23613.0,8.9888,0.4016
23614.0,8.9874,0.3985
23615.0,8.9914,0.3979
23616.0,9.0129,0.4025
23617.0,9.0269,0.3975
23618.0,8.98,0.4074
23619.0,9.019,0.4048
23620.0,8.9928,0.3994
23621.0,9.0052,0.4037
23622.0,8.9752,0.4006
23623.0,9.0079,0.3988
23624.0,8.9699,0.4059
23625.0,9.0047,0.4012
23626.0,9.0039,0.3973
23627.0,9.0029,0.4014
23628.0,8.989,0.405
23629.0,9.0082,0.4
23630.0,9.0059,0.4006
23631.0,8.9969,0.3991
23632.0,9.0101,0.4011
23633.0,8.9986,0.3971
23634.0,9.0079,0.3976
23635.0,8.9981,0.399
23636.0,9.0033,0.4005
23637.0,9.0086,0.4033
23638.0,8.994,0.3996
23639.0,8.9815,0.4025
23640.0,9.0041,0.3987
23641.0,9.0178,0.4018
23642.0,9.0045,0.4036
23643.0,9.0048,0.3997
23644.0,8.9994,0.4011
23645.0,9.0111,0.3982
23646.0,8.9972,0.4018
23647.0,8.9932,0.3916
23648.0,9.0166,0.3951
23649.0,8.992,0.4017
23650.0,9.0133,0.3951
23651.0,9.0166,0.3985
23652.0,9.0085,0.4042
23653.0,8.9813,0.4026
23654.0,9.0004,0.4072
23655.0,8.997,0.4002
23656.0,8.9926,0.3998
23657.0,9.0021,0.4
23658.0,9.0115,0.3972
23659.0,8.9931,0.3994
23660.0,8.9974,0.3962
23661.0,8.9964,0.4035
23662.0,9.0175,0.4022
23663.0,8.9961,0.3965
23664.0,8.9815,0.398
23665.0,8.9764,0.4012
23666.0,9.0054,0.4008
23667.0,8.9886,0.3969
23668.0,9.01,0.4002
23669.0,8.98,0.4017
23670.0,8.9919,0.4018
23671.0,8.98,0.4051
23672.0,9.0065,0.4008
23673.0,9.0097,0.3963
23674.0,9.0051,0.3968
23675.0,8.9837,0.4038
23676.0,8.9888,0.4048
23677.0,9.0035,0.3999
23678.0,8.9747,0.4011
23679.0,8.9964,0.4003
23680.0,9.0228,0.3991
23681.0,8.9973,0.3955
23682.0,8.9777,0.4014
23683.0,8.9909,0.4053
23684.0,8.9905,0.4005
23685.0,9.0321,0.3991
23686.0,9.025,0.3987
23687.0,9.011,0.4015
23688.0,8.9949,0.4035
23689.0,9.018,0.4016
23690.0,8.983,0.3944
23691.0,9.0161,0.4052
23692.0,9.0139,0.4025
23693.0,8.9977,0.3995
23694.0,9.0171,0.3984
23695.0,8.9933,0.3987
23696.0,8.981,0.4026
23697.0,9.0147,0.3941
23698.0,8.9987,0.4015
23699.0,9.009,0.4008
23700.0,9.0273,0.4008
23701.0,8.9892,0.3965
23702.0,8.9978,0.3949
23703.0,9.0235,0.4067
23704.0,9.01,0.4004
23705.0,8.9895,0.4058
23706.0,8.9857,0.4027
23707.0,8.9921,0.4003
23708.0,8.9889,0.4007
23709.0,9.0036,0.4032
23710.0,9.0012,0.4036
23711.0,9.0042,0.4014
23712.0,8.9874,0.4033
23713.0,8.9989,0.4034
23714.0,8.9692,0.401
23715.0,9.0022,0.3982
23716.0,9.0176,0.4015
23717.0,8.9786,0.3978
23718.0,9.0073,0.3989
23719.0,8.9908,0.4012
23720.0,9.012,0.3998
23721.0,9.0024,0.4039
23722.0,9.0061,0.398
23723.0,9.001,0.3936
23724.0,9.0199,0.4039
23725.0,9.0052,0.4001
23726.0,8.9894,0.4003
23727.0,9.0015,0.3976
23728.0,8.9945,0.3943
23729.0,9.0024,0.3975
23730.0,8.9937,0.4017
23731.0,8.9898,0.3994
23732.0,9.003,0.399
23733.0,9.0008,0.3949
23734.0,9.016,0.4054
23735.0,8.9938,0.3998
23736.0,8.9703,0.407
23737.0,8.9945,0.4011
23738.0,8.9756,0.4047
23739.0,9.0062,0.3978
23740.0,8.9749,0.3955
23741.0,8.9852,0.3994
23742.0,8.9946,0.4017
23743.0,9.0232,0.402
23744.0,8.9839,0.4012
23745.0,9.0002,0.4069
23746.0,9.0087,0.4012
23747.0,9.0223,0.3991
23748.0,9.0117,0.3993
23749.0,9.0164,0.3976
23750.0,9.013,0.4009
23751.0,8.9819,0.4032
23752.0,9.0054,0.4042
23753.0,9.0127,0.3991
23754.0,8.9857,0.3998
23755.0,8.9913,0.3981
23756.0,8.988,0.4029
23757.0,9.0116,0.3963
23758.0,8.999,0.3978
23759.0,8.9952,0.3875
23760.0,8.9808,0.3965
23761.0,8.999,0.3982
23762.0,8.9915,0.3985
23763.0,9.0037,0.3961
23764.0,8.9829,0.3966
23765.0,9.0027,0.4038
23766.0,8.9934,0.3977
23767.0,8.9813,0.3946
23768.0,8.9801,0.3969
23769.0,8.9823,0.3969
23770.0,8.9969,0.3998
23771.0,9.0018,0.4011
23772.0,9.004,0.3959
23773.0,9.0046,0.4009
23774.0,8.9886,0.4042
23775.0,9.0159,0.403
23776.0,8.9934,0.4017
23777.0,9.0068,0.4012
23778.0,8.9975,0.399
23779.0,9.0056,0.4043
23780.0,8.9968,0.4013
23781.0,9.0059,0.3976
23782.0,8.9999,0.3995
23783.0,9.0122,0.398
23784.0,8.9877,0.3996
23785.0,8.9735,0.4036
23786.0,8.9854,0.3995
23787.0,9.016,0.3976
23788.0,8.9977,0.4031
23789.0,9.0014,0.4038
23790.0,8.9842,0.3976
23791.0,9.001,0.4044
23792.0,8.9847,0.4029
23793.0,8.9869,0.3983
23794.0,8.994,0.4037
23795.0,9.0067,0.3963
23796.0,9.0083,0.3986
23797.0,9.0087,0.3967
23798.0,8.9762,0.3971
23799.0,8.9999,0.4026
23800.0,8.997,0.4
23801.0,8.977,0.3967
23802.0,9.0002,0.3982
23803.0,8.9962,0.398
23804.0,9.0077,0.4008
23805.0,9.0012,0.4068
23806.0,8.9918,0.4006
23807.0,9.0139,0.4008
23808.0,8.9667,0.4046
23809.0,8.999,0.3984
23810.0,8.9736,0.404
23811.0,8.9863,0.3987
23812.0,9.0079,0.3989
23813.0,8.9809,0.399
23814.0,8.9786,0.3997
23815.0,9.0357,0.3995
23816.0,8.9796,0.4011
23817.0,9.0248,0.3987
23818.0,8.9974,0.4003
23819.0,8.9921,0.3952
23820.0,9.0085,0.4023
23821.0,9.02,0.4034
23822.0,8.9828,0.4007
23823.0,8.9923,0.4022
23824.0,9.0127,0.3975
23825.0,9.0043,0.4046
23826.0,9.0165,0.4006
23827.0,9.0077,0.3952
23828.0,9.0271,0.4036
23829.0,9.0027,0.4022
23830.0,9.0033,0.4056
23831.0,9.0048,0.405
23832.0,8.9979,0.404
23833.0,9.0127,0.4014
23834.0,9.0036,0.4021
23835.0,9.0118,0.3968
23836.0,9.0142,0.3992
23837.0,9.0064,0.409
23838.0,9.0075,0.3948
23839.0,8.9848,0.4009
23840.0,8.9917,0.3999
23841.0,9.0127,0.4026
23842.0,9.0214,0.4006
23843.0,8.9709,0.4036
23844.0,8.9915,0.4
23845.0,9.0004,0.4023
23846.0,8.9868,0.4011
23847.0,8.9877,0.3991
23848.0,9.0071,0.3987
23849.0,9.0237,0.4038
23850.0,8.9695,0.4019
23851.0,8.9974,0.403
23852.0,9.0069,0.4038
23853.0,9.0117,0.3984
23854.0,9.0048,0.3992
23855.0,9.0264,0.399
23856.0,9.0004,0.4031
23857.0,9.0197,0.4003
23858.0,8.9903,0.4005
23859.0,9.0009,0.3968
23860.0,8.9818,0.4025
23861.0,9.0135,0.4026
23862.0,8.9982,0.4017
23863.0,9.0054,0.4005
23864.0,8.9953,0.4031
23865.0,9.0088,0.3999
23866.0,9.006,0.4043
23867.0,8.9851,0.4021
23868.0,8.9859,0.3962
23869.0,8.9996,0.3996
23870.0,9.0099,0.401
23871.0,9.0279,0.3979
23872.0,9.0045,0.4032
23873.0,9.0151,0.3941
23874.0,8.9758,0.4024
23875.0,9.0302,0.4021
23876.0,9.0091,0.394
23877.0,8.9993,0.4003
23878.0,8.9975,0.3987
23879.0,8.9834,0.4043
23880.0,8.9877,0.3975
23881.0,9.0287,0.4024
23882.0,8.9852,0.403
23883.0,8.9849,0.3988
23884.0,8.9895,0.4039
23885.0,8.982,0.3988
23886.0,9.0002,0.404
23887.0,9.0163,0.4078
23888.0,8.9908,0.4028
23889.0,8.9794,0.4018
23890.0,9.0044,0.3986
23891.0,8.9992,0.4056
23892.0,9.015,0.4027
23893.0,8.9932,0.3986
23894.0,8.9961,0.4045
23895.0,8.9978,0.4003
23896.0,9.0013,0.402
23897.0,8.9941,0.3988
23898.0,8.9917,0.3972
23899.0,8.9722,0.3973
23900.0,8.9915,0.3989
23901.0,9.0107,0.4015
23902.0,9.0128,0.3991
23903.0,8.9929,0.3976
23904.0,9.0195,0.3971
23905.0,8.9996,0.4038
23906.0,8.9799,0.3996
23907.0,8.9752,0.3941
23908.0,9.0183,0.4
23909.0,8.9944,0.3988
23910.0,8.9818,0.4006
23911.0,8.9661,0.3983
23912.0,8.9941,0.4039
23913.0,9.0061,0.3995
23914.0,8.9895,0.3994
23915.0,8.9842,0.3991
23916.0,8.9918,0.4014
23917.0,9.0186,0.4012
23918.0,8.9791,0.3988
23919.0,8.9904,0.4001
23920.0,9.0182,0.3992
23921.0,9.0074,0.4025
23922.0,9.0027,0.3961
23923.0,8.9903,0.399
23924.0,9.0005,0.3994
23925.0,8.9919,0.4042
23926.0,8.9871,0.4035
23927.0,8.9838,0.4012
23928.0,9.0118,0.397
23929.0,8.9991,0.4002
23930.0,9.0047,0.4056
23931.0,9.0023,0.3996
23932.0,9.0066,0.4004
23933.0,8.9962,0.4006
23934.0,8.9928,0.3975
23935.0,8.9878,0.3976
23936.0,8.9788,0.3976
23937.0,8.9832,0.3991
23938.0,8.9945,0.4013
23939.0,8.976,0.4005
23940.0,8.9793,0.4015
23941.0,9.0156,0.4065
23942.0,9.0034,0.4078
23943.0,8.9932,0.4003
23944.0,9.0341,0.4028
23945.0,8.9753,0.402
23946.0,9.0146,0.4032
23947.0,8.9983,0.4031
23948.0,9.0118,0.3984
23949.0,9.0016,0.4059
23950.0,8.9719,0.4046
23951.0,9.0014,0.4029
23952.0,9.005,0.4021
23953.0,8.9671,0.4012
23954.0,9.0292,0.4006
23955.0,9.0047,0.4024
23956.0,9.0101,0.4008
23957.0,8.9825,0.4011
23958.0,9.0104,0.4001
23959.0,9.0163,0.3996
23960.0,9.0038,0.4057
23961.0,8.9999,0.4006
23962.0,8.9866,0.3991
23963.0,8.9968,0.4009
23964.0,8.9923,0.3968
23965.0,9.0086,0.4032
23966.0,8.9873,0.4004
23967.0,9.0085,0.3994
23968.0,8.9874,0.3991
23969.0,8.9961,0.3956
23970.0,9.0092,0.4059
23971.0,8.9894,0.401
23972.0,9.0098,0.4058
23973.0,9.0083,0.3996
23974.0,8.9959,0.4018
23975.0,9.0174,0.4026
23976.0,9.0012,0.4019
23977.0,9.0165,0.399
23978.0,9.0269,0.3951
23979.0,8.9964,0.4072
23980.0,9.0097,0.3982
23981.0,8.9904,0.408
23982.0,8.9845,0.3986
23983.0,8.9971,0.4045
23984.0,8.9796,0.4022
23985.0,8.9859,0.4023
23986.0,9.0089,0.3985
23987.0,8.9923,0.3992
23988.0,9.0107,0.3992
23989.0,9.0045,0.4008
23990.0,9.0278,0.3997
23991.0,9.0079,0.3988
23992.0,9.0167,0.3976
23993.0,9.006,0.3978
23994.0,9.0047,0.4016
23995.0,9.0175,0.3979
23996.0,9.01,0.3967
23997.0,9.0032,0.4004
23998.0,9.0031,0.3935
23999.0,9.0081,0.4
24000.0,8.9899,0.4002
24001.0,8.9893,0.4017
24002.0,9.0214,0.401
24003.0,9.028,0.3962
24004.0,8.9861,0.3994
24005.0,8.99,0.402
24006.0,9.0171,0.4013
24007.0,9.008,0.3977
24008.0,9.0101,0.4012
24009.0,9.0134,0.4027
24010.0,8.9964,0.3971
24011.0,9.0049,0.3941
24012.0,9.0038,0.4053
24013.0,8.9871,0.4009
24014.0,9.0047,0.3986
24015.0,9.0186,0.3985
24016.0,8.995,0.4004
24017.0,9.0023,0.4031
24018.0,9.0031,0.3955
24019.0,8.9957,0.3988
24020.0,9.0102,0.405
24021.0,8.9898,0.4025
24022.0,9.02,0.4022
24023.0,9.0094,0.4012
24024.0,8.9859,0.4009
24025.0,9.0255,0.3986
24026.0,9.0025,0.3983
24027.0,8.9892,0.4024
24028.0,9.0166,0.3984
24029.0,9.0074,0.4009
24030.0,8.9734,0.4005
24031.0,8.9921,0.4066
24032.0,9.0042,0.3995
24033.0,8.9676,0.4035
24034.0,9.0013,0.4021
24035.0,9.0024,0.3996
24036.0,8.9822,0.3963
24037.0,9.0041,0.3998
24038.0,9.0001,0.4027
24039.0,8.9821,0.3963
24040.0,9.0138,0.4025
24041.0,9.0126,0.404
24042.0,8.9957,0.4003
24043.0,8.997,0.4027
24044.0,9.0109,0.4004
24045.0,8.997,0.4017
24046.0,8.971,0.4045
24047.0,9.0073,0.3953
24048.0,8.9878,0.3977
24049.0,8.9942,0.4038
24050.0,9.0219,0.4043
24051.0,8.998,0.3958
24052.0,9.0,0.4047
24053.0,9.0076,0.3923
24054.0,9.0076,0.4019
24055.0,8.9862,0.4007
24056.0,8.9991,0.3978
24057.0,9.0005,0.398
24058.0,9.0041,0.3981
24059.0,9.0043,0.3994
24060.0,9.0388,0.406
24061.0,8.9824,0.4025
24062.0,9.0147,0.4043
24063.0,9.0178,0.399
24064.0,9.0074,0.4007
24065.0,8.9902,0.3968
24066.0,9.025,0.3992
24067.0,8.9671,0.3983
24068.0,8.9898,0.4015
24069.0,9.0176,0.3979
24070.0,8.9944,0.3975
24071.0,9.0239,0.4012
24072.0,8.9773,0.3998
24073.0,8.9833,0.3979
24074.0,8.992,0.3975
24075.0,9.0063,0.3979
24076.0,8.9967,0.4024
24077.0,8.9926,0.4013
24078.0,9.0213,0.3977
24079.0,9.0227,0.3979
24080.0,8.9938,0.3966
24081.0,8.9744,0.3988
24082.0,8.9676,0.4004
24083.0,9.0036,0.3974
24084.0,9.0098,0.4066
24085.0,9.0009,0.4019
24086.0,8.9989,0.3999
24087.0,8.9879,0.4003
24088.0,9.0098,0.3958
24089.0,9.0252,0.3964
24090.0,8.9667,0.404
24091.0,8.9988,0.4049
24092.0,8.9854,0.3934
24093.0,8.9776,0.4014
24094.0,8.9831,0.4041
24095.0,9.0057,0.399
24096.0,9.0061,0.4046
24097.0,9.0219,0.4023
24098.0,9.0001,0.4014
24099.0,8.9736,0.3993
24100.0,8.9964,0.4003
24101.0,8.9792,0.3987
24102.0,8.9819,0.4009
24103.0,9.0087,0.4008
24104.0,9.0029,0.3987
24105.0,9.0088,0.3942
24106.0,8.9946,0.3994
24107.0,9.0119,0.3969
24108.0,8.9938,0.3966
24109.0,9.0168,0.3979
24110.0,9.0052,0.4025
24111.0,8.9969,0.3967
24112.0,9.0032,0.3973
24113.0,8.9997,0.4021
24114.0,9.0239,0.3977
24115.0,9.0037,0.3966
24116.0,9.0,0.4024
24117.0,8.9964,0.3996
24118.0,9.0126,0.4002
24119.0,9.0106,0.3993
24120.0,8.9959,0.4013
24121.0,8.9827,0.4021
24122.0,8.9865,0.3996
24123.0,8.9972,0.3955
24124.0,9.0202,0.4009
24125.0,8.9962,0.399
24126.0,8.9911,0.4026
24127.0,8.9736,0.3973
24128.0,9.0227,0.3991
24129.0,9.0085,0.3956
24130.0,9.0119,0.4023
24131.0,9.0144,0.4037
24132.0,8.9975,0.3985
24133.0,9.0013,0.3994
24134.0,9.0223,0.3976
24135.0,9.0027,0.3979
24136.0,9.0088,0.4021
24137.0,9.0131,0.3985
24138.0,9.0096,0.4014
24139.0,8.9981,0.4
24140.0,8.9995,0.4023
24141.0,9.0117,0.3988
24142.0,9.0116,0.4033
24143.0,9.0175,0.4056
24144.0,9.0083,0.3949
24145.0,9.0089,0.3997
24146.0,8.9933,0.3997
24147.0,8.9913,0.3979
24148.0,9.0117,0.4012
24149.0,8.9914,0.4034
24150.0,8.9997,0.3941
24151.0,9.0207,0.3939
24152.0,9.0183,0.405
24153.0,9.0045,0.3993
24154.0,8.9956,0.4003
24155.0,8.9981,0.3968
24156.0,9.013,0.4001
24157.0,8.9995,0.4041
24158.0,8.9916,0.4015
24159.0,9.0182,0.4006
24160.0,9.0027,0.3947
24161.0,8.9913,0.4022
24162.0,9.0072,0.4
24163.0,9.0146,0.3982
24164.0,8.9849,0.4019
24165.0,8.997,0.3975
24166.0,8.9963,0.4017
24167.0,9.0068,0.4037
24168.0,9.0095,0.4005
24169.0,8.9917,0.3987
24170.0,8.9776,0.3983
24171.0,9.0155,0.4011
24172.0,8.9832,0.3987
24173.0,9.0041,0.4071
24174.0,8.998,0.3958
24175.0,9.0024,0.3996
24176.0,9.0248,0.4008
24177.0,9.0456,0.4005
24178.0,8.9755,0.3983
24179.0,9.0148,0.4037
24180.0,8.9977,0.402
24181.0,9.0157,0.4022
24182.0,9.0144,0.398
24183.0,9.0211,0.3988
24184.0,9.0043,0.4015
24185.0,8.9867,0.3967
24186.0,9.0139,0.402
24187.0,9.0018,0.3997
24188.0,8.9965,0.4032
24189.0,8.9929,0.3987
24190.0,9.0151,0.4054
24191.0,9.0241,0.4012
24192.0,8.9821,0.4016
24193.0,9.0093,0.3979
24194.0,8.9944,0.4008
24195.0,8.978,0.3984
24196.0,9.0022,0.3954
24197.0,8.9875,0.3994
24198.0,8.9763,0.4035
24199.0,8.9883,0.3998
24200.0,8.9846,0.3991
24201.0,8.9903,0.3991
24202.0,8.9801,0.4067
24203.0,8.9941,0.4018
24204.0,8.9893,0.3952
24205.0,9.0056,0.3984
24206.0,9.0089,0.3988
24207.0,9.0039,0.3978
24208.0,8.9965,0.4002
24209.0,8.9961,0.3983
24210.0,8.9874,0.3985
24211.0,8.9878,0.4005
24212.0,9.0106,0.3954
24213.0,8.9736,0.3935
24214.0,8.9988,0.4037
24215.0,8.9951,0.4025
24216.0,9.009,0.4011
24217.0,8.9786,0.4009
24218.0,9.0002,0.3994
24219.0,9.0051,0.409
24220.0,8.9714,0.4006
24221.0,8.9839,0.4078
24222.0,8.9986,0.4062
24223.0,9.0077,0.4014
24224.0,9.0027,0.3994
24225.0,9.0084,0.4
24226.0,8.9838,0.3988
24227.0,8.9762,0.4014
24228.0,9.0013,0.402
24229.0,8.9816,0.3963
24230.0,8.987,0.4078
24231.0,9.014,0.3977
24232.0,9.0028,0.3919
24233.0,8.9915,0.3998
24234.0,8.9895,0.3966
24235.0,9.0093,0.3998
24236.0,9.0032,0.4002
24237.0,8.9818,0.4013
24238.0,8.9708,0.403
24239.0,9.0282,0.397
24240.0,8.9817,0.3989
24241.0,9.0079,0.402
24242.0,9.0227,0.398
24243.0,9.0022,0.3944
24244.0,8.991,0.4019
24245.0,8.9786,0.3983
24246.0,8.9784,0.3981
24247.0,9.0057,0.4004
24248.0,9.0218,0.4
24249.0,8.9941,0.403
24250.0,8.9917,0.3963
24251.0,9.0105,0.4068
24252.0,8.9897,0.3958
24253.0,9.0041,0.3988
24254.0,9.0006,0.3974
24255.0,8.9939,0.4002
24256.0,8.9998,0.4001
24257.0,9.0264,0.4005
24258.0,9.0091,0.4008
24259.0,9.0164,0.4039
24260.0,8.9862,0.4005
24261.0,9.0164,0.4042
24262.0,9.0096,0.3947
24263.0,8.9775,0.3934
24264.0,9.0081,0.4004
24265.0,8.9923,0.401
24266.0,8.9768,0.3984
24267.0,9.0019,0.4
24268.0,9.0081,0.4032
24269.0,9.0023,0.402
24270.0,8.9984,0.399
24271.0,8.995,0.4006
24272.0,9.037,0.4023
24273.0,8.9823,0.3963
24274.0,9.0131,0.3976
24275.0,9.0002,0.4028
24276.0,8.9872,0.3948
24277.0,8.9993,0.3967
24278.0,8.9791,0.3964
24279.0,8.9911,0.4028
24280.0,8.9993,0.3967
24281.0,8.9767,0.4024
24282.0,9.0076,0.3989
24283.0,8.9855,0.4053
24284.0,8.9782,0.4004
24285.0,8.9838,0.4032
24286.0,9.0326,0.4014
24287.0,8.9703,0.3986
24288.0,9.0065,0.4
24289.0,8.9887,0.4
24290.0,8.9947,0.3986
24291.0,9.0091,0.4027
24292.0,9.0083,0.4075
24293.0,8.9898,0.4003
24294.0,8.9796,0.4021
24295.0,9.0093,0.4016
24296.0,9.0083,0.3922
24297.0,8.9957,0.4015
24298.0,9.0066,0.4013
24299.0,8.9933,0.3963
24300.0,8.9876,0.3946
24301.0,9.0001,0.4013
24302.0,9.0078,0.4049
24303.0,9.0046,0.3989
24304.0,9.0076,0.399
24305.0,8.9886,0.4069
24306.0,9.0237,0.4027
24307.0,8.9949,0.3964
24308.0,8.9982,0.3979
24309.0,8.9802,0.4065
24310.0,8.9971,0.398
24311.0,9.008,0.3984
24312.0,9.0114,0.402
24313.0,9.0234,0.3992
24314.0,9.0078,0.4013
24315.0,9.0042,0.4009
24316.0,8.9933,0.3996
24317.0,8.9901,0.4036
24318.0,9.0146,0.3962
24319.0,9.0143,0.4004
24320.0,8.9838,0.3983
24321.0,9.0108,0.4049
24322.0,9.0098,0.3995
24323.0,8.9833,0.4058
24324.0,9.0081,0.3987
24325.0,8.9843,0.4003
24326.0,8.9636,0.4033
24327.0,8.9976,0.3971
24328.0,9.0039,0.4045
24329.0,8.9983,0.4001
24330.0,9.043,0.4012
24331.0,9.0057,0.4016
24332.0,9.0022,0.3998
24333.0,9.0064,0.3976
24334.0,8.9934,0.4003
24335.0,9.0139,0.394
24336.0,9.0054,0.3961
24337.0,9.0047,0.3996
24338.0,8.9906,0.4046
24339.0,8.9765,0.4046
24340.0,8.9925,0.4029
24341.0,9.0042,0.3954
24342.0,8.9933,0.4009
24343.0,9.0044,0.3974
24344.0,8.9965,0.3998
24345.0,9.0065,0.4029
24346.0,8.9853,0.402
24347.0,9.0029,0.4038
24348.0,8.9904,0.3958
24349.0,8.9769,0.3969
24350.0,8.9975,0.4045
24351.0,9.023,0.4046
24352.0,8.9781,0.4
24353.0,9.0018,0.3999
24354.0,9.012,0.4035
24355.0,9.0345,0.4016
24356.0,8.9926,0.4018
24357.0,8.9905,0.3972
24358.0,8.9825,0.4034
24359.0,9.0171,0.3994
24360.0,8.987,0.3958
24361.0,8.9944,0.3977
24362.0,8.9723,0.3982
24363.0,9.0133,0.4044
24364.0,9.0174,0.3979
24365.0,9.0127,0.4012
24366.0,8.9759,0.3937
24367.0,9.0091,0.4028
24368.0,8.9749,0.3976
24369.0,9.0009,0.4012
24370.0,9.0031,0.4012
24371.0,9.0047,0.4019
24372.0,9.008,0.401
24373.0,8.9999,0.4057
24374.0,8.9706,0.4006
24375.0,9.008,0.4067
24376.0,9.0015,0.4019
24377.0,8.9865,0.4008
24378.0,8.9765,0.4027
24379.0,9.0231,0.4006
24380.0,9.0185,0.4013
24381.0,9.0106,0.401
24382.0,8.9899,0.4007
24383.0,8.9622,0.4064
24384.0,9.0115,0.4068
24385.0,9.0055,0.401
24386.0,8.9944,0.4038
24387.0,9.0169,0.4036
24388.0,9.0127,0.4033
24389.0,9.0026,0.4016
24390.0,9.0005,0.402
24391.0,9.0008,0.4017
24392.0,9.0102,0.3978
24393.0,8.9871,0.3998
24394.0,9.0064,0.3964
24395.0,8.9862,0.4017
24396.0,9.02,0.4013
24397.0,9.008,0.4021
24398.0,8.9897,0.3977
24399.0,9.0012,0.4029
24400.0,8.9872,0.4014
24401.0,9.0226,0.4067
24402.0,9.0243,0.4024
24403.0,9.0104,0.3982
24404.0,9.0233,0.3959
24405.0,9.0023,0.4007
24406.0,9.0115,0.3969
24407.0,9.0184,0.3978
24408.0,8.9999,0.3971
24409.0,9.0011,0.3983
24410.0,9.014,0.4044
24411.0,9.0097,0.3971
24412.0,8.9887,0.3987
24413.0,8.9672,0.3957
24414.0,8.9974,0.3949
24415.0,8.9685,0.3992
24416.0,8.9851,0.4006
24417.0,8.9869,0.3965
24418.0,8.9915,0.3954
24419.0,9.0123,0.3944
24420.0,9.0156,0.4004
24421.0,9.0076,0.4028
24422.0,9.0095,0.3957
24423.0,9.0098,0.3981
24424.0,8.9625,0.4032
24425.0,9.0002,0.3994
24426.0,8.9731,0.3997
24427.0,9.0076,0.4011
24428.0,8.9686,0.3987
24429.0,8.9973,0.3977
24430.0,9.0082,0.4009
24431.0,8.9832,0.3959
24432.0,9.0144,0.3952
24433.0,9.0076,0.3979
24434.0,9.0057,0.4021
24435.0,9.0105,0.4035
24436.0,8.9946,0.3986
24437.0,9.0023,0.4025
24438.0,9.0002,0.4041
24439.0,8.9998,0.4001
24440.0,8.9899,0.4019
24441.0,8.9814,0.4056
24442.0,8.9949,0.3979
24443.0,8.9941,0.3993
24444.0,8.9889,0.4048
24445.0,9.0128,0.3972
24446.0,8.9824,0.4005
24447.0,8.9974,0.3981
24448.0,9.0175,0.4041
24449.0,9.0136,0.3964
24450.0,9.0182,0.3998
24451.0,8.9911,0.3969
24452.0,9.0118,0.3956
24453.0,8.9841,0.3943
24454.0,8.9959,0.3995
24455.0,8.9973,0.4015
24456.0,8.9914,0.4001
24457.0,8.9946,0.4007
24458.0,8.9926,0.3987
24459.0,8.9853,0.403
24460.0,9.0128,0.4022
24461.0,8.9973,0.4004
24462.0,9.003,0.4006
24463.0,9.0025,0.3986
24464.0,9.0008,0.4058
24465.0,9.0014,0.4024
24466.0,8.9954,0.3997
24467.0,9.0213,0.3995
24468.0,9.0114,0.3988
24469.0,9.0003,0.3991
24470.0,8.9933,0.4007
24471.0,8.9982,0.3949
24472.0,9.0063,0.3993
24473.0,9.0225,0.3996
24474.0,8.9794,0.4
24475.0,9.0099,0.4005
24476.0,9.0169,0.4001
24477.0,8.9777,0.4012
24478.0,8.9973,0.3996
24479.0,8.984,0.403
24480.0,9.0065,0.402
24481.0,8.9946,0.4067
24482.0,8.998,0.4021
24483.0,8.9938,0.3978
24484.0,9.0108,0.3995
24485.0,9.0034,0.3985
24486.0,9.0035,0.4
24487.0,9.0024,0.4033
24488.0,9.0086,0.399
24489.0,8.9961,0.3983
24490.0,9.0255,0.4015
24491.0,8.9815,0.3976
24492.0,8.9741,0.3974
24493.0,8.9729,0.4011
24494.0,8.9688,0.3946
24495.0,9.0101,0.3986
24496.0,9.0083,0.4026
24497.0,9.0181,0.3945
24498.0,8.9842,0.3947
24499.0,9.0112,0.3957
24500.0,9.0009,0.3918
24501.0,9.0025,0.4057
24502.0,9.0094,0.4004
24503.0,8.9887,0.398
24504.0,9.0388,0.3961
24505.0,9.02,0.4066
24506.0,8.992,0.402
24507.0,8.9836,0.3996
24508.0,8.9987,0.4037
24509.0,9.0027,0.4012
24510.0,9.016,0.3985
24511.0,8.9825,0.3982
24512.0,9.0043,0.3982
24513.0,8.9771,0.397
24514.0,9.0065,0.4033
24515.0,8.9984,0.3984
24516.0,9.0291,0.4041
24517.0,8.9768,0.3975
24518.0,9.0206,0.3982
24519.0,8.9744,0.3986
24520.0,8.9801,0.3973
24521.0,8.9748,0.3982
24522.0,9.0038,0.4017
24523.0,8.9824,0.4036
24524.0,8.9798,0.4009
24525.0,9.003,0.3964
24526.0,9.0068,0.3982
24527.0,9.0006,0.3983
24528.0,8.9976,0.4051
24529.0,9.0274,0.403
24530.0,9.0022,0.4036
24531.0,9.0121,0.3979
24532.0,9.0021,0.3962
24533.0,8.9835,0.4017
24534.0,9.0082,0.3986
24535.0,8.9902,0.4009
24536.0,8.9986,0.4012
24537.0,9.0046,0.3988
24538.0,8.9709,0.403
24539.0,8.9759,0.3956
24540.0,9.0136,0.4003
24541.0,8.99,0.402
24542.0,8.9908,0.4051
24543.0,9.0025,0.4004
24544.0,8.9942,0.4038
24545.0,9.0063,0.4036
24546.0,8.9992,0.407
24547.0,9.003,0.401
24548.0,8.9895,0.4062
24549.0,9.0029,0.4024
24550.0,9.0166,0.3954
24551.0,8.9915,0.4001
24552.0,9.0137,0.3973
24553.0,8.9992,0.4046
24554.0,9.011,0.4005
24555.0,9.0019,0.396
24556.0,8.9995,0.4026
24557.0,9.0052,0.404
24558.0,9.0182,0.3988
24559.0,9.0035,0.3987
24560.0,9.0072,0.4006
24561.0,8.9945,0.3946
24562.0,9.0236,0.4021
24563.0,9.0096,0.4051
24564.0,9.0012,0.398
24565.0,8.9982,0.4055
24566.0,9.0147,0.403
24567.0,8.9909,0.3998
24568.0,8.9733,0.4019
24569.0,9.0011,0.4048
24570.0,9.0179,0.4004
24571.0,9.0239,0.4012
24572.0,8.9984,0.3984
24573.0,9.0007,0.3996
24574.0,9.0078,0.4021
24575.0,8.996,0.3995
24576.0,9.0077,0.3985
24577.0,8.9987,0.4035
24578.0,9.0152,0.4014
24579.0,9.0108,0.3986
24580.0,9.0122,0.4053
24581.0,8.9969,0.4063
24582.0,9.0289,0.403
24583.0,9.0073,0.3964
24584.0,9.0037,0.4012
24585.0,8.9886,0.4018
24586.0,8.9985,0.3952
24587.0,9.0017,0.4036
24588.0,8.9882,0.4006
24589.0,8.9956,0.4034
24590.0,8.9975,0.3991
24591.0,9.0008,0.4015
24592.0,8.9736,0.4016
24593.0,8.998,0.4006
24594.0,8.9943,0.4015
24595.0,8.9997,0.3996
24596.0,9.0155,0.3965
24597.0,9.0308,0.3939
24598.0,9.0102,0.3981
24599.0,8.9815,0.4024
24600.0,8.9948,0.3969
24601.0,9.0089,0.4032
24602.0,9.0072,0.4042
24603.0,9.0148,0.4014
24604.0,8.9985,0.3995
24605.0,8.9945,0.4031
24606.0,9.0263,0.4035
24607.0,9.0009,0.3993
24608.0,8.9847,0.4003
24609.0,9.0221,0.3976
24610.0,8.9776,0.4009
24611.0,8.9476,0.3938
24612.0,9.0115,0.3991
24613.0,9.0137,0.3974
24614.0,9.0062,0.3997
24615.0,8.9805,0.3976
24616.0,8.9991,0.3943
24617.0,8.9958,0.398
24618.0,8.9919,0.3986
24619.0,9.0212,0.4032
24620.0,8.9843,0.3981
24621.0,9.0047,0.3975
24622.0,9.0179,0.3964
24623.0,9.0057,0.4034
24624.0,9.0186,0.3993
24625.0,9.0085,0.4008
24626.0,9.0064,0.3954
24627.0,9.0055,0.3947
24628.0,9.0092,0.3973
24629.0,8.9942,0.4049
24630.0,8.9805,0.3967
24631.0,9.0143,0.3981
24632.0,9.0174,0.4
24633.0,9.0038,0.3981
24634.0,8.9918,0.4014
24635.0,8.9766,0.3975
24636.0,9.0013,0.3967
24637.0,8.9798,0.4082
24638.0,8.9777,0.3972
24639.0,8.9997,0.4024
24640.0,8.9885,0.3972
24641.0,9.0052,0.3954
24642.0,8.9976,0.3997
24643.0,8.9909,0.396
24644.0,8.9744,0.3988
24645.0,8.9872,0.3976
24646.0,8.9878,0.4038
24647.0,8.9816,0.3954
24648.0,8.9951,0.402
24649.0,8.9828,0.4009
24650.0,8.9975,0.3993
24651.0,9.0036,0.3977
24652.0,8.9876,0.4005
24653.0,9.0064,0.4007
24654.0,8.9796,0.4012
24655.0,8.9833,0.3992
24656.0,8.9983,0.3966
24657.0,9.0103,0.4026
24658.0,9.013,0.4
24659.0,9.0242,0.3982
24660.0,8.9944,0.397
24661.0,8.9981,0.4028
24662.0,8.9845,0.4042
24663.0,8.9812,0.4017
24664.0,9.0034,0.4019
24665.0,8.9884,0.4035
24666.0,9.0185,0.3989
24667.0,8.9781,0.4064
24668.0,9.0073,0.3968
24669.0,8.9849,0.3993
24670.0,8.9877,0.3977
24671.0,9.0081,0.4002
24672.0,8.9899,0.4052
24673.0,8.9923,0.3993
24674.0,8.9878,0.4013
24675.0,9.0268,0.3913
24676.0,8.9907,0.4013
24677.0,9.0008,0.403
24678.0,8.997,0.4004
24679.0,9.0033,0.3968
24680.0,8.9908,0.3964
24681.0,8.997,0.3983
24682.0,9.0059,0.3964
24683.0,8.9871,0.4047
24684.0,9.0163,0.4014
24685.0,9.0178,0.4043
24686.0,9.0091,0.3991
24687.0,9.001,0.3977
24688.0,8.9551,0.3979
24689.0,9.0064,0.3986
24690.0,8.9941,0.3985
24691.0,8.9963,0.4037
24692.0,8.9715,0.4027
24693.0,9.0074,0.4008
24694.0,8.9783,0.395
24695.0,9.0018,0.4009
24696.0,9.0136,0.3991
24697.0,8.993,0.4042
24698.0,9.0182,0.4027
24699.0,8.9888,0.4004
24700.0,9.009,0.3937
24701.0,8.9804,0.3996
24702.0,9.0155,0.398
24703.0,9.0131,0.4012
24704.0,9.007,0.3966
24705.0,8.9941,0.4008
24706.0,8.979,0.3933
24707.0,8.9941,0.3958
24708.0,9.0167,0.3974
24709.0,9.0019,0.3984
24710.0,8.9767,0.4012
24711.0,8.9831,0.395
24712.0,9.0188,0.3981
24713.0,9.0073,0.3982
24714.0,8.9815,0.4021
24715.0,8.9735,0.3994
24716.0,8.9906,0.3971
24717.0,8.9722,0.3968
24718.0,8.9977,0.3983
24719.0,9.0368,0.3951
24720.0,8.976,0.4049
24721.0,8.9972,0.4
24722.0,9.0197,0.3973
24723.0,9.0112,0.3968
24724.0,8.9978,0.3964
24725.0,8.9978,0.4011
24726.0,8.9827,0.395
24727.0,8.996,0.3995
24728.0,9.0037,0.4017
24729.0,9.0166,0.3982
24730.0,8.9907,0.397
24731.0,8.9972,0.4025
24732.0,8.9858,0.3966
24733.0,9.0034,0.3992
24734.0,9.0118,0.4003
24735.0,9.0094,0.3982
24736.0,8.9824,0.3964
24737.0,9.0022,0.3983
24738.0,8.9898,0.401
24739.0,9.0152,0.3978
24740.0,8.9976,0.4014
24741.0,8.9772,0.3992
24742.0,8.9967,0.3982
24743.0,9.0069,0.3978
24744.0,9.0037,0.4007
24745.0,8.9923,0.4034
24746.0,8.9912,0.4004
24747.0,8.9852,0.3971
24748.0,8.9941,0.4033
24749.0,8.9872,0.3973
24750.0,9.0146,0.4052
24751.0,8.9865,0.3995
24752.0,9.0018,0.3974
24753.0,9.0008,0.4017
24754.0,9.0142,0.3991
24755.0,9.0163,0.4013
24756.0,9.0104,0.4003
24757.0,9.0053,0.3959
24758.0,8.9843,0.3998
24759.0,8.984,0.4015
24760.0,8.9873,0.4003
24761.0,9.0113,0.4038
24762.0,9.0011,0.4009
24763.0,9.013,0.3993
24764.0,9.015,0.4006
24765.0,8.9891,0.3985
24766.0,9.0005,0.4011
24767.0,8.9998,0.4011
24768.0,8.9951,0.3963
24769.0,8.992,0.4023
24770.0,9.0178,0.4067
24771.0,9.0008,0.4016
24772.0,9.0002,0.3939
24773.0,8.988,0.3987
24774.0,9.0101,0.3962
24775.0,8.9849,0.3991
24776.0,9.0068,0.4021
24777.0,9.0072,0.3978
24778.0,8.9938,0.4057
24779.0,9.0048,0.3914
24780.0,9.0028,0.3993
24781.0,8.9994,0.4011
24782.0,9.0002,0.3963
24783.0,9.0009,0.3967
24784.0,9.0019,0.4023
24785.0,9.0009,0.4058
24786.0,8.9834,0.4061
24787.0,8.9977,0.399
24788.0,9.004,0.4041
24789.0,9.0015,0.3998
24790.0,9.0143,0.4028
24791.0,9.0093,0.3994
24792.0,8.9869,0.3966
24793.0,8.9975,0.4048
24794.0,8.9953,0.4056
24795.0,8.9999,0.3987
24796.0,9.0,0.4028
24797.0,9.0092,0.3996
24798.0,9.0027,0.4065
24799.0,9.0185,0.3955
24800.0,9.0036,0.3995
24801.0,8.9875,0.3957
24802.0,8.993,0.3952
24803.0,9.0091,0.3997
24804.0,8.9758,0.3986
24805.0,8.9798,0.397
24806.0,9.0002,0.4025
24807.0,9.0143,0.4039
24808.0,9.0196,0.4015
24809.0,8.9967,0.3944
24810.0,9.0159,0.401
24811.0,9.0011,0.401
24812.0,8.977,0.3975
24813.0,8.9999,0.401
24814.0,8.9907,0.3985
24815.0,9.0138,0.3975
24816.0,8.9996,0.3965
24817.0,8.9808,0.4025
24818.0,8.9775,0.4039
24819.0,8.9997,0.3996
24820.0,8.9637,0.403
24821.0,8.9922,0.4046
24822.0,9.0035,0.4004
24823.0,8.9841,0.3998
24824.0,9.0149,0.4014
24825.0,9.0179,0.3975
24826.0,8.9847,0.4016
24827.0,8.9955,0.4005
24828.0,9.0149,0.3961
24829.0,9.0,0.3961
24830.0,8.9791,0.397
24831.0,8.9979,0.4015
24832.0,8.9872,0.399
24833.0,9.0166,0.3999
24834.0,9.0091,0.4041
24835.0,8.9953,0.4013
24836.0,9.0021,0.3981
24837.0,8.9804,0.397
24838.0,8.9887,0.4009
24839.0,9.0233,0.3971
24840.0,9.0008,0.4038
24841.0,9.014,0.4007
24842.0,9.0035,0.4004
24843.0,9.0197,0.3971
24844.0,8.97,0.4019
24845.0,8.9972,0.4034
24846.0,9.0247,0.3996
24847.0,9.0143,0.4028
24848.0,9.0199,0.3988
24849.0,8.9999,0.3998
24850.0,8.9919,0.4063
24851.0,8.9846,0.3989
24852.0,8.9835,0.4016
24853.0,9.0121,0.3988
24854.0,9.0077,0.4008
24855.0,8.999,0.4021
24856.0,9.0076,0.3973
24857.0,9.0021,0.3979
24858.0,9.0144,0.4017
24859.0,9.0143,0.4005
24860.0,8.984,0.4035
24861.0,9.0041,0.4008
24862.0,8.975,0.4056
24863.0,9.002,0.4021
24864.0,9.0091,0.4056
24865.0,8.9803,0.4051
24866.0,8.9938,0.3981
24867.0,9.0001,0.4044
24868.0,9.0035,0.4028
24869.0,8.9958,0.4026
24870.0,8.9824,0.4036
24871.0,8.9992,0.3991
24872.0,8.9752,0.401
24873.0,8.9965,0.3987
24874.0,8.9934,0.4069
24875.0,8.998,0.3977
24876.0,8.9916,0.3962
24877.0,8.9774,0.3975
24878.0,8.9945,0.3998
24879.0,9.014,0.3998
24880.0,9.0189,0.4027
24881.0,9.0366,0.4001
24882.0,9.0254,0.3985
24883.0,8.982,0.4014
24884.0,8.9939,0.4035
24885.0,8.9997,0.4006
24886.0,8.9987,0.4026
24887.0,9.001,0.4003
24888.0,9.0361,0.3992
24889.0,8.9838,0.4021
24890.0,8.9893,0.4007
24891.0,9.0247,0.403
24892.0,8.9908,0.4046
24893.0,9.0059,0.3997
24894.0,9.0155,0.4019
24895.0,9.0073,0.4032
24896.0,9.0029,0.4012
24897.0,9.0141,0.4015
24898.0,8.9866,0.4004
24899.0,8.9926,0.4008
24900.0,9.008,0.4016
24901.0,8.969,0.3982
24902.0,9.0212,0.3949
24903.0,9.0046,0.3997
24904.0,9.0023,0.3995
24905.0,8.9755,0.4049
24906.0,8.9807,0.4009
24907.0,8.994,0.4017
24908.0,9.0121,0.3988
24909.0,8.9689,0.3982
24910.0,9.0118,0.3975
24911.0,8.9946,0.3962
24912.0,8.9966,0.4022
24913.0,9.0038,0.4009
24914.0,9.004,0.4044
24915.0,8.9893,0.4016
24916.0,9.0094,0.4007
24917.0,8.9652,0.3941
24918.0,8.9932,0.4057
24919.0,9.0023,0.4001
24920.0,8.9948,0.3937
24921.0,8.9726,0.4007
24922.0,9.0114,0.3976
24923.0,8.9813,0.3975
24924.0,8.999,0.4008
24925.0,9.0023,0.3982
24926.0,9.0003,0.4031
24927.0,9.0175,0.3997
24928.0,8.9992,0.4012
24929.0,9.0064,0.4017
24930.0,8.9992,0.4008
24931.0,9.0092,0.4006
24932.0,9.0209,0.4004
24933.0,9.0021,0.4045
24934.0,9.0117,0.4025
24935.0,9.0218,0.3979
24936.0,9.0204,0.3967
24937.0,8.9942,0.3976
24938.0,9.0155,0.4013
24939.0,9.0037,0.3967
24940.0,9.0168,0.398
24941.0,9.0085,0.396
24942.0,9.0041,0.4028
24943.0,9.0065,0.402
24944.0,9.0038,0.4026
24945.0,9.0044,0.3986
24946.0,8.9976,0.3947
24947.0,8.9962,0.3975
24948.0,9.0264,0.396
24949.0,9.0072,0.3959
24950.0,8.9914,0.4034
24951.0,8.9958,0.3993
24952.0,9.0158,0.4009
24953.0,8.989,0.4033
24954.0,8.9778,0.3969
24955.0,8.9789,0.4018
24956.0,8.9741,0.3956
24957.0,8.9805,0.4008
24958.0,8.9823,0.4032
24959.0,9.0208,0.3966
24960.0,8.9993,0.4025
24961.0,8.9946,0.4007
24962.0,8.9783,0.3986
24963.0,8.9979,0.3964
24964.0,8.9739,0.4007
24965.0,8.9945,0.4015
24966.0,9.031,0.399
24967.0,9.01,0.3971
24968.0,8.9969,0.4023
24969.0,9.0105,0.4036
24970.0,8.9922,0.4029
24971.0,8.988,0.4048
24972.0,9.0256,0.398
24973.0,8.9829,0.3958
24974.0,8.9947,0.4012
24975.0,9.0046,0.3988
24976.0,8.986,0.403
24977.0,9.0098,0.3969
24978.0,8.9954,0.3971
24979.0,9.01,0.4002
24980.0,9.0088,0.4005
24981.0,8.9964,0.402
24982.0,9.0257,0.3997
24983.0,8.99,0.3942
24984.0,9.0202,0.4104
24985.0,9.0176,0.4001
24986.0,9.0266,0.4087
24987.0,9.0026,0.3996
24988.0,8.9882,0.3968
24989.0,9.0312,0.399
24990.0,8.995,0.4033
24991.0,8.9878,0.4019
24992.0,8.9972,0.4009
24993.0,8.9853,0.3998
24994.0,9.0079,0.4004
24995.0,8.9909,0.3996
24996.0,8.9957,0.4036
24997.0,9.0145,0.4027
24998.0,9.0094,0.3972
24999.0,9.0002,0.3956
25000.0,9.0026,0.3963
25001.0,9.0002,0.3989
25002.0,8.9935,0.4007
25003.0,9.0,0.3998
25004.0,9.0074,0.4019
25005.0,8.9981,0.4
25006.0,9.0063,0.4048
25007.0,8.9874,0.4015
25008.0,8.9909,0.4001
25009.0,8.989,0.3955
25010.0,8.9915,0.4011
25011.0,9.0193,0.4015
25012.0,9.0109,0.3979
25013.0,8.9838,0.3965
25014.0,9.0066,0.4033
25015.0,8.9941,0.3971
25016.0,8.9898,0.4005
25017.0,8.9777,0.4001
25018.0,9.0146,0.4013
25019.0,8.9795,0.3971
25020.0,8.9992,0.3996
25021.0,8.9858,0.3971
25022.0,9.0116,0.4002
25023.0,8.995,0.4015
25024.0,8.998,0.4027
25025.0,8.9985,0.4045
25026.0,9.0045,0.3992
25027.0,9.0002,0.3992
25028.0,8.9994,0.4038
25029.0,8.9922,0.4017
25030.0,8.9764,0.4037
25031.0,8.9832,0.4059
25032.0,9.0108,0.3975
25033.0,8.9954,0.4024
25034.0,8.99,0.3982
25035.0,8.9789,0.4047
25036.0,8.9742,0.3964
25037.0,8.9895,0.4028
25038.0,9.0133,0.3983
25039.0,8.9916,0.4017
25040.0,9.006,0.4038
25041.0,8.991,0.3981
25042.0,9.0096,0.3956
25043.0,8.9947,0.3992
25044.0,8.9815,0.3988
25045.0,8.996,0.3961
25046.0,9.0275,0.394
25047.0,9.0268,0.4036
25048.0,9.0073,0.4045
25049.0,8.9979,0.3982
25050.0,9.0046,0.3991
25051.0,9.0048,0.4024
25052.0,8.9994,0.4025
25053.0,9.0066,0.4053
25054.0,9.0031,0.4019
25055.0,8.9953,0.3969
25056.0,8.9821,0.4024
25057.0,8.9931,0.3979
25058.0,9.012,0.3998
25059.0,8.9995,0.4033
25060.0,9.0045,0.3973
25061.0,8.9958,0.3998
25062.0,8.9841,0.3963
25063.0,8.9964,0.397
25064.0,8.9847,0.3984
25065.0,8.9837,0.4049
25066.0,9.0181,0.4001
25067.0,8.9937,0.4079
25068.0,8.9889,0.4029
25069.0,9.0243,0.4029
25070.0,9.0122,0.3967
25071.0,8.9944,0.3995
25072.0,9.0064,0.3966
25073.0,8.9965,0.3991
25074.0,8.9896,0.3986
25075.0,9.0071,0.3999
25076.0,8.9951,0.4025
25077.0,9.0011,0.3992
25078.0,9.0153,0.4025
25079.0,9.0137,0.3956
25080.0,8.9917,0.4013
25081.0,9.0073,0.3987
25082.0,8.9831,0.4008
25083.0,9.0068,0.4026
25084.0,9.0022,0.3957
25085.0,9.0057,0.4044
25086.0,8.9955,0.3994
25087.0,9.0313,0.4056
25088.0,8.9865,0.4002
25089.0,9.0146,0.404
25090.0,8.9845,0.4002
25091.0,9.0076,0.4008
25092.0,9.0086,0.4003
25093.0,9.0008,0.3993
25094.0,8.9926,0.3992
25095.0,9.0021,0.4007
25096.0,9.004,0.4016
25097.0,9.0268,0.4007
25098.0,8.9869,0.4016
25099.0,8.9917,0.3954
25100.0,9.0043,0.4027
25101.0,8.9962,0.3978
25102.0,8.9985,0.3951
25103.0,9.0161,0.4055
25104.0,8.9577,0.4042
25105.0,8.991,0.4
25106.0,8.9739,0.4032
25107.0,8.9821,0.399
25108.0,9.0361,0.3986
25109.0,9.009,0.3982
25110.0,9.0143,0.3981
25111.0,8.9988,0.3992
25112.0,9.0114,0.3979
25113.0,8.9735,0.3915
25114.0,9.0156,0.3994
25115.0,8.9877,0.3971
25116.0,8.992,0.4009
25117.0,9.0076,0.3993
25118.0,9.0047,0.4019
25119.0,9.0013,0.4
25120.0,8.9796,0.3962
25121.0,9.0015,0.3962
25122.0,9.0144,0.3963
25123.0,8.992,0.3974
25124.0,9.0197,0.3979
25125.0,8.9869,0.4028
25126.0,9.0001,0.4006
25127.0,9.023,0.3944
25128.0,8.9898,0.3974
25129.0,9.0158,0.3999
25130.0,9.0296,0.397
25131.0,9.0026,0.4002
25132.0,8.9921,0.3975
25133.0,8.9884,0.3996
25134.0,9.0196,0.3983
25135.0,9.0192,0.4003
25136.0,9.0217,0.4043
25137.0,8.9995,0.4027
25138.0,9.0156,0.3968
25139.0,8.9993,0.4075
25140.0,8.9868,0.4035
25141.0,9.0169,0.3979
25142.0,9.0245,0.3974
25143.0,8.9847,0.401
25144.0,8.9844,0.4021
25145.0,9.0006,0.4053
25146.0,9.0143,0.4015
25147.0,8.983,0.398
25148.0,9.0034,0.3985
25149.0,8.9911,0.4019
25150.0,9.0105,0.396
25151.0,8.988,0.4045
25152.0,9.0116,0.3984
25153.0,8.9976,0.4029
25154.0,8.9859,0.4036
25155.0,9.001,0.4092
25156.0,8.9709,0.3991
25157.0,8.9916,0.3992
25158.0,9.0051,0.399
25159.0,8.9734,0.4005
25160.0,8.9614,0.3981
25161.0,8.9649,0.4036
25162.0,9.0199,0.403
25163.0,8.9988,0.3992
25164.0,8.992,0.3979
25165.0,9.0142,0.3987
25166.0,8.9939,0.3986
25167.0,9.004,0.4015
25168.0,9.0004,0.4006
25169.0,8.9929,0.4025
25170.0,9.0044,0.4045
25171.0,9.0116,0.4009
25172.0,8.9972,0.4018
25173.0,8.9931,0.4074
25174.0,8.9949,0.4017
25175.0,8.9655,0.3985
25176.0,9.0042,0.3998
25177.0,8.9819,0.395
25178.0,9.0094,0.4016
25179.0,8.9986,0.3984
25180.0,9.0016,0.3973
25181.0,9.0105,0.3974
25182.0,8.9861,0.4034
25183.0,9.0055,0.3992
25184.0,9.004,0.4023
25185.0,8.9972,0.4012
25186.0,8.9861,0.4006
25187.0,9.0089,0.3989
25188.0,9.0106,0.4015
25189.0,9.0017,0.3987
25190.0,8.9839,0.4005
25191.0,8.9921,0.4033
25192.0,8.9991,0.404
25193.0,9.0103,0.3987
25194.0,8.9762,0.4011
25195.0,8.9915,0.4018
25196.0,8.994,0.4007
25197.0,8.9988,0.4023
25198.0,8.9805,0.4023
25199.0,8.9967,0.4055
25200.0,8.9953,0.4065
25201.0,8.9844,0.3995
25202.0,8.9982,0.405
25203.0,8.9919,0.4013
25204.0,9.0074,0.3995
25205.0,8.9867,0.4018
25206.0,9.0013,0.3993
25207.0,8.9879,0.3999
25208.0,8.991,0.3967
25209.0,9.0045,0.4002
25210.0,9.0035,0.4028
25211.0,8.9937,0.4022
25212.0,8.996,0.4011
25213.0,8.9782,0.4052
25214.0,9.021,0.4064
25215.0,9.0103,0.4015
25216.0,9.0098,0.4048
25217.0,8.9761,0.401
25218.0,8.9911,0.4003
25219.0,8.995,0.4029
25220.0,8.971,0.3998
25221.0,9.0133,0.3929
25222.0,9.0218,0.3992
25223.0,9.0309,0.3955
25224.0,8.9843,0.3988
25225.0,9.0018,0.3984
25226.0,9.0198,0.3984
25227.0,8.9962,0.3968
25228.0,8.9915,0.3964
25229.0,8.972,0.3981
25230.0,9.017,0.3989
25231.0,8.9997,0.3991
25232.0,8.9891,0.4008
25233.0,9.0043,0.4021
25234.0,9.0023,0.397
25235.0,9.0025,0.3974
25236.0,8.9967,0.405
25237.0,9.0243,0.4023
25238.0,8.998,0.3977
25239.0,9.0243,0.3962
25240.0,9.0085,0.3985
25241.0,9.0053,0.3992
25242.0,8.9983,0.402
25243.0,9.0146,0.3931
25244.0,9.0017,0.3971
25245.0,8.986,0.4054
25246.0,8.9855,0.4
25247.0,9.0063,0.4002
25248.0,8.9864,0.3983
25249.0,8.9991,0.4024
25250.0,9.0159,0.3946
25251.0,9.0046,0.3987
25252.0,8.9892,0.3938
25253.0,9.0211,0.3999
25254.0,9.0082,0.3987
25255.0,9.0153,0.3951
25256.0,8.966,0.403
25257.0,9.005,0.4021
25258.0,9.0126,0.4031
25259.0,9.0255,0.3955
25260.0,8.978,0.397
25261.0,9.0181,0.4036
25262.0,9.0247,0.4024
25263.0,8.9697,0.4042
25264.0,9.0072,0.3993
25265.0,9.0093,0.3997
25266.0,8.9951,0.4018
25267.0,8.9926,0.3959
25268.0,9.01,0.4006
25269.0,8.9908,0.4076
25270.0,8.9967,0.3989
25271.0,9.0122,0.3952
25272.0,9.0263,0.4012
25273.0,9.0081,0.3973
25274.0,9.002,0.3997
25275.0,8.9923,0.4033
25276.0,8.9848,0.4017
25277.0,9.0166,0.3985
25278.0,8.9977,0.4025
25279.0,9.0173,0.395
25280.0,8.9951,0.4006
25281.0,8.9903,0.3988
25282.0,9.0063,0.3929
25283.0,8.9989,0.3964
25284.0,8.9819,0.4
25285.0,9.0273,0.4022
25286.0,8.9906,0.4001
25287.0,9.0139,0.3991
25288.0,9.0126,0.4024
25289.0,8.9811,0.4008
25290.0,8.985,0.403
25291.0,8.9955,0.4017
25292.0,8.987,0.3979
25293.0,9.0259,0.402
25294.0,8.997,0.4029
25295.0,9.0133,0.4042
25296.0,9.0077,0.3984
25297.0,9.004,0.3989
25298.0,9.0006,0.4026
25299.0,9.0186,0.4025
25300.0,8.9876,0.3985
25301.0,9.0259,0.398
25302.0,8.9807,0.3987
25303.0,9.0117,0.4002
25304.0,8.9789,0.3973
25305.0,8.9953,0.4013
25306.0,9.0014,0.3948
25307.0,8.9927,0.3975
25308.0,8.9973,0.4006
25309.0,8.9792,0.3972
25310.0,8.9852,0.3987
25311.0,9.0075,0.3996
25312.0,9.0004,0.4064
25313.0,8.9896,0.3961
25314.0,9.0199,0.4007
25315.0,8.9817,0.3969
25316.0,8.9946,0.3968
25317.0,8.9924,0.3974
25318.0,9.0092,0.3995
25319.0,9.0007,0.4043
25320.0,8.9984,0.4035
25321.0,8.9723,0.3986
25322.0,9.013,0.3992
25323.0,8.9967,0.4018
25324.0,9.0017,0.4002
25325.0,8.9888,0.3981
25326.0,8.9864,0.402
25327.0,9.0225,0.4049
25328.0,8.9734,0.4032
25329.0,8.9842,0.4041
25330.0,9.0222,0.3996
25331.0,9.0096,0.3968
25332.0,8.9951,0.394
25333.0,9.0187,0.3938
25334.0,9.0067,0.3994
25335.0,9.0035,0.4015
25336.0,9.0034,0.4025
25337.0,9.007,0.4007
25338.0,9.0076,0.3978
25339.0,9.0329,0.402
25340.0,8.9971,0.3964
25341.0,8.9975,0.3967
25342.0,8.9814,0.4018
25343.0,8.9992,0.3963
25344.0,9.0279,0.3977
25345.0,9.0148,0.3971
25346.0,8.9918,0.4005
25347.0,9.0005,0.4018
25348.0,8.9806,0.4018
25349.0,8.9855,0.3983
25350.0,9.0022,0.3995
25351.0,8.9926,0.4022
25352.0,8.9843,0.3984
25353.0,9.0073,0.3973
25354.0,8.9988,0.3981
25355.0,8.9765,0.3982
25356.0,8.9689,0.4001
25357.0,8.9914,0.3999
25358.0,8.9762,0.3995
25359.0,8.972,0.3976
25360.0,9.0169,0.3972
25361.0,8.9985,0.4019
25362.0,8.996,0.401
25363.0,8.9972,0.3987
25364.0,8.9829,0.3998
25365.0,9.0062,0.4036
25366.0,8.998,0.3998
25367.0,8.9886,0.4
25368.0,8.9909,0.4046
25369.0,8.9816,0.4032
25370.0,8.9939,0.3981
25371.0,8.9964,0.4032
25372.0,8.9935,0.3995
25373.0,9.0008,0.3968
25374.0,8.9988,0.4039
25375.0,9.0035,0.3979
25376.0,9.0141,0.3985
25377.0,9.0089,0.3989
25378.0,9.0143,0.4061
25379.0,8.9873,0.3971
25380.0,8.9924,0.3982
25381.0,9.0098,0.399
25382.0,9.0101,0.4016
25383.0,8.9898,0.3998
25384.0,9.0092,0.398
25385.0,8.9858,0.4019
25386.0,9.0072,0.4041
25387.0,8.9996,0.3951
25388.0,8.9792,0.398
25389.0,8.9935,0.4015
25390.0,9.0327,0.3963
25391.0,9.003,0.3995
25392.0,9.0345,0.4038
25393.0,8.9783,0.4019
25394.0,9.0113,0.4016
25395.0,8.962,0.4022
25396.0,9.0,0.401
25397.0,9.0095,0.399
25398.0,9.0126,0.4029
25399.0,8.988,0.3986
25400.0,9.0156,0.3995
25401.0,8.992,0.395
25402.0,8.9975,0.3986
25403.0,8.9935,0.4002
25404.0,8.983,0.4001
25405.0,9.0235,0.4028
25406.0,9.0007,0.3987
25407.0,9.0163,0.3988
25408.0,9.0157,0.3984
25409.0,8.9855,0.4007
25410.0,9.0182,0.4046
25411.0,9.0076,0.3931
25412.0,8.9844,0.3985
25413.0,9.0067,0.3989
25414.0,8.9847,0.3936
25415.0,9.0241,0.3996
25416.0,9.0122,0.3989
25417.0,8.9989,0.3987
25418.0,9.019,0.3967
25419.0,8.9763,0.3997
25420.0,8.9888,0.3965
25421.0,8.9962,0.3975
25422.0,9.0335,0.3994
25423.0,8.9839,0.4031
25424.0,8.9744,0.4012
25425.0,8.9783,0.4018
25426.0,9.0136,0.4059
25427.0,8.9911,0.4013
25428.0,8.9976,0.3969
25429.0,9.0114,0.3983
25430.0,8.9976,0.3974
25431.0,9.0031,0.3996
25432.0,9.008,0.3988
25433.0,8.9935,0.3972
25434.0,8.9975,0.4028
25435.0,9.0036,0.403
25436.0,9.013,0.4005
25437.0,8.9881,0.397
25438.0,8.9547,0.4004
25439.0,9.0102,0.3982
25440.0,9.0139,0.4039
25441.0,9.003,0.3964
25442.0,9.004,0.402
25443.0,8.9915,0.4019
25444.0,9.0075,0.4027
25445.0,9.0128,0.4006
25446.0,9.0008,0.399
25447.0,9.0374,0.4072
25448.0,8.9765,0.3974
25449.0,9.0024,0.4022
25450.0,8.9824,0.4001
25451.0,9.0132,0.401
25452.0,8.9763,0.401
25453.0,8.98,0.3968
25454.0,8.9905,0.396
25455.0,9.004,0.3962
25456.0,8.9911,0.3987
25457.0,8.9912,0.4007
25458.0,8.9973,0.3979
25459.0,8.9964,0.3957
25460.0,9.0223,0.4028
25461.0,9.0103,0.3954
25462.0,8.9951,0.4014
25463.0,9.0315,0.3977
25464.0,9.0074,0.4037
25465.0,8.9855,0.3984
25466.0,9.0038,0.3947
25467.0,9.008,0.3999
25468.0,8.9897,0.3975
25469.0,8.9842,0.4024
25470.0,9.0013,0.401
25471.0,8.9946,0.3981
25472.0,9.0222,0.397
25473.0,9.0111,0.3967
25474.0,8.9904,0.3982
25475.0,9.0064,0.4041
25476.0,9.019,0.3996
25477.0,8.9791,0.4028
25478.0,8.9847,0.3956
25479.0,8.9998,0.3942
25480.0,9.0005,0.3972
25481.0,8.9992,0.402
25482.0,8.9953,0.3991
25483.0,8.9951,0.4027
25484.0,9.0058,0.4038
25485.0,9.017,0.3971
25486.0,8.9928,0.4025
25487.0,9.0366,0.4042
25488.0,9.0294,0.4031
25489.0,9.0199,0.3952
25490.0,9.0093,0.3944
25491.0,9.0301,0.3987
25492.0,8.9956,0.3988
25493.0,8.9875,0.4025
25494.0,8.9921,0.3971
25495.0,8.985,0.4012
25496.0,9.0018,0.3968
25497.0,9.0045,0.401
25498.0,9.003,0.3986
25499.0,8.9998,0.4011
25500.0,9.002,0.3989
25501.0,9.026,0.3934
25502.0,9.0093,0.4015
25503.0,9.0138,0.4035
25504.0,9.0029,0.3975
25505.0,8.9758,0.4024
25506.0,8.9728,0.3982
25507.0,9.0312,0.396
25508.0,8.992,0.3982
25509.0,8.9907,0.3994
25510.0,9.0037,0.396
25511.0,9.0083,0.404
25512.0,9.0102,0.3954
25513.0,9.0266,0.3984
25514.0,9.0225,0.3972
25515.0,8.9878,0.4041
25516.0,9.0145,0.3955
25517.0,8.9942,0.4025
25518.0,8.9979,0.4006
25519.0,8.9836,0.3963
25520.0,8.9746,0.3989
25521.0,8.9995,0.3995
25522.0,8.9857,0.4018
25523.0,9.0139,0.3981
25524.0,8.9958,0.4019
25525.0,9.0046,0.4001
25526.0,9.0205,0.4014
25527.0,8.9777,0.3974
25528.0,8.9891,0.3993
25529.0,9.0027,0.4003
25530.0,9.0047,0.4002
25531.0,9.0166,0.3999
25532.0,9.013,0.4063
25533.0,9.0015,0.4017
25534.0,9.0046,0.4022
25535.0,9.005,0.4007
25536.0,8.978,0.4016
25537.0,8.9977,0.4006
25538.0,9.0037,0.4055
25539.0,9.0069,0.3998
25540.0,8.9861,0.4025
25541.0,8.981,0.4063
25542.0,8.9965,0.402
25543.0,9.0295,0.3991
25544.0,8.9877,0.3978
25545.0,9.0176,0.3985
25546.0,9.0238,0.4012
25547.0,9.0007,0.4054
25548.0,8.9898,0.4018
25549.0,9.0077,0.3988
25550.0,9.0029,0.3991
25551.0,8.9871,0.3996
25552.0,8.9901,0.396
25553.0,9.0068,0.3986
25554.0,9.014,0.3985
25555.0,8.9952,0.4083
25556.0,8.999,0.4028
25557.0,9.01,0.3968
25558.0,8.9974,0.3953
25559.0,8.9955,0.3961
25560.0,8.9887,0.4042
25561.0,8.9884,0.396
25562.0,9.04,0.4048
25563.0,8.9971,0.4007
25564.0,9.0205,0.3993
25565.0,9.0253,0.3966
25566.0,8.9972,0.4038
25567.0,9.0055,0.4016
25568.0,9.0015,0.4027
25569.0,8.9758,0.3992
25570.0,8.9767,0.402
25571.0,9.0007,0.4044
25572.0,8.9936,0.4018
25573.0,9.0284,0.3968
25574.0,8.9965,0.4016
25575.0,9.0293,0.4023
25576.0,8.9929,0.405
25577.0,9.0287,0.4018
25578.0,9.0076,0.4033
25579.0,9.0084,0.4018
25580.0,8.9923,0.3959
25581.0,9.0087,0.4025
25582.0,9.0254,0.4004
25583.0,8.9978,0.406
25584.0,8.9949,0.3957
25585.0,8.9963,0.3966
25586.0,9.0243,0.4022
25587.0,9.0128,0.4045
25588.0,9.0217,0.3996
25589.0,9.0047,0.3997
25590.0,9.0006,0.4006
25591.0,9.0064,0.3985
25592.0,9.0161,0.403
25593.0,8.9963,0.3986
25594.0,9.0205,0.4021
25595.0,9.0055,0.396
25596.0,8.9639,0.4052
25597.0,9.0133,0.3936
25598.0,8.9809,0.3968
25599.0,9.0129,0.4068
25600.0,9.0135,0.4003
25601.0,9.0049,0.398
25602.0,9.0082,0.3962
25603.0,9.0165,0.3987
25604.0,8.9926,0.4009
25605.0,9.0119,0.4015
25606.0,9.0174,0.401
25607.0,9.0264,0.3946
25608.0,8.9834,0.4004
25609.0,9.0061,0.401
25610.0,8.9856,0.401
25611.0,8.9849,0.4001
25612.0,9.0054,0.3963
25613.0,9.0012,0.3972
25614.0,9.0172,0.4036
25615.0,8.9948,0.3977
25616.0,8.998,0.3978
25617.0,9.0032,0.3991
25618.0,8.9871,0.3964
25619.0,8.9892,0.4019
25620.0,9.0167,0.3962
25621.0,8.9918,0.4033
25622.0,9.0177,0.396
25623.0,9.0091,0.3992
25624.0,8.9768,0.401
25625.0,9.008,0.4024
25626.0,9.0078,0.3993
25627.0,9.0063,0.3979
25628.0,8.9979,0.4043
25629.0,8.9859,0.4005
25630.0,9.0202,0.3995
25631.0,8.9985,0.3945
25632.0,8.9867,0.4006
25633.0,9.0069,0.4
25634.0,8.9889,0.3959
25635.0,8.9858,0.3977
25636.0,8.9944,0.4003
25637.0,8.99,0.4014
25638.0,8.9863,0.3969
25639.0,9.0121,0.397
25640.0,8.9983,0.4003
25641.0,9.0188,0.3975
25642.0,8.9872,0.3994
25643.0,8.9741,0.4053
25644.0,9.0022,0.3999
25645.0,9.0278,0.4031
25646.0,9.008,0.3963
25647.0,9.0482,0.3977
25648.0,9.005,0.3976
25649.0,9.0035,0.3967
25650.0,8.9677,0.3947
25651.0,9.0064,0.4006
25652.0,9.0025,0.4012
25653.0,8.9939,0.3972
25654.0,8.9979,0.3978
25655.0,8.999,0.4002
25656.0,8.9973,0.4001
25657.0,9.0313,0.4031
25658.0,8.9944,0.4034
25659.0,9.0025,0.398
25660.0,8.9939,0.3998
25661.0,9.0118,0.397
25662.0,9.0027,0.4045
25663.0,8.9958,0.4008
25664.0,8.9711,0.403
25665.0,9.0036,0.3989
25666.0,8.9954,0.4031
25667.0,8.9991,0.4022
25668.0,8.9823,0.4038
25669.0,9.0215,0.396
25670.0,9.0129,0.4002
25671.0,9.0215,0.4033
25672.0,9.0172,0.3972
25673.0,9.0089,0.4016
25674.0,8.9829,0.4017
25675.0,9.0277,0.4021
25676.0,8.9861,0.401
25677.0,8.996,0.4019
25678.0,9.0106,0.4013
25679.0,9.0113,0.4036
25680.0,9.0086,0.3978
25681.0,8.994,0.401
25682.0,8.9909,0.4037
25683.0,9.038,0.3976
25684.0,8.9994,0.3979
25685.0,8.9976,0.4016
25686.0,8.9893,0.4041
25687.0,9.0037,0.3996
25688.0,9.003,0.4003
25689.0,8.9998,0.4011
25690.0,9.0057,0.3985
25691.0,9.0265,0.4066
25692.0,8.9911,0.3972
25693.0,9.0006,0.4003
25694.0,8.9903,0.4003
25695.0,9.0044,0.3934
25696.0,8.9915,0.3975
25697.0,8.9921,0.3959
25698.0,8.9781,0.4022
25699.0,9.0015,0.3949
25700.0,9.0064,0.4028
25701.0,9.0279,0.3965
25702.0,9.007,0.4029
25703.0,8.9933,0.3958
25704.0,8.9796,0.4013
25705.0,8.9817,0.4028
25706.0,8.9806,0.4017
25707.0,9.0282,0.3963
25708.0,9.0043,0.4034
25709.0,8.9913,0.4016
25710.0,8.9856,0.3929
25711.0,8.9872,0.4003
25712.0,8.9909,0.4085
25713.0,9.0197,0.4033
25714.0,8.9996,0.3985
25715.0,8.9783,0.4016
25716.0,9.0347,0.3988
25717.0,8.9829,0.403
25718.0,8.9911,0.3976
25719.0,9.0197,0.4036
25720.0,9.0062,0.4028
25721.0,8.993,0.4019
25722.0,8.9815,0.4062
25723.0,8.9855,0.403
25724.0,8.9864,0.4031
25725.0,9.0001,0.4034
25726.0,9.0029,0.4021
25727.0,8.9978,0.4014
25728.0,8.9994,0.398
25729.0,8.9842,0.398
25730.0,9.0044,0.4013
25731.0,9.0192,0.4018
25732.0,8.9976,0.4001
25733.0,8.9973,0.3986
25734.0,9.0012,0.3996
25735.0,9.0168,0.3998
25736.0,8.9866,0.4008
25737.0,9.0218,0.3993
25738.0,9.0063,0.4035
25739.0,9.0004,0.3997
25740.0,9.0182,0.3981
25741.0,8.9823,0.3998
25742.0,9.0078,0.3967
25743.0,9.0065,0.406
25744.0,8.986,0.402
25745.0,9.0069,0.4
25746.0,9.0042,0.4042
25747.0,8.9973,0.3994
25748.0,9.0129,0.3999
25749.0,8.9914,0.3979
25750.0,9.0041,0.3972
25751.0,8.998,0.4006
25752.0,8.9908,0.4032
25753.0,9.0075,0.3974
25754.0,8.9969,0.3993
25755.0,8.9779,0.3994
25756.0,8.973,0.4023
25757.0,9.0118,0.3987
25758.0,8.9817,0.4023
25759.0,9.0042,0.4021
25760.0,9.0008,0.398
25761.0,8.9945,0.3991
25762.0,9.0294,0.4002
25763.0,9.0027,0.3987
25764.0,9.0113,0.3973
25765.0,9.0043,0.4044
25766.0,8.9965,0.3947
25767.0,8.9997,0.4007
25768.0,9.0219,0.4041
25769.0,9.0163,0.3976
25770.0,9.0293,0.4001
25771.0,9.0033,0.4027
25772.0,8.9868,0.3909
25773.0,8.9934,0.3998
25774.0,8.9822,0.3953
25775.0,9.0115,0.4029
25776.0,8.9912,0.3976
25777.0,8.9542,0.4054
25778.0,9.037,0.3971
25779.0,8.9914,0.4013
25780.0,8.9914,0.3974
25781.0,9.0251,0.3993
25782.0,8.9819,0.4
25783.0,9.017,0.4001
25784.0,8.9912,0.405
25785.0,8.9801,0.4043
25786.0,9.0256,0.3978
25787.0,9.0138,0.4001
25788.0,9.0138,0.3965
25789.0,9.0055,0.3958
25790.0,9.009,0.398
25791.0,8.9815,0.405
25792.0,9.0017,0.3949
25793.0,8.9861,0.4017
25794.0,8.9792,0.4014
25795.0,9.0062,0.3978
25796.0,9.0174,0.4019
25797.0,8.9942,0.4019
25798.0,8.9968,0.3999
25799.0,8.9829,0.3995
25800.0,9.0001,0.3993
25801.0,9.0114,0.3975
25802.0,9.0119,0.4005
25803.0,9.0082,0.3985
25804.0,8.9907,0.4005
25805.0,8.9902,0.3982
25806.0,9.0119,0.398
25807.0,9.0122,0.3984
25808.0,8.9974,0.4038
25809.0,8.9936,0.3959
25810.0,9.0175,0.4053
25811.0,8.9946,0.4023
25812.0,9.0112,0.3953
25813.0,8.9979,0.3983
25814.0,8.9843,0.3951
25815.0,9.0242,0.4019
25816.0,9.0018,0.4038
25817.0,8.9893,0.4007
25818.0,8.9791,0.4037
25819.0,8.9806,0.4006
25820.0,8.9944,0.4029
25821.0,9.0289,0.4009
25822.0,8.9912,0.4
25823.0,9.0217,0.4023
25824.0,8.998,0.3995
25825.0,8.9823,0.4044
25826.0,8.9929,0.3991
25827.0,8.9808,0.4017
25828.0,8.9872,0.3979
25829.0,8.9867,0.3953
25830.0,8.9714,0.4011
25831.0,9.0227,0.3946
25832.0,9.0032,0.4064
25833.0,8.9897,0.3989
25834.0,9.0033,0.3998
25835.0,8.9875,0.3991
25836.0,8.9599,0.4004
25837.0,9.0444,0.401
25838.0,9.0028,0.3975
25839.0,8.9912,0.3923
25840.0,8.971,0.3967
25841.0,8.9776,0.3985
25842.0,9.0248,0.4008
25843.0,9.0225,0.4006
25844.0,9.0113,0.4023
25845.0,8.9833,0.3951
25846.0,9.0226,0.3973
25847.0,9.0067,0.3987
25848.0,9.0098,0.4046
25849.0,9.0067,0.4082
25850.0,8.9774,0.396
25851.0,8.982,0.4033
25852.0,8.9923,0.4003
25853.0,9.0097,0.4017
25854.0,8.9793,0.396
25855.0,8.9974,0.4041
25856.0,8.9974,0.3933
25857.0,9.0119,0.3961
25858.0,9.0101,0.3992
25859.0,8.9848,0.3982
25860.0,9.0217,0.4001
25861.0,8.9826,0.3979
25862.0,9.0164,0.3989
25863.0,8.9917,0.3994
25864.0,9.0025,0.3993
25865.0,9.0034,0.4004
25866.0,9.003,0.4027
25867.0,9.0101,0.3977
25868.0,9.0059,0.404
25869.0,9.0118,0.4001
25870.0,9.007,0.4038
25871.0,8.981,0.399
25872.0,9.004,0.3974
25873.0,8.9915,0.4002
25874.0,8.9834,0.4077
25875.0,8.9957,0.3959
25876.0,9.0027,0.402
25877.0,9.0037,0.4005
25878.0,9.0158,0.4012
25879.0,9.0196,0.3964
25880.0,9.005,0.4014
25881.0,9.0078,0.4009
25882.0,9.0014,0.3955
25883.0,9.0115,0.4004
25884.0,9.0073,0.3993
25885.0,8.9992,0.3989
25886.0,9.0323,0.3999
25887.0,8.9918,0.4033
25888.0,9.0218,0.4014
25889.0,8.9797,0.3969
25890.0,9.0122,0.4015
25891.0,9.0215,0.3999
25892.0,8.9714,0.3982
25893.0,9.0021,0.3963
25894.0,9.0107,0.4024
25895.0,9.0038,0.3983
25896.0,9.0057,0.4027
25897.0,9.002,0.3968
25898.0,8.9836,0.406
25899.0,9.0355,0.4079
25900.0,8.9924,0.4016
25901.0,9.0065,0.4039
25902.0,8.9903,0.3986
25903.0,8.9659,0.3983
25904.0,8.9861,0.4036
25905.0,8.9783,0.4005
25906.0,9.0164,0.3959
25907.0,8.9909,0.4002
25908.0,8.9923,0.3963
25909.0,8.984,0.3994
25910.0,9.0014,0.4031
25911.0,8.9893,0.4044
25912.0,9.0149,0.4008
25913.0,9.0045,0.404
25914.0,8.9914,0.3986
25915.0,9.0128,0.4051
25916.0,9.0001,0.3978
25917.0,9.0003,0.3976
25918.0,8.9781,0.3986
25919.0,8.9989,0.3978
25920.0,9.0048,0.4016
25921.0,9.02,0.4038
25922.0,8.9887,0.4
25923.0,9.0342,0.4009
25924.0,9.0084,0.3959
25925.0,8.9772,0.4003
25926.0,8.9873,0.4053
25927.0,9.0213,0.4042
25928.0,9.0186,0.3967
25929.0,9.0003,0.3987
25930.0,9.0022,0.4102
25931.0,8.9825,0.4013
25932.0,9.0198,0.4045
25933.0,8.9852,0.4048
25934.0,9.0127,0.3967
25935.0,9.0203,0.4022
25936.0,9.0007,0.4006
25937.0,9.0145,0.4052
25938.0,9.0277,0.4059
25939.0,9.004,0.3975
25940.0,8.9974,0.4103
25941.0,8.999,0.4005
25942.0,8.9889,0.4019
25943.0,8.9885,0.392
25944.0,9.0066,0.403
25945.0,8.9975,0.3935
25946.0,9.0049,0.3996
25947.0,8.9777,0.3983
25948.0,8.9986,0.4014
25949.0,9.0155,0.4005
25950.0,8.9832,0.4018
25951.0,9.0002,0.4037
25952.0,8.9722,0.397
25953.0,8.9804,0.3994
25954.0,9.0121,0.3975
25955.0,8.9954,0.3972
25956.0,9.0273,0.4058
25957.0,9.0065,0.3962
25958.0,9.008,0.3975
25959.0,8.9839,0.4066
25960.0,8.9942,0.3996
25961.0,8.989,0.3998
25962.0,8.984,0.4012
25963.0,9.01,0.3964
25964.0,9.013,0.3972
25965.0,9.006,0.3982
25966.0,8.9876,0.4031
25967.0,9.005,0.402
25968.0,8.9713,0.3981
25969.0,9.0198,0.3996
25970.0,8.9805,0.4023
25971.0,8.9832,0.3928
25972.0,9.0017,0.4009
25973.0,9.0031,0.4023
25974.0,8.9989,0.3972
25975.0,8.9833,0.402
25976.0,9.017,0.4
25977.0,8.9747,0.4054
25978.0,8.9778,0.3984
25979.0,8.9984,0.4018
25980.0,8.981,0.3956
25981.0,9.0183,0.4002
25982.0,8.9823,0.4024
25983.0,9.0234,0.3984
25984.0,9.0155,0.4034
25985.0,9.0185,0.4028
25986.0,9.0283,0.4004
25987.0,9.0012,0.3992
25988.0,8.9848,0.3907
25989.0,8.9985,0.3981
25990.0,8.9915,0.4033
25991.0,8.9894,0.3992
25992.0,9.0023,0.4014
25993.0,8.9953,0.3986
25994.0,8.9887,0.3957
25995.0,8.9963,0.4022
25996.0,9.0082,0.3963
25997.0,9.0143,0.3992
25998.0,8.976,0.4011
25999.0,8.9955,0.398
26000.0,8.9979,0.4047
26001.0,8.9823,0.4059
26002.0,8.9982,0.3976
26003.0,9.0022,0.3977
26004.0,9.0078,0.3987
26005.0,9.0012,0.4035
26006.0,8.9868,0.4015
26007.0,9.0302,0.4023
26008.0,9.0124,0.4039
26009.0,9.0083,0.3973
26010.0,9.0151,0.4015
26011.0,9.0037,0.4002
26012.0,9.0193,0.4013
26013.0,9.0009,0.4034
26014.0,9.0,0.3995
26015.0,9.0095,0.3979
26016.0,9.0236,0.3968
26017.0,9.0227,0.4053
26018.0,9.0089,0.3999
26019.0,9.0077,0.3959
26020.0,9.0104,0.4041
26021.0,9.0148,0.3949
26022.0,9.0195,0.3954
26023.0,8.9965,0.3991
26024.0,9.0198,0.3984
26025.0,9.0051,0.4009
26026.0,9.0098,0.3942
26027.0,9.0207,0.401
26028.0,9.0112,0.4038
26029.0,9.0137,0.3971
26030.0,8.9942,0.3989
26031.0,9.0225,0.3976
26032.0,9.0104,0.401
26033.0,9.0019,0.3968
26034.0,9.0165,0.3964
26035.0,9.0388,0.3995
26036.0,8.9825,0.401
26037.0,8.9879,0.4005
26038.0,9.0403,0.3987
26039.0,9.0064,0.402
26040.0,9.0029,0.4007
26041.0,8.9983,0.3965
26042.0,9.0181,0.392
26043.0,9.0392,0.4016
26044.0,8.99,0.3992
26045.0,8.9985,0.3967
26046.0,8.9947,0.4049
26047.0,9.011,0.4048
26048.0,9.0183,0.4038
26049.0,9.0243,0.4007
26050.0,9.0115,0.3905
26051.0,9.0378,0.4035
26052.0,8.9914,0.3972
26053.0,8.9875,0.3983
26054.0,9.022,0.4027
26055.0,9.0018,0.4061
26056.0,8.9794,0.4046
26057.0,8.9953,0.4005
26058.0,9.0038,0.4022
26059.0,8.9903,0.3967
26060.0,8.9848,0.3951
26061.0,8.9969,0.4032
26062.0,8.984,0.401
26063.0,9.0095,0.3957
26064.0,8.9708,0.3999
26065.0,9.0014,0.4019
26066.0,9.0078,0.4027
26067.0,8.9986,0.4019
26068.0,9.0164,0.3989
26069.0,8.9794,0.3975
26070.0,8.9895,0.4004
26071.0,8.995,0.4024
26072.0,9.0107,0.4027
26073.0,9.0033,0.4047
26074.0,9.0322,0.4001
26075.0,8.9879,0.3967
26076.0,8.9791,0.4033
26077.0,9.0268,0.4002
26078.0,8.9785,0.3962
26079.0,9.0102,0.4019
26080.0,8.9853,0.4042
26081.0,8.969,0.4011
26082.0,8.9944,0.4043
26083.0,9.0135,0.3985
26084.0,8.9817,0.3978
26085.0,9.0086,0.4026
26086.0,9.0114,0.3989
26087.0,8.9809,0.4036
26088.0,8.9966,0.4005
26089.0,9.0237,0.4037
26090.0,9.0098,0.4019
26091.0,8.9961,0.3973
26092.0,9.0062,0.394
26093.0,8.9897,0.4023
26094.0,9.0167,0.4017
26095.0,9.0167,0.3969
26096.0,9.0018,0.4024
26097.0,9.0035,0.4042
26098.0,8.985,0.3979
26099.0,8.9797,0.3942
26100.0,8.9944,0.4029
26101.0,8.9987,0.4038
26102.0,9.0159,0.3978
26103.0,9.0138,0.4023
26104.0,9.0028,0.401
26105.0,9.0179,0.3997
26106.0,8.9858,0.4017
26107.0,9.0162,0.3985
26108.0,8.9881,0.3967
26109.0,9.0186,0.4012
26110.0,8.9998,0.4008
26111.0,8.97,0.3924
26112.0,9.011,0.3965
26113.0,9.0121,0.398
26114.0,8.9932,0.4016
26115.0,8.9944,0.3954
26116.0,8.9976,0.399
26117.0,8.9711,0.4058
26118.0,8.9645,0.4002
26119.0,9.0195,0.4004
26120.0,8.9876,0.3998
26121.0,9.0278,0.4029
26122.0,9.0206,0.4001
26123.0,9.0235,0.3993
26124.0,8.9902,0.4005
26125.0,8.9759,0.404
26126.0,8.9837,0.4012
26127.0,8.9933,0.4002
26128.0,8.9644,0.4035
26129.0,8.9929,0.3984
26130.0,8.997,0.3904
26131.0,8.9806,0.4013
26132.0,8.9844,0.4013
26133.0,8.9967,0.3981
26134.0,9.0053,0.3992
26135.0,8.9866,0.4038
26136.0,9.0044,0.4014
26137.0,9.0021,0.4044
26138.0,9.0007,0.4008
26139.0,8.9902,0.3995
26140.0,8.98,0.4021
26141.0,9.0254,0.4011
26142.0,9.0095,0.4013
26143.0,9.0151,0.3993
26144.0,8.9987,0.3983
26145.0,8.9975,0.3984
26146.0,9.0074,0.4016
26147.0,8.9725,0.4019
26148.0,8.9833,0.3921
26149.0,8.988,0.3978
26150.0,8.9932,0.3952
26151.0,8.9868,0.3985
26152.0,9.005,0.3982
26153.0,9.0012,0.4004
26154.0,9.0209,0.4006
26155.0,9.0371,0.4064
26156.0,8.9811,0.4011
26157.0,9.0022,0.4019
26158.0,9.0022,0.3957
26159.0,8.9998,0.399
26160.0,8.9837,0.3968
26161.0,8.9862,0.4018
26162.0,9.0036,0.4002
26163.0,8.9858,0.399
26164.0,9.0024,0.4029
26165.0,8.9963,0.3992
26166.0,9.0021,0.404
26167.0,8.9857,0.404
26168.0,9.0024,0.3981
26169.0,8.9868,0.4033
26170.0,9.0024,0.4003
26171.0,9.0201,0.3988
26172.0,9.0039,0.4012
26173.0,9.0048,0.3952
26174.0,9.0123,0.3984
26175.0,8.9789,0.4013
26176.0,9.0258,0.3991
26177.0,8.9842,0.4032
26178.0,9.0132,0.3988
26179.0,9.0112,0.4004
26180.0,8.9865,0.3996
26181.0,9.0151,0.3954
26182.0,9.0075,0.4012
26183.0,9.0283,0.401
26184.0,9.0029,0.3942
26185.0,8.9984,0.3926
26186.0,8.9923,0.3986
26187.0,8.9738,0.4037
26188.0,8.9952,0.4082
26189.0,8.9959,0.3945
26190.0,9.0039,0.4049
26191.0,8.9787,0.4035
26192.0,8.9964,0.3982
26193.0,9.0086,0.4056
26194.0,9.0101,0.4014
26195.0,8.9721,0.3993
26196.0,9.0106,0.3947
26197.0,8.9963,0.4003
26198.0,8.9972,0.4001
26199.0,8.9645,0.4067
26200.0,9.0224,0.3972
26201.0,9.0027,0.3973
26202.0,8.977,0.3985
26203.0,9.0056,0.408
26204.0,9.0052,0.3965
26205.0,9.0183,0.4039
26206.0,8.9954,0.3953
26207.0,9.0002,0.4013
26208.0,8.9904,0.4003
26209.0,9.009,0.3979
26210.0,8.9882,0.4022
26211.0,8.9866,0.3976
26212.0,8.999,0.3952
26213.0,8.9816,0.3991
26214.0,9.024,0.3972
26215.0,9.0289,0.4008
26216.0,8.9932,0.3991
26217.0,8.9792,0.4047
26218.0,9.005,0.399
26219.0,8.9928,0.4008
26220.0,9.0176,0.3965
26221.0,8.9882,0.3987
26222.0,9.0082,0.3973
26223.0,9.0017,0.4036
26224.0,8.9899,0.3977
26225.0,9.0036,0.398
26226.0,9.0132,0.4009
26227.0,9.0013,0.3979
26228.0,9.0015,0.4042
26229.0,8.9869,0.4059
26230.0,9.0172,0.3973
26231.0,9.0157,0.4025
26232.0,8.9938,0.3975
26233.0,8.9981,0.3989
26234.0,9.0212,0.4021
26235.0,8.983,0.4004
26236.0,9.0091,0.4005
26237.0,8.9916,0.4033
26238.0,9.0267,0.4033
26239.0,9.001,0.4002
26240.0,9.0189,0.3981
26241.0,8.9886,0.4
26242.0,8.9813,0.397
26243.0,8.9965,0.4024
26244.0,9.0039,0.3994
26245.0,8.9923,0.3967
26246.0,9.0114,0.404
26247.0,8.9969,0.4
26248.0,8.9688,0.3978
26249.0,9.0083,0.4034
26250.0,8.9868,0.4038
26251.0,8.9946,0.3943
26252.0,9.0233,0.4033
26253.0,9.0266,0.4005
26254.0,8.9914,0.4029
26255.0,9.0087,0.3998
26256.0,8.9917,0.4011
26257.0,8.9957,0.3991
26258.0,8.9909,0.403
26259.0,8.9741,0.398
26260.0,9.0014,0.4031
26261.0,9.0043,0.4005
26262.0,8.9899,0.4023
26263.0,9.0163,0.397
26264.0,8.9935,0.4013
26265.0,8.9904,0.4016
26266.0,9.0079,0.4056
26267.0,8.9769,0.4021
26268.0,9.0136,0.3982
26269.0,8.994,0.3981
26270.0,9.0148,0.4023
26271.0,9.0193,0.3984
26272.0,9.0096,0.3984
26273.0,8.9878,0.3974
26274.0,8.9812,0.4004
26275.0,8.9785,0.4007
26276.0,9.0165,0.399
26277.0,8.998,0.4051
26278.0,8.991,0.4017
26279.0,8.998,0.4053
26280.0,9.0162,0.4004
26281.0,9.0117,0.3978
26282.0,9.0066,0.397
26283.0,9.0096,0.3996
26284.0,9.0027,0.4023
26285.0,9.0045,0.3991
26286.0,9.0033,0.4026
26287.0,9.0,0.4042
26288.0,9.0113,0.3976
26289.0,9.0054,0.3967
26290.0,8.9868,0.4028
26291.0,9.0079,0.4008
26292.0,9.0037,0.401
26293.0,9.0092,0.4021
26294.0,8.9984,0.3954
26295.0,9.0122,0.4013
26296.0,8.9991,0.4005
26297.0,9.0109,0.4014
26298.0,8.9932,0.3971
26299.0,8.9942,0.4002
26300.0,9.009,0.3985
26301.0,8.995,0.4031
26302.0,9.0331,0.3997
26303.0,9.0085,0.3982
26304.0,9.0004,0.397
26305.0,9.0123,0.4026
26306.0,8.9928,0.4029
26307.0,9.0138,0.4058
26308.0,9.0134,0.399
26309.0,9.0188,0.397
26310.0,8.9934,0.3996
26311.0,8.9817,0.3979
26312.0,8.9908,0.3981
26313.0,8.9958,0.4014
26314.0,9.025,0.4033
26315.0,9.0329,0.4012
26316.0,9.0052,0.4003
26317.0,9.0001,0.4025
26318.0,8.9948,0.3993
26319.0,9.0124,0.4043
26320.0,9.0328,0.409
26321.0,9.0268,0.3981
26322.0,9.0171,0.4036
26323.0,9.0168,0.4036
26324.0,9.0125,0.4016
26325.0,8.9993,0.4039
26326.0,8.989,0.4011
26327.0,8.9997,0.4019
26328.0,9.0063,0.4002
26329.0,8.9782,0.4004
26330.0,8.9977,0.4019
26331.0,8.9876,0.4013
26332.0,9.0152,0.3969
26333.0,8.9918,0.4015
26334.0,9.0049,0.3993
26335.0,8.9895,0.3983
26336.0,9.024,0.4029
26337.0,8.9745,0.3972
26338.0,9.0071,0.3992
26339.0,8.9808,0.3968
26340.0,8.9924,0.3988
26341.0,9.0031,0.4072
26342.0,9.0038,0.3977
26343.0,9.0034,0.3995
26344.0,9.0023,0.4042
26345.0,8.9904,0.4013
26346.0,8.9975,0.3996
26347.0,9.0005,0.3979
26348.0,9.0029,0.402
26349.0,8.999,0.399
26350.0,9.0109,0.4065
26351.0,9.0014,0.3992
26352.0,9.003,0.4051
26353.0,8.9943,0.4026
26354.0,8.9842,0.4026
26355.0,9.0023,0.3995
26356.0,9.0181,0.3986
26357.0,9.0067,0.3992
26358.0,8.9877,0.4031
26359.0,9.0122,0.4016
26360.0,8.995,0.3944
26361.0,9.0107,0.3961
26362.0,8.9945,0.3996
26363.0,9.0053,0.4016
26364.0,8.9922,0.3993
26365.0,8.9926,0.3985
26366.0,8.9765,0.397
26367.0,9.0077,0.4027
26368.0,9.0056,0.4003
26369.0,9.0064,0.405
26370.0,9.0041,0.3961
26371.0,8.9886,0.4021
26372.0,9.0145,0.4016
26373.0,9.0149,0.4025
26374.0,8.9882,0.4025
26375.0,9.008,0.3985
26376.0,9.0131,0.3995
26377.0,8.9929,0.4005
26378.0,8.9956,0.397
26379.0,9.008,0.4031
26380.0,8.9773,0.3926
26381.0,8.9837,0.3965
26382.0,8.9852,0.395
26383.0,8.9731,0.4033
26384.0,9.0163,0.4006
26385.0,8.9702,0.3984
26386.0,9.0051,0.4003
26387.0,9.0122,0.4008
26388.0,8.9956,0.3963
26389.0,8.99,0.4004
26390.0,9.0035,0.4042
26391.0,9.0,0.4047
26392.0,9.0151,0.4026
26393.0,8.9606,0.4008
26394.0,8.9862,0.4028
26395.0,9.0084,0.4021
26396.0,9.0008,0.3966
26397.0,9.0113,0.3973
26398.0,9.0039,0.4019
26399.0,8.998,0.398
26400.0,8.9955,0.3969
26401.0,9.0349,0.4039
26402.0,9.023,0.4002
26403.0,9.0074,0.3998
26404.0,9.0012,0.3964
26405.0,9.0081,0.3987
26406.0,9.0124,0.399
26407.0,9.0063,0.3973
26408.0,8.9887,0.3964
26409.0,9.0268,0.4052
26410.0,9.0037,0.4042
26411.0,9.0302,0.3997
26412.0,9.0028,0.396
26413.0,8.9963,0.3948
26414.0,9.0208,0.3986
26415.0,9.0045,0.3932
26416.0,9.002,0.3986
26417.0,8.982,0.3939
26418.0,9.0099,0.3997
26419.0,8.9926,0.4006
26420.0,8.9933,0.3994
26421.0,8.9926,0.4065
26422.0,9.0066,0.3994
26423.0,8.977,0.4052
26424.0,8.9968,0.4009
26425.0,9.0147,0.406
26426.0,8.9813,0.3947
26427.0,9.0026,0.3968
26428.0,8.9905,0.3991
26429.0,8.9939,0.4048
26430.0,9.0248,0.3993
26431.0,8.9752,0.398
26432.0,9.0115,0.4018
26433.0,8.9928,0.4027
26434.0,8.9921,0.3977
26435.0,8.9833,0.3979
26436.0,9.0113,0.4051
26437.0,8.9971,0.4037
26438.0,8.9952,0.4045
26439.0,9.0016,0.4028
26440.0,8.9974,0.3974
26441.0,8.97,0.3999
26442.0,8.9926,0.3968
26443.0,9.0134,0.4029
26444.0,8.9774,0.3984
26445.0,8.9837,0.3949
26446.0,8.9936,0.4003
26447.0,8.9891,0.4034
26448.0,8.9996,0.3959
26449.0,8.9836,0.3996
26450.0,8.9942,0.3983
26451.0,8.9993,0.403
26452.0,9.0097,0.3939
26453.0,9.0187,0.4034
26454.0,8.9961,0.3979
26455.0,9.0283,0.3995
26456.0,8.9972,0.4026
26457.0,9.0124,0.4044
26458.0,9.029,0.4002
26459.0,9.0021,0.3978
26460.0,8.9794,0.3984
26461.0,9.0014,0.4035
26462.0,8.9908,0.3973
26463.0,8.9959,0.401
26464.0,9.0298,0.4
26465.0,8.9817,0.4023
26466.0,9.0045,0.4001
26467.0,8.9868,0.3987
26468.0,8.9954,0.3985
26469.0,9.0112,0.3984
26470.0,9.0048,0.3959
26471.0,8.9966,0.4015
26472.0,8.9903,0.4006
26473.0,9.0047,0.3956
26474.0,9.0256,0.3988
26475.0,8.9865,0.3992
26476.0,9.0287,0.3982
26477.0,9.018,0.3996
26478.0,9.0205,0.3997
26479.0,9.0046,0.4027
26480.0,9.0176,0.4
26481.0,8.9849,0.4018
26482.0,8.99,0.3958
26483.0,9.0115,0.3968
26484.0,9.0044,0.3959
26485.0,8.9978,0.3988
26486.0,8.9625,0.4002
26487.0,8.9935,0.405
26488.0,8.9824,0.3975
26489.0,9.0074,0.4025
26490.0,8.9971,0.3975
26491.0,8.9906,0.4001
26492.0,9.0396,0.3995
26493.0,9.0156,0.3972
26494.0,9.0158,0.3975
26495.0,9.033,0.4048
26496.0,9.012,0.3984
26497.0,8.9884,0.403
26498.0,8.9867,0.402
26499.0,9.0145,0.3982
26500.0,8.9691,0.4
26501.0,8.9988,0.4004
26502.0,8.9674,0.4015
26503.0,9.0015,0.3988
26504.0,9.0128,0.3955
26505.0,9.0042,0.3979
26506.0,9.0141,0.4035
26507.0,9.0295,0.3999
26508.0,8.9978,0.3987
26509.0,9.0421,0.3956
26510.0,9.0032,0.4037
26511.0,9.0142,0.3994
26512.0,8.9908,0.4033
26513.0,9.0243,0.402
26514.0,9.0156,0.4024
26515.0,9.0221,0.405
26516.0,9.0008,0.4004
26517.0,8.9812,0.3996
26518.0,9.0069,0.4047
26519.0,8.9745,0.4025
26520.0,8.995,0.3979
26521.0,9.0029,0.4031
26522.0,9.0357,0.4045
26523.0,9.0048,0.3931
26524.0,9.0021,0.3963
26525.0,8.9991,0.3976
26526.0,8.9799,0.4022
26527.0,9.0013,0.4024
26528.0,9.0015,0.4016
26529.0,8.9855,0.4026
26530.0,8.9822,0.3967
26531.0,8.9928,0.3964
26532.0,9.001,0.4038
26533.0,8.9931,0.4003
26534.0,8.9842,0.4036
26535.0,9.0043,0.3979
26536.0,9.0081,0.3968
26537.0,9.0018,0.3962
26538.0,8.9916,0.4024
26539.0,9.0089,0.4034
26540.0,8.9971,0.4016
26541.0,8.9822,0.3985
26542.0,9.0155,0.4019
26543.0,9.0053,0.4018
26544.0,8.9982,0.3939
26545.0,8.9764,0.3989
26546.0,8.9888,0.4008
26547.0,9.0303,0.4033
26548.0,8.9774,0.3997
26549.0,8.9962,0.4004
26550.0,8.9998,0.3998
26551.0,9.0048,0.4008
26552.0,8.9775,0.3959
26553.0,9.0026,0.3982
26554.0,8.9747,0.3933
26555.0,9.0015,0.3987
26556.0,8.9902,0.4015
26557.0,8.987,0.3976
26558.0,9.0125,0.3992
26559.0,8.9965,0.4012
26560.0,9.0071,0.4082
26561.0,9.0076,0.3998
26562.0,9.019,0.4022
26563.0,8.9819,0.3994
26564.0,9.0138,0.4011
26565.0,9.0002,0.3999
26566.0,8.9943,0.3987
26567.0,8.9828,0.3994
26568.0,9.0091,0.4037
26569.0,8.9862,0.4009
26570.0,9.0078,0.3964
26571.0,9.0289,0.3987
26572.0,9.0147,0.3973
26573.0,9.0209,0.4028
26574.0,8.9892,0.3977
26575.0,9.0114,0.4026
26576.0,8.9828,0.4029
26577.0,8.9965,0.4004
26578.0,9.0261,0.4016
26579.0,8.9909,0.3985
26580.0,9.0167,0.4025
26581.0,9.0152,0.3963
26582.0,9.0161,0.3986
26583.0,8.981,0.3991
26584.0,9.0079,0.403
26585.0,8.9977,0.4051
26586.0,9.0163,0.3986
26587.0,8.9752,0.3997
26588.0,9.0055,0.3965
26589.0,9.0034,0.3998
26590.0,8.9701,0.4033
26591.0,8.9867,0.3946
26592.0,8.9725,0.4001
26593.0,8.9891,0.4022
26594.0,9.0082,0.4002
26595.0,9.0029,0.3994
26596.0,9.0025,0.4026
26597.0,8.9844,0.3976
26598.0,9.0168,0.3977
26599.0,8.9997,0.3945
26600.0,9.0005,0.401
26601.0,9.0141,0.4007
26602.0,8.9851,0.3983
26603.0,9.0034,0.3973
26604.0,9.0064,0.3999
26605.0,8.9918,0.4003
26606.0,9.0098,0.3964
26607.0,9.0072,0.3942
26608.0,8.9985,0.3948
26609.0,8.998,0.3956
26610.0,9.0079,0.3964
26611.0,9.0118,0.3997
26612.0,9.0009,0.4003
26613.0,9.0168,0.3995
26614.0,9.0099,0.4011
26615.0,8.9732,0.4012
26616.0,8.9789,0.401
26617.0,9.0177,0.4003
26618.0,8.9963,0.3968
26619.0,9.0025,0.396
26620.0,9.0171,0.3983
26621.0,8.9999,0.4034
26622.0,9.0006,0.407
26623.0,8.987,0.4017
26624.0,9.0055,0.4011
26625.0,9.0088,0.4032
26626.0,8.9913,0.4045
26627.0,8.9862,0.3972
26628.0,9.0394,0.4087
26629.0,8.9986,0.4048
26630.0,8.9897,0.3959
26631.0,9.0106,0.397
26632.0,8.9992,0.4085
26633.0,8.9837,0.4031
26634.0,9.0072,0.3982
26635.0,8.9872,0.4002
26636.0,9.0236,0.4023
26637.0,9.0074,0.4027
26638.0,8.9958,0.4041
26639.0,9.0016,0.4007
26640.0,9.0135,0.4008
26641.0,9.0028,0.3989
26642.0,9.0318,0.3972
26643.0,9.017,0.3971
26644.0,9.0073,0.3996
26645.0,8.9859,0.401
26646.0,8.9978,0.3956
26647.0,9.0072,0.4061
26648.0,8.9877,0.3979
26649.0,9.0194,0.3974
26650.0,8.9854,0.3999
26651.0,8.9904,0.3929
26652.0,8.9916,0.4011
26653.0,9.0112,0.397
26654.0,8.9879,0.3942
26655.0,8.973,0.4004
26656.0,9.0163,0.4004
26657.0,8.9933,0.4058
26658.0,8.984,0.4005
26659.0,8.9887,0.4005
26660.0,9.0258,0.4001
26661.0,8.9901,0.3923
26662.0,8.9981,0.4002
26663.0,8.9933,0.3999
26664.0,8.9815,0.3996
26665.0,8.9889,0.3975
26666.0,8.9805,0.4017
26667.0,9.0143,0.3971
26668.0,9.0015,0.4021
26669.0,9.0372,0.4012
26670.0,8.9894,0.4042
26671.0,8.9871,0.3986
26672.0,9.023,0.404
26673.0,9.0159,0.4006
26674.0,9.0058,0.3998
26675.0,8.9833,0.3974
26676.0,9.0262,0.4012
26677.0,8.9989,0.3986
26678.0,8.9935,0.3999
26679.0,9.0171,0.4023
26680.0,8.9997,0.3999
26681.0,8.9825,0.401
26682.0,9.0006,0.4045
26683.0,8.9883,0.4017
26684.0,8.9549,0.398
26685.0,8.9868,0.3988
26686.0,8.9921,0.4004
26687.0,8.9827,0.4064
26688.0,9.0086,0.396
26689.0,8.9883,0.4006
26690.0,9.0072,0.4041
26691.0,8.9815,0.4018
26692.0,9.0136,0.3996
26693.0,8.9809,0.3948
26694.0,8.9649,0.4045
26695.0,9.0186,0.3986
26696.0,8.9872,0.3971
26697.0,9.0264,0.4008
26698.0,9.0085,0.4043
26699.0,9.0119,0.4012
26700.0,9.0157,0.3989
26701.0,9.0017,0.4007
26702.0,9.0019,0.4004
26703.0,9.0192,0.3986
26704.0,9.0017,0.4002
26705.0,8.9891,0.3975
26706.0,9.0088,0.397
26707.0,8.9683,0.4017
26708.0,9.0198,0.3988
26709.0,9.0201,0.3999
26710.0,9.018,0.3977
26711.0,9.0174,0.3983
26712.0,8.9987,0.3985
26713.0,8.9984,0.3982
26714.0,8.9816,0.3988
26715.0,9.0262,0.4006
26716.0,8.9927,0.4042
26717.0,9.0051,0.4023
26718.0,9.0038,0.399
26719.0,8.9799,0.3981
26720.0,8.9738,0.3947
26721.0,9.0001,0.398
26722.0,8.9932,0.3967
26723.0,8.9987,0.4002
26724.0,9.016,0.405
26725.0,9.0034,0.3988
26726.0,9.0114,0.3956
26727.0,9.0067,0.3994
26728.0,8.9953,0.3987
26729.0,8.985,0.4038
26730.0,9.004,0.3943
26731.0,9.0013,0.397
26732.0,9.0137,0.4023
26733.0,8.9977,0.3953
26734.0,8.9955,0.4017
26735.0,8.9966,0.398
26736.0,8.9862,0.4031
26737.0,9.0217,0.3999
26738.0,9.0171,0.3995
26739.0,8.9818,0.4018
26740.0,9.0121,0.4001
26741.0,8.9723,0.3963
26742.0,9.0148,0.3984
26743.0,8.9896,0.3951
26744.0,9.0054,0.3974
26745.0,8.9711,0.3936
26746.0,8.982,0.407
26747.0,9.007,0.3999
26748.0,8.9895,0.4016
26749.0,8.9874,0.3975
26750.0,9.0209,0.4016
26751.0,9.0332,0.4023
26752.0,9.0141,0.4028
26753.0,8.9836,0.3998
26754.0,9.0265,0.403
26755.0,8.9766,0.3982
26756.0,8.9954,0.4011
26757.0,9.0008,0.4001
26758.0,9.0289,0.3965
26759.0,9.0137,0.3945
26760.0,8.993,0.3991
26761.0,8.9858,0.3991
26762.0,9.015,0.3992
26763.0,8.992,0.4031
26764.0,9.0033,0.4041
26765.0,8.9795,0.402
26766.0,9.0085,0.4018
26767.0,9.0073,0.3998
26768.0,8.9814,0.4005
26769.0,9.0155,0.4013
26770.0,9.0083,0.4004
26771.0,9.0111,0.4018
26772.0,8.9943,0.4001
26773.0,9.0027,0.3985
26774.0,9.001,0.4008
26775.0,8.9978,0.3993
26776.0,9.0026,0.4044
26777.0,9.0188,0.3987
26778.0,9.0161,0.4086
26779.0,8.9823,0.4049
26780.0,9.0148,0.3966
26781.0,9.0179,0.4038
26782.0,8.9977,0.3996
26783.0,9.0076,0.4017
26784.0,9.0074,0.4047
26785.0,8.9873,0.3977
26786.0,8.9943,0.3986
26787.0,9.0113,0.4023
26788.0,8.9926,0.3989
26789.0,9.0146,0.3933
26790.0,9.0196,0.4029
26791.0,9.0172,0.4011
26792.0,9.0297,0.3999
26793.0,8.9986,0.4004
26794.0,9.0027,0.4067
26795.0,9.0048,0.403
26796.0,8.9991,0.3974
26797.0,9.0081,0.4004
26798.0,8.9743,0.4036
26799.0,9.0031,0.4035
26800.0,8.9793,0.3955
26801.0,8.9856,0.3985
26802.0,9.011,0.3966
26803.0,8.997,0.4019
26804.0,9.0105,0.3973
26805.0,8.9967,0.4047
26806.0,9.0166,0.4039
26807.0,8.9964,0.3993
26808.0,8.9707,0.3962
26809.0,9.0034,0.3976
26810.0,8.9675,0.4014
26811.0,8.9782,0.4026
26812.0,8.9868,0.3999
26813.0,8.9849,0.3923
26814.0,8.9918,0.402
26815.0,8.9844,0.3939
26816.0,8.9789,0.3936
26817.0,9.0231,0.403
26818.0,8.9898,0.3964
26819.0,8.9665,0.4008
26820.0,8.9946,0.4003
26821.0,8.9831,0.3976
26822.0,8.9867,0.4006
26823.0,9.0107,0.3983
26824.0,8.9933,0.4001
26825.0,8.9827,0.3988
26826.0,9.0067,0.3985
26827.0,9.0172,0.398
26828.0,9.0081,0.3973
26829.0,8.9632,0.4026
26830.0,8.9833,0.3986
26831.0,9.0007,0.3966
26832.0,8.9963,0.3988
26833.0,8.9951,0.3984
26834.0,8.9853,0.3988
26835.0,8.9789,0.4021
26836.0,9.0301,0.3981
26837.0,9.0004,0.3989
26838.0,9.0096,0.4019
26839.0,9.0001,0.4013
26840.0,9.0007,0.3979
26841.0,8.9991,0.4029
26842.0,8.9832,0.4027
26843.0,8.9773,0.4025
26844.0,9.0058,0.4009
26845.0,9.0028,0.3995
26846.0,9.0141,0.3968
26847.0,9.011,0.3958
26848.0,8.9879,0.3997
26849.0,9.017,0.4
26850.0,9.0115,0.3992
26851.0,9.0104,0.3997
26852.0,9.0337,0.4041
26853.0,9.0307,0.4049
26854.0,9.0103,0.3967
26855.0,9.0085,0.4009
26856.0,9.0162,0.4002
26857.0,8.9912,0.402
26858.0,8.9915,0.4052
26859.0,9.0101,0.4066
26860.0,8.9872,0.4022
26861.0,9.0089,0.4001
26862.0,9.0024,0.3989
26863.0,8.9872,0.4075
26864.0,9.0004,0.3977
26865.0,9.0196,0.4025
26866.0,9.0012,0.3992
26867.0,9.0013,0.396
26868.0,9.0049,0.4051
26869.0,9.0069,0.3948
26870.0,8.995,0.3936
26871.0,9.0053,0.4021
26872.0,8.9843,0.3991
26873.0,8.988,0.4013
26874.0,8.9899,0.4
26875.0,9.007,0.4018
26876.0,9.0024,0.3991
26877.0,8.998,0.4027
26878.0,9.0104,0.4028
26879.0,9.0057,0.4046
26880.0,8.9957,0.4038
26881.0,8.9845,0.3997
26882.0,8.9877,0.4021
26883.0,8.978,0.4013
26884.0,9.0021,0.4013
26885.0,8.9871,0.396
26886.0,8.9926,0.4023
26887.0,8.9981,0.4018
26888.0,9.0157,0.4055
26889.0,9.0139,0.4035
26890.0,8.9992,0.4004
26891.0,9.019,0.3997
26892.0,8.9698,0.397
26893.0,9.0282,0.4055
26894.0,9.0104,0.3968
26895.0,9.0015,0.3944
26896.0,8.9866,0.4027
26897.0,8.9934,0.4003
26898.0,9.0091,0.4008
26899.0,9.0095,0.4006
26900.0,9.01,0.3968
26901.0,8.9891,0.4011
26902.0,8.9861,0.399
26903.0,9.0029,0.3986
26904.0,9.0115,0.4043
26905.0,9.0,0.4024
26906.0,9.0222,0.3931
26907.0,9.0005,0.4006
26908.0,9.0,0.4032
26909.0,9.0101,0.3963
26910.0,9.0183,0.3974
26911.0,8.9798,0.403
26912.0,8.9832,0.3986
26913.0,8.9953,0.3941
26914.0,9.0474,0.4036
26915.0,8.9961,0.3995
26916.0,8.9982,0.4011
26917.0,9.0093,0.3999
26918.0,9.0147,0.4034
26919.0,9.0025,0.3967
26920.0,9.0175,0.402
26921.0,8.9821,0.404
26922.0,8.9885,0.396
26923.0,9.0174,0.3978
26924.0,9.0002,0.4049
26925.0,8.9811,0.4032
26926.0,8.9802,0.3975
26927.0,8.9878,0.3964
26928.0,9.0,0.4008
26929.0,9.007,0.401
26930.0,8.9951,0.3998
26931.0,9.0058,0.407
26932.0,8.9934,0.4019
26933.0,9.0184,0.3975
26934.0,9.0383,0.4032
26935.0,8.9941,0.4002
26936.0,9.0072,0.398
26937.0,9.006,0.4027
26938.0,9.0021,0.4044
26939.0,9.0098,0.4006
26940.0,9.0072,0.3971
26941.0,8.9929,0.4003
26942.0,9.0197,0.3971
26943.0,9.003,0.4007
26944.0,8.9942,0.4023
26945.0,9.0366,0.3941
26946.0,8.9983,0.4021
26947.0,9.0038,0.3989
26948.0,9.0026,0.3983
26949.0,8.9981,0.396
26950.0,9.0067,0.3968
26951.0,8.9873,0.4053
26952.0,9.0089,0.4025
26953.0,8.9736,0.4039
26954.0,8.9805,0.3974
26955.0,9.0274,0.4054
26956.0,8.9812,0.3998
26957.0,8.9706,0.3976
26958.0,8.9815,0.3968
26959.0,9.0261,0.3969
26960.0,8.9731,0.3978
26961.0,8.9857,0.3973
26962.0,8.9781,0.4027
26963.0,8.9959,0.4078
26964.0,8.9935,0.3993
26965.0,8.9928,0.3993
26966.0,9.0278,0.3944
26967.0,8.982,0.3972
26968.0,8.9985,0.3951
26969.0,9.0051,0.4024
26970.0,8.9853,0.4058
26971.0,9.0073,0.3968
26972.0,8.994,0.3994
26973.0,9.0056,0.3993
26974.0,8.9984,0.4021
26975.0,8.9692,0.4003
26976.0,9.0196,0.4063
26977.0,9.0311,0.3978
26978.0,8.9973,0.4027
26979.0,8.9865,0.3982
26980.0,9.0226,0.3952
26981.0,9.0284,0.4043
26982.0,8.9975,0.4056
26983.0,8.9967,0.4012
26984.0,8.9988,0.3981
26985.0,8.9749,0.3966
26986.0,8.9956,0.4017
26987.0,9.0257,0.3936
26988.0,8.9975,0.4026
26989.0,8.9844,0.3987
26990.0,9.0075,0.3987
26991.0,8.99,0.3968
26992.0,8.999,0.3957
26993.0,8.981,0.3998
26994.0,8.9845,0.4006
26995.0,9.0111,0.3997
26996.0,9.0017,0.4033
26997.0,8.9884,0.4002
26998.0,9.0018,0.4021
26999.0,8.9909,0.3956
27000.0,0.1147,0.5884
27001.0,0.1293,0.595
27002.0,0.2771,0.5937
27003.0,0.0736,0.5806
27004.0,0.27,0.5911
27005.0,0.126,0.5852
27006.0,0.1746,0.5906
27007.0,0.2107,0.5977
27008.0,0.2116,0.5926
27009.0,0.295,0.5919
27010.0,0.0587,0.5934
27011.0,0.226,0.5906
27012.0,0.2614,0.589
27013.0,0.1971,0.5875
27014.0,0.2939,0.594
27015.0,8.9942,0.3989
27016.0,9.0115,0.4064
27017.0,8.9758,0.3996
27018.0,8.9947,0.3986
27019.0,9.0161,0.3992
27020.0,8.9975,0.3978
27021.0,9.0041,0.4024
27022.0,9.0163,0.3984
27023.0,9.0134,0.3996
27024.0,8.9934,0.404
27025.0,8.998,0.4032
27026.0,9.0136,0.3969
27027.0,9.0141,0.4035
27028.0,8.9987,0.3958
27029.0,8.9992,0.3955
27030.0,9.004,0.399
27031.0,9.0205,0.4009
27032.0,9.016,0.3993
27033.0,9.0104,0.4013
27034.0,8.9838,0.3989
27035.0,8.9959,0.3938
27036.0,8.9967,0.3994
27037.0,9.0213,0.3954
27038.0,8.9964,0.4
27039.0,9.0188,0.3962
27040.0,8.9914,0.4016
27041.0,8.9926,0.4041
27042.0,9.0072,0.3948
27043.0,9.0235,0.3939
27044.0,8.9968,0.3991
27045.0,8.9616,0.4034
27046.0,8.9765,0.4005
27047.0,9.0045,0.3987
27048.0,8.9779,0.3968
27049.0,8.987,0.4022
27050.0,9.0002,0.4046
27051.0,8.9633,0.3944
27052.0,8.9943,0.4009
27053.0,8.9825,0.4076
27054.0,8.9775,0.3982
27055.0,8.988,0.3994
27056.0,8.984,0.3999
27057.0,9.007,0.3988
27058.0,9.0179,0.4033
27059.0,8.9945,0.4054
27060.0,8.9911,0.3949
27061.0,8.9938,0.3972
27062.0,8.9834,0.4037
27063.0,8.9807,0.4018
27064.0,8.9753,0.4013
27065.0,8.9801,0.4021
27066.0,9.0245,0.4003
27067.0,8.9896,0.4014
27068.0,8.9559,0.399
27069.0,8.9912,0.3993
27070.0,8.9761,0.3997
27071.0,9.0009,0.3988
27072.0,8.9993,0.4014
27073.0,9.0008,0.4009
27074.0,8.9994,0.3944
27075.0,8.9944,0.3994
27076.0,8.9782,0.4001
27077.0,8.9989,0.4046
27078.0,9.0153,0.3991
27079.0,9.0272,0.4003
27080.0,8.9964,0.3998
27081.0,8.9981,0.404
27082.0,9.0075,0.3964
27083.0,9.0224,0.3976
27084.0,8.9927,0.3974
27085.0,9.0104,0.4
27086.0,8.9877,0.3955
27087.0,9.0049,0.4044
27088.0,9.0146,0.4012
27089.0,8.9806,0.4018
27090.0,8.9921,0.4063
27091.0,9.0143,0.399
27092.0,9.0092,0.4026
27093.0,9.0155,0.4017
27094.0,9.0127,0.4046
27095.0,8.9949,0.4021
27096.0,9.033,0.3985
27097.0,9.0021,0.4013
27098.0,8.9542,0.3981
27099.0,8.9958,0.3986
27100.0,8.993,0.4
27101.0,9.0119,0.3994
27102.0,8.9932,0.3973
27103.0,9.0165,0.3932
27104.0,9.0084,0.4009
27105.0,8.985,0.4011
27106.0,8.9979,0.4011
27107.0,8.9884,0.4057
27108.0,9.0028,0.3954
27109.0,8.9883,0.4047
27110.0,9.0011,0.4075
27111.0,8.9959,0.4053
27112.0,8.9977,0.399
27113.0,9.0308,0.4014
27114.0,8.9946,0.3977
27115.0,8.971,0.398
27116.0,9.0152,0.4052
27117.0,9.0151,0.4021
27118.0,8.9703,0.4023
27119.0,8.9895,0.3966
27120.0,9.0065,0.3956
27121.0,9.0079,0.4032
27122.0,8.9999,0.4013
27123.0,9.0003,0.3991
27124.0,8.9859,0.4052
27125.0,8.964,0.4018
27126.0,9.0307,0.3974
27127.0,8.9855,0.3942
27128.0,9.0026,0.4018
27129.0,8.9976,0.3986
27130.0,9.0135,0.3996
27131.0,9.0017,0.3993
27132.0,9.0023,0.4043
27133.0,8.9605,0.4025
27134.0,8.9875,0.3997
27135.0,9.0112,0.3996
27136.0,9.0098,0.4009
27137.0,8.9857,0.404
27138.0,8.9763,0.4002
27139.0,9.0019,0.3983
27140.0,8.9564,0.3964
27141.0,8.9828,0.3997
27142.0,9.0264,0.3964
27143.0,9.0217,0.401
27144.0,9.0073,0.4014
27145.0,9.0046,0.4036
27146.0,8.9707,0.3994
27147.0,8.9889,0.4031
27148.0,8.9956,0.4048
27149.0,8.9892,0.4002
27150.0,8.9947,0.4067
27151.0,9.0195,0.4043
27152.0,8.9919,0.3986
27153.0,8.9949,0.4088
27154.0,9.0111,0.3998
27155.0,8.9787,0.4042
27156.0,8.9874,0.4019
27157.0,8.9889,0.4009
27158.0,9.0008,0.4039
27159.0,8.9948,0.4005
27160.0,8.9953,0.3998
27161.0,8.99,0.3999
27162.0,8.9839,0.3966
27163.0,9.0091,0.4032
27164.0,8.9949,0.398
27165.0,9.0093,0.4006
27166.0,8.9833,0.4001
27167.0,8.99,0.4018
27168.0,8.9967,0.4
27169.0,8.9981,0.3992
27170.0,9.0113,0.4012
27171.0,8.9935,0.401
27172.0,9.0112,0.3968
27173.0,9.0056,0.3997
27174.0,8.9984,0.4038
27175.0,8.9857,0.4074
27176.0,9.0114,0.3949
27177.0,8.9861,0.4025
27178.0,8.9997,0.4003
27179.0,8.9992,0.3982
27180.0,8.9969,0.3987
27181.0,8.9942,0.3972
27182.0,8.9877,0.3959
27183.0,8.9757,0.4012
27184.0,9.0211,0.4053
27185.0,8.9926,0.4011
27186.0,8.9981,0.4005
27187.0,8.998,0.3981
27188.0,9.0164,0.3972
27189.0,9.029,0.4001
27190.0,9.0024,0.3969
27191.0,8.9976,0.4034
27192.0,8.9831,0.3983
27193.0,8.9783,0.3975
27194.0,8.9734,0.4068
27195.0,8.9881,0.4039
27196.0,8.9686,0.3964
27197.0,9.0162,0.3974
27198.0,9.0063,0.3994
27199.0,8.9962,0.3995
27200.0,9.0166,0.3986
27201.0,8.9839,0.404
27202.0,8.9877,0.4006
27203.0,8.971,0.3999
27204.0,9.0116,0.3982
27205.0,8.9878,0.3968
27206.0,9.0002,0.3981
27207.0,9.015,0.3974
27208.0,9.0206,0.3962
27209.0,8.9996,0.4032
27210.0,9.0058,0.4028
27211.0,8.9864,0.3989
27212.0,9.0253,0.404
27213.0,8.9975,0.4018
27214.0,9.0012,0.3968
27215.0,8.9939,0.3956
27216.0,9.018,0.4009
27217.0,9.003,0.4014
27218.0,9.0114,0.3961
27219.0,9.0053,0.3984
27220.0,8.9967,0.4026
27221.0,9.0139,0.4047
27222.0,9.0052,0.4003
27223.0,8.9856,0.4002
27224.0,8.9852,0.3986
27225.0,9.0022,0.4045
27226.0,9.0136,0.4017
27227.0,9.0246,0.3975
27228.0,8.9733,0.4023
27229.0,9.0004,0.3979
27230.0,9.0073,0.3971
27231.0,9.0044,0.3987
27232.0,9.0151,0.3974
27233.0,9.0098,0.3973
27234.0,8.9852,0.3958
27235.0,8.9848,0.3979
27236.0,9.0047,0.3984
27237.0,9.0149,0.3959
27238.0,9.0022,0.4016
27239.0,8.9763,0.3947
27240.0,8.9843,0.3989
27241.0,9.0104,0.402
27242.0,8.9948,0.4034
27243.0,9.0018,0.3983
27244.0,9.016,0.403
27245.0,8.982,0.3989
27246.0,8.9938,0.4068
27247.0,8.9922,0.3956
27248.0,9.0053,0.397
27249.0,9.0116,0.4005
27250.0,8.9778,0.3962
27251.0,8.9999,0.3979
27252.0,9.013,0.4014
27253.0,8.9722,0.4006
27254.0,8.999,0.3999
27255.0,8.9818,0.3999
27256.0,8.9904,0.3926
27257.0,8.9624,0.4004
27258.0,9.0209,0.3981
27259.0,8.9947,0.3989
27260.0,8.9879,0.3952
27261.0,9.0049,0.402
27262.0,8.9844,0.4017
27263.0,8.9829,0.3965
27264.0,9.0227,0.4005
27265.0,9.0271,0.4049
27266.0,8.9911,0.4004
27267.0,9.016,0.394
27268.0,9.0053,0.3983
27269.0,8.9788,0.4004
27270.0,8.9861,0.4063
27271.0,9.0233,0.3964
27272.0,8.9786,0.3996
27273.0,9.0342,0.3968
27274.0,8.9914,0.4026
27275.0,9.0237,0.3989
27276.0,8.9954,0.3918
27277.0,9.012,0.3988
27278.0,9.0209,0.3997
27279.0,9.0208,0.4012
27280.0,8.9912,0.4005
27281.0,8.9871,0.402
27282.0,8.9988,0.3996
27283.0,8.9805,0.4003
27284.0,9.0036,0.4
27285.0,8.9877,0.3988
27286.0,9.0162,0.4017
27287.0,8.9914,0.4025
27288.0,8.9739,0.3999
27289.0,9.021,0.3985
27290.0,9.0028,0.3968
27291.0,9.0004,0.4011
27292.0,9.0164,0.397
27293.0,9.0131,0.4005
27294.0,8.9886,0.4004
27295.0,8.9933,0.4032
27296.0,8.9833,0.4042
27297.0,8.978,0.3909
27298.0,9.0087,0.3994
27299.0,9.0059,0.3937
27300.0,9.0114,0.4035
27301.0,9.0192,0.3999
27302.0,9.0116,0.4035
27303.0,9.013,0.4008
27304.0,8.9688,0.3959
27305.0,8.9954,0.3971
27306.0,9.0145,0.3996
27307.0,8.9825,0.4017
27308.0,9.0014,0.4002
27309.0,9.0078,0.4005
27310.0,9.0066,0.3989
27311.0,9.0055,0.4034
27312.0,9.009,0.4004
27313.0,9.0027,0.4001
27314.0,8.9781,0.4009
27315.0,9.0076,0.3988
27316.0,9.0043,0.3989
27317.0,8.9783,0.4014
27318.0,9.0207,0.4023
27319.0,9.008,0.4026
27320.0,8.9793,0.3994
27321.0,8.9877,0.4004
27322.0,8.9915,0.3982
27323.0,8.9915,0.4024
27324.0,9.0044,0.3972
27325.0,8.9854,0.4007
27326.0,9.0169,0.4026
27327.0,9.0157,0.4004
27328.0,9.0093,0.4009
27329.0,9.0007,0.3992
27330.0,9.0141,0.3944
27331.0,8.9959,0.398
27332.0,8.9891,0.4001
27333.0,9.0179,0.3979
27334.0,9.0048,0.4015
27335.0,8.9897,0.3956
27336.0,8.9937,0.3942
27337.0,8.989,0.4021
27338.0,9.0303,0.3991
27339.0,9.0001,0.401
27340.0,9.0024,0.3984
27341.0,9.0108,0.4017
27342.0,8.9818,0.4041
27343.0,9.0164,0.4043
27344.0,8.9909,0.3981
27345.0,9.0275,0.3987
27346.0,8.9953,0.4005
27347.0,9.0156,0.4056
27348.0,8.9625,0.3965
27349.0,8.9824,0.3966
27350.0,8.9956,0.4026
27351.0,8.9695,0.398
27352.0,9.009,0.402
27353.0,9.0047,0.3982
27354.0,8.9851,0.4011
27355.0,8.9998,0.3985
27356.0,9.0121,0.397
27357.0,8.9685,0.4004
27358.0,8.9809,0.3964
27359.0,8.995,0.4014
27360.0,9.0004,0.3993
27361.0,8.9991,0.3959
27362.0,9.0133,0.4009
27363.0,9.0072,0.4008
27364.0,9.0104,0.3929
27365.0,8.9792,0.3998
27366.0,9.0022,0.4
27367.0,8.9954,0.4003
27368.0,9.0219,0.3945
27369.0,9.0026,0.4011
27370.0,8.99,0.4015
27371.0,9.0128,0.3972
27372.0,9.0084,0.3958
27373.0,8.9877,0.3971
27374.0,8.9948,0.4004
27375.0,8.995,0.3963
27376.0,9.0184,0.3959
27377.0,9.003,0.4063
27378.0,9.0109,0.4
27379.0,8.9926,0.3991
27380.0,9.005,0.398
27381.0,9.0196,0.3987
27382.0,8.9946,0.4054
27383.0,9.0017,0.4024
27384.0,8.9796,0.4072
27385.0,8.9885,0.4012
27386.0,8.995,0.3971
27387.0,8.9841,0.4008
27388.0,9.0198,0.4016
27389.0,8.9874,0.4018
27390.0,9.0118,0.3987
27391.0,9.0028,0.4054
27392.0,9.0005,0.3962
27393.0,9.0223,0.401
27394.0,8.9661,0.3991
27395.0,8.9971,0.3977
27396.0,8.9838,0.4007
27397.0,8.9706,0.4038
27398.0,8.9821,0.4012
27399.0,9.0003,0.4008
27400.0,8.9891,0.3939
27401.0,9.0134,0.4028
27402.0,8.9968,0.3988
27403.0,8.9951,0.4016
27404.0,8.9952,0.4028
27405.0,8.9985,0.4006
27406.0,8.9937,0.394
27407.0,8.9872,0.4042
27408.0,9.0148,0.4054
27409.0,8.9906,0.4024
27410.0,8.9942,0.3978
27411.0,9.0064,0.4037
27412.0,9.0048,0.3992
27413.0,8.9866,0.3998
27414.0,9.0113,0.4036
27415.0,9.0081,0.4019
27416.0,9.0027,0.3929
27417.0,8.9935,0.4006
27418.0,8.9939,0.4036
27419.0,8.997,0.3959
27420.0,8.9815,0.4029
27421.0,8.9994,0.395
27422.0,9.0134,0.3994
27423.0,9.0131,0.4016
27424.0,8.9943,0.3992
27425.0,9.016,0.4035
27426.0,9.0286,0.3958
27427.0,8.9953,0.4024
27428.0,9.0104,0.4002
27429.0,8.9661,0.3974
27430.0,8.9811,0.4013
27431.0,9.0014,0.3998
27432.0,8.9849,0.4044
27433.0,9.0306,0.4018
27434.0,9.009,0.4012
27435.0,9.0145,0.398
27436.0,8.9996,0.4004
27437.0,8.985,0.3983
27438.0,8.9922,0.3998
27439.0,9.0038,0.4037
27440.0,8.9904,0.3991
27441.0,9.0101,0.3957
27442.0,9.0107,0.4015
27443.0,9.0001,0.4024
27444.0,8.9726,0.4048
27445.0,9.0257,0.4026
27446.0,8.9968,0.3992
27447.0,9.0406,0.4008
27448.0,9.0098,0.4012
27449.0,8.9969,0.4013
27450.0,9.0067,0.3926
27451.0,8.9697,0.3983
27452.0,9.0154,0.4014
27453.0,9.0385,0.4033
27454.0,8.9687,0.3981
27455.0,8.9957,0.3988
27456.0,8.9984,0.3993
27457.0,9.0131,0.3996
27458.0,9.0316,0.4026
27459.0,9.0057,0.3978
27460.0,9.0321,0.4026
27461.0,9.0026,0.4043
27462.0,9.0068,0.3988
27463.0,9.0049,0.3987
27464.0,9.0183,0.4005
27465.0,8.9937,0.3982
27466.0,9.0123,0.3997
27467.0,8.9815,0.3956
27468.0,8.9957,0.4026
27469.0,8.9904,0.405
27470.0,9.0013,0.398
27471.0,8.9953,0.3951
27472.0,9.017,0.4028
27473.0,8.9868,0.3987
27474.0,8.974,0.398
27475.0,8.9796,0.3996
27476.0,9.0149,0.3963
27477.0,8.9855,0.4014
27478.0,9.006,0.3962
27479.0,8.9956,0.3964
27480.0,9.0124,0.3964
27481.0,8.9965,0.4005
27482.0,9.0415,0.3946
27483.0,9.0285,0.4063
27484.0,8.9953,0.3989
27485.0,8.9932,0.3937
27486.0,9.047,0.3968
27487.0,8.9838,0.4018
27488.0,8.9992,0.404
27489.0,9.0003,0.4005
27490.0,9.0,0.4003
27491.0,8.9739,0.3954
27492.0,9.0074,0.4045
27493.0,8.9854,0.4017
27494.0,9.0215,0.401
27495.0,8.9782,0.4001
27496.0,9.0009,0.4016
27497.0,8.9668,0.3976
27498.0,8.9677,0.4028
27499.0,8.9874,0.4024
27500.0,8.9895,0.3997
27501.0,9.022,0.3992
27502.0,8.9994,0.3935
27503.0,9.0194,0.3948
27504.0,8.9943,0.4016
27505.0,9.0091,0.4027
27506.0,8.9891,0.4032
27507.0,8.9881,0.396
27508.0,8.9727,0.4069
27509.0,9.005,0.403
27510.0,9.0039,0.3983
27511.0,9.0117,0.4005
27512.0,9.0032,0.3949
27513.0,9.0304,0.3981
27514.0,9.0026,0.4016
27515.0,9.0149,0.4002
27516.0,8.9951,0.4052
27517.0,8.9864,0.3956
27518.0,9.0108,0.3996
27519.0,8.9987,0.3966
27520.0,9.0125,0.4046
27521.0,9.0053,0.4008
27522.0,8.9881,0.4
27523.0,9.0161,0.3996
27524.0,8.9869,0.3974
27525.0,9.0094,0.4036
27526.0,9.0192,0.4005
27527.0,8.9942,0.4007
27528.0,9.0173,0.4017
27529.0,9.006,0.3974
27530.0,9.0128,0.406
27531.0,8.9874,0.4047
27532.0,9.0032,0.3999
27533.0,8.9789,0.3991
27534.0,9.0257,0.4019
27535.0,8.9698,0.4034
27536.0,8.9947,0.4053
27537.0,8.986,0.4019
27538.0,9.0101,0.4004
27539.0,9.0289,0.4004
27540.0,9.0098,0.3944
27541.0,9.0444,0.3987
27542.0,8.9793,0.4011
27543.0,8.9805,0.3932
27544.0,8.9866,0.4005
27545.0,9.0018,0.3976
27546.0,8.9846,0.4047
27547.0,8.9887,0.3991
27548.0,9.0093,0.3992
27549.0,8.9814,0.3996
27550.0,8.983,0.4
27551.0,8.994,0.4024
27552.0,8.9954,0.399
27553.0,9.0152,0.4001
27554.0,8.9865,0.4024
27555.0,8.9892,0.4
27556.0,9.0087,0.402
27557.0,9.012,0.3987
27558.0,9.0214,0.4011
27559.0,9.007,0.4039
27560.0,9.002,0.4018
27561.0,9.0086,0.3944
27562.0,8.996,0.4017
27563.0,8.9959,0.3965
27564.0,8.9734,0.3972
27565.0,9.0134,0.4015
27566.0,9.0032,0.3971
27567.0,9.0117,0.3967
27568.0,8.9578,0.4
27569.0,8.9993,0.3982
27570.0,8.9872,0.3951
27571.0,9.0225,0.4017
27572.0,9.0092,0.403
27573.0,9.0035,0.4027
27574.0,8.9935,0.3973
27575.0,9.006,0.4012
27576.0,8.9861,0.3985
27577.0,8.9985,0.3962
27578.0,8.9913,0.3978
27579.0,9.034,0.3915
27580.0,9.022,0.3968
27581.0,9.0159,0.3956
27582.0,8.9776,0.4006
27583.0,9.013,0.4009
27584.0,9.0028,0.3949
27585.0,9.0184,0.4025
27586.0,9.0048,0.3982
27587.0,8.9999,0.3968
27588.0,9.0035,0.3946
27589.0,8.9729,0.3976
27590.0,8.9885,0.3996
27591.0,9.0056,0.403
27592.0,9.0171,0.3997
27593.0,8.9917,0.3991
27594.0,8.9994,0.4017
27595.0,8.976,0.4004
27596.0,9.0219,0.3955
27597.0,9.0167,0.3987
27598.0,9.0098,0.3983
27599.0,9.0061,0.3996
27600.0,9.0233,0.3986
27601.0,8.9879,0.3976
27602.0,8.9863,0.4044
27603.0,9.0159,0.3999
27604.0,9.0149,0.4014
27605.0,8.9821,0.3996
27606.0,8.992,0.4024
27607.0,9.0253,0.3997
27608.0,9.0062,0.4029
27609.0,9.0118,0.3914
27610.0,8.9826,0.4003
27611.0,9.0098,0.4008
27612.0,8.9787,0.4009
27613.0,8.9703,0.3967
27614.0,9.0109,0.3978
27615.0,9.0215,0.3969
27616.0,8.9962,0.4015
27617.0,8.9918,0.4027
27618.0,9.0257,0.3951
27619.0,8.9971,0.4006
27620.0,8.999,0.3974
27621.0,9.0254,0.4052
27622.0,8.9947,0.4017
27623.0,8.9902,0.3989
27624.0,9.0122,0.3996
27625.0,8.9893,0.4039
27626.0,8.9978,0.4002
27627.0,8.9802,0.3946
27628.0,9.0028,0.4046
27629.0,9.001,0.4024
27630.0,9.0145,0.3984
27631.0,9.0129,0.4018
27632.0,9.0083,0.3982
27633.0,9.0059,0.3981
27634.0,8.9989,0.3996
27635.0,9.0091,0.4018
27636.0,8.9833,0.4014
27637.0,8.9648,0.4028
27638.0,9.0174,0.4014
27639.0,9.0101,0.4044
27640.0,8.9981,0.4052
27641.0,9.0161,0.4009
27642.0,8.989,0.399
27643.0,8.9894,0.3995
27644.0,8.9873,0.3942
27645.0,9.0085,0.4001
27646.0,8.9763,0.3981
27647.0,8.9885,0.3979
27648.0,9.0043,0.3999
27649.0,8.9819,0.3937
27650.0,8.9901,0.3995
27651.0,8.9668,0.4006
27652.0,9.0091,0.3954
27653.0,8.9897,0.4041
27654.0,8.9835,0.4013
27655.0,8.9806,0.4039
27656.0,8.9937,0.4013
27657.0,8.9763,0.4011
27658.0,9.0291,0.4046
27659.0,8.9642,0.4039
27660.0,8.9932,0.4058
27661.0,9.0016,0.3996
27662.0,8.9884,0.3976
27663.0,9.0032,0.3965
27664.0,8.988,0.3971
27665.0,9.023,0.402
27666.0,8.9832,0.4082
27667.0,8.9647,0.4045
27668.0,8.9805,0.3995
27669.0,9.0058,0.4023
27670.0,8.9982,0.3983
27671.0,9.0113,0.3985
27672.0,9.0075,0.3969
27673.0,8.9905,0.3971
27674.0,8.9927,0.4017
27675.0,8.9942,0.4044
27676.0,9.0283,0.4031
27677.0,9.0104,0.4044
27678.0,9.0284,0.4024
27679.0,9.0126,0.3999
27680.0,8.999,0.3984
27681.0,8.9847,0.4017
27682.0,9.003,0.395
27683.0,8.9991,0.3982
27684.0,8.9986,0.3976
27685.0,8.9969,0.4037
27686.0,8.9692,0.3959
27687.0,9.0189,0.4028
27688.0,8.9992,0.4012
27689.0,8.9788,0.4012
27690.0,9.0072,0.3986
27691.0,8.9872,0.3956
27692.0,9.0084,0.4015
27693.0,9.0132,0.4027
27694.0,9.0153,0.4015
27695.0,8.9976,0.3996
27696.0,8.9938,0.3966
27697.0,8.9906,0.3981
27698.0,8.9892,0.4014
27699.0,8.9997,0.3976
27700.0,8.9969,0.3971
27701.0,8.9876,0.3957
27702.0,8.9828,0.4016
27703.0,8.9984,0.4015
27704.0,8.9935,0.4035
27705.0,8.9829,0.3936
27706.0,9.0125,0.4035
27707.0,9.0266,0.4033
27708.0,9.0144,0.4036
27709.0,8.9892,0.4004
27710.0,8.9992,0.4007
27711.0,9.0231,0.4007
27712.0,8.9824,0.3973
27713.0,9.0117,0.3974
27714.0,8.9783,0.4007
27715.0,9.0253,0.3993
27716.0,8.9935,0.4021
27717.0,9.0334,0.3989
27718.0,9.0259,0.3956
27719.0,8.9984,0.3957
27720.0,8.9892,0.3977
27721.0,9.0029,0.4022
27722.0,8.9973,0.3984
27723.0,8.994,0.4009
27724.0,8.9751,0.395
27725.0,8.9923,0.4005
27726.0,8.9833,0.4001
27727.0,9.0083,0.4036
27728.0,9.0149,0.4005
27729.0,9.0111,0.4023
27730.0,9.0051,0.4058
27731.0,8.9872,0.4001
27732.0,9.0031,0.4046
27733.0,9.0119,0.4004
27734.0,8.9912,0.3984
27735.0,9.0018,0.3997
27736.0,8.9978,0.3985
27737.0,9.0249,0.3986
27738.0,9.0128,0.3983
27739.0,9.0091,0.3991
27740.0,8.9742,0.4021
27741.0,9.0026,0.3949
27742.0,8.9977,0.4009
27743.0,8.9975,0.4004
27744.0,8.9765,0.4042
27745.0,8.9837,0.3989
27746.0,8.999,0.4034
27747.0,9.0167,0.3974
27748.0,8.9911,0.3986
27749.0,8.994,0.4012
27750.0,9.0267,0.4018
27751.0,8.9955,0.3992
27752.0,8.9981,0.4007
27753.0,8.9983,0.3995
27754.0,8.9798,0.4024
27755.0,9.0086,0.3996
27756.0,8.9902,0.3993
27757.0,8.9995,0.403
27758.0,9.0067,0.4006
27759.0,9.0291,0.402
27760.0,8.9802,0.4075
27761.0,9.013,0.394
27762.0,9.013,0.3969
27763.0,8.9904,0.3972
27764.0,9.009,0.3974
27765.0,9.0247,0.4043
27766.0,8.9885,0.392
27767.0,9.0036,0.4014
27768.0,9.0061,0.3954
27769.0,9.008,0.4001
27770.0,9.0115,0.4008
27771.0,9.0025,0.4027
27772.0,9.0077,0.3992
27773.0,8.9863,0.3995
27774.0,9.0025,0.3939
27775.0,8.9929,0.4068
27776.0,8.9816,0.4009
27777.0,8.9924,0.4013
27778.0,9.004,0.4032
27779.0,9.0065,0.3998
27780.0,8.981,0.4013
27781.0,8.9859,0.4021
27782.0,9.0109,0.3956
27783.0,9.0076,0.4016
27784.0,9.0133,0.4062
27785.0,9.0205,0.4052
27786.0,9.0081,0.4046
27787.0,8.9938,0.4057
27788.0,9.0017,0.3962
27789.0,9.0249,0.3984
27790.0,9.0415,0.3973
27791.0,9.0069,0.4105
27792.0,9.008,0.4007
27793.0,9.0109,0.3958
27794.0,9.0004,0.3967
27795.0,9.0175,0.4003
27796.0,9.0151,0.3959
27797.0,9.0053,0.4056
27798.0,8.9952,0.4024
27799.0,8.9772,0.4009
27800.0,9.011,0.3968
27801.0,9.0032,0.396
27802.0,8.9889,0.401
27803.0,8.9831,0.4004
27804.0,9.0099,0.3961
27805.0,8.976,0.3998
27806.0,9.0045,0.3998
27807.0,9.0127,0.4022
27808.0,9.0082,0.4063
27809.0,8.9941,0.3938
27810.0,8.9813,0.4024
27811.0,9.0088,0.3979
27812.0,9.018,0.4013
27813.0,8.9914,0.4004
27814.0,9.0076,0.4015
27815.0,9.0237,0.3963
27816.0,9.0051,0.4029
27817.0,8.994,0.4001
27818.0,9.0156,0.4042
27819.0,8.9889,0.4048
27820.0,8.9805,0.4007
27821.0,9.0122,0.403
27822.0,8.9939,0.4027
27823.0,8.9953,0.404
27824.0,8.9906,0.4038
27825.0,8.9929,0.3965
27826.0,9.021,0.4008
27827.0,9.0249,0.3958
27828.0,9.0269,0.3984
27829.0,9.0164,0.3986
27830.0,9.007,0.4018
27831.0,8.9785,0.3993
27832.0,8.9972,0.3995
27833.0,9.0324,0.403
27834.0,8.9935,0.4026
27835.0,9.0227,0.4008
27836.0,9.0008,0.4022
27837.0,8.9598,0.4019
27838.0,9.0096,0.4059
27839.0,9.019,0.3994
27840.0,8.9993,0.3977
27841.0,9.0185,0.4006
27842.0,8.975,0.3971
27843.0,8.9792,0.3989
27844.0,9.0031,0.4014
27845.0,9.0072,0.3985
27846.0,9.0203,0.3993
27847.0,9.0096,0.3992
27848.0,8.9821,0.3987
27849.0,9.0032,0.3967
27850.0,9.009,0.403
27851.0,8.9719,0.4041
27852.0,8.9993,0.4029
27853.0,8.995,0.4028
27854.0,8.9902,0.3988
27855.0,9.0075,0.4005
27856.0,8.9828,0.3977
27857.0,9.0063,0.3996
27858.0,9.0084,0.3999
27859.0,9.0163,0.3958
27860.0,8.9831,0.4004
27861.0,8.9774,0.3984
27862.0,9.0042,0.4008
27863.0,8.9957,0.3993
27864.0,9.0435,0.401
27865.0,9.0069,0.4021
27866.0,9.0009,0.3962
27867.0,8.9974,0.399
27868.0,8.9817,0.3981
27869.0,9.0085,0.4035
27870.0,8.9988,0.4051
27871.0,8.9988,0.4001
27872.0,9.0014,0.4012
27873.0,9.0033,0.3956
27874.0,8.9739,0.4009
27875.0,9.0126,0.3992
27876.0,8.9873,0.4041
27877.0,8.9979,0.3993
27878.0,9.0193,0.3975
27879.0,9.0267,0.396
27880.0,8.9745,0.4005
27881.0,9.0005,0.3984
27882.0,9.0041,0.4037
27883.0,8.9774,0.4019
27884.0,9.012,0.3997
27885.0,9.0017,0.4019
27886.0,9.0029,0.4052
27887.0,8.9862,0.3965
27888.0,9.0062,0.3981
27889.0,9.0126,0.4058
27890.0,9.0019,0.3977
27891.0,8.9923,0.402
27892.0,8.9935,0.4036
27893.0,9.0033,0.4
27894.0,9.0007,0.4021
27895.0,9.0136,0.3991
27896.0,8.9928,0.4054
27897.0,8.9817,0.3987
27898.0,9.0054,0.3971
27899.0,8.9928,0.4027
27900.0,9.0118,0.4021
27901.0,9.0001,0.4004
27902.0,9.0098,0.4001
27903.0,8.9848,0.3985
27904.0,9.0022,0.3978
27905.0,8.9895,0.3982
27906.0,8.9817,0.4009
27907.0,8.9871,0.3994
27908.0,8.9918,0.3955
27909.0,9.0187,0.3987
27910.0,8.9914,0.3994
27911.0,8.9809,0.4015
27912.0,9.002,0.4009
27913.0,9.0004,0.4053
27914.0,8.9926,0.3971
27915.0,8.9976,0.4017
27916.0,9.0146,0.4019
27917.0,9.0101,0.4008
27918.0,9.0088,0.3991
27919.0,8.9822,0.3979
27920.0,9.0433,0.3999
27921.0,9.0158,0.3946
27922.0,9.0078,0.3972
27923.0,8.9825,0.3971
27924.0,9.0142,0.4015
27925.0,8.9925,0.4019
27926.0,8.9971,0.3968
27927.0,8.9748,0.3961
27928.0,8.9814,0.3956
27929.0,9.0066,0.4029
27930.0,9.0151,0.4027
27931.0,9.0103,0.4019
27932.0,9.0098,0.4045
27933.0,8.999,0.4053
27934.0,8.9939,0.397
27935.0,9.0043,0.3988
27936.0,9.0123,0.4023
27937.0,9.0001,0.3917
27938.0,9.0182,0.3992
27939.0,8.9968,0.4029
27940.0,8.9853,0.399
27941.0,8.9998,0.4022
27942.0,9.0016,0.394
27943.0,8.9988,0.4009
27944.0,9.0192,0.3986
27945.0,9.0121,0.3993
27946.0,8.9785,0.3972
27947.0,9.023,0.4048
27948.0,8.9589,0.4002
27949.0,9.0323,0.4004
27950.0,8.9957,0.4062
27951.0,8.9972,0.3972
27952.0,8.9991,0.4004
27953.0,9.0058,0.398
27954.0,9.0,0.3978
27955.0,8.998,0.4009
27956.0,9.0196,0.3992
27957.0,9.0085,0.4059
27958.0,8.9856,0.4053
27959.0,9.0111,0.3995
27960.0,9.0079,0.3954
27961.0,8.9918,0.3991
27962.0,9.0119,0.4031
27963.0,8.9976,0.3973
27964.0,8.9967,0.4048
27965.0,8.9963,0.4017
27966.0,8.9636,0.3965
27967.0,8.9921,0.398
27968.0,9.0107,0.3984
27969.0,8.9997,0.3976
27970.0,8.9807,0.3966
27971.0,9.0145,0.3983
27972.0,8.9955,0.3989
27973.0,8.9817,0.4039
27974.0,9.0331,0.4013
27975.0,8.9842,0.4015
27976.0,9.0132,0.401
27977.0,8.9885,0.3976
27978.0,9.002,0.4034
27979.0,8.9865,0.3987
27980.0,8.9814,0.399
27981.0,9.0078,0.4011
27982.0,9.0061,0.4075
27983.0,9.0172,0.3983
27984.0,8.9995,0.3951
27985.0,9.0333,0.4009
27986.0,9.004,0.4021
27987.0,9.0085,0.3987
27988.0,8.9796,0.3982
27989.0,8.9908,0.3962
27990.0,9.0078,0.401
27991.0,8.9987,0.4058
27992.0,9.0028,0.4051
27993.0,8.9878,0.4009
27994.0,9.0018,0.3988
27995.0,9.0018,0.4011
27996.0,8.9823,0.399
27997.0,9.0096,0.3981
27998.0,8.9745,0.4005
27999.0,9.0028,0.4038
28000.0,9.0265,0.3994
28001.0,9.0102,0.3994
28002.0,9.0101,0.3992
28003.0,8.9865,0.4024
28004.0,9.0265,0.4026
28005.0,9.0207,0.3968
28006.0,8.9873,0.3995
28007.0,8.9929,0.4033
28008.0,9.0188,0.399
28009.0,9.0269,0.4042
28010.0,8.981,0.4021
28011.0,8.9849,0.4053
28012.0,8.9978,0.3991
28013.0,8.9674,0.4021
28014.0,9.0003,0.4022
28015.0,9.0178,0.4032
28016.0,8.9784,0.4011
28017.0,9.0019,0.4033
28018.0,8.9913,0.3981
28019.0,9.0246,0.3998
28020.0,8.9915,0.3955
28021.0,9.0228,0.3992
28022.0,8.991,0.3974
28023.0,9.0116,0.401
28024.0,9.0038,0.403
28025.0,8.9979,0.4017
28026.0,8.9881,0.4023
28027.0,9.0048,0.4003
28028.0,8.9934,0.3996
28029.0,8.9897,0.3965
28030.0,9.0221,0.3942
28031.0,9.0082,0.3955
28032.0,9.0097,0.398
28033.0,8.9941,0.4027
28034.0,8.9972,0.3963
28035.0,8.9963,0.3975
28036.0,9.0051,0.3986
28037.0,9.0096,0.4039
28038.0,8.9995,0.3999
28039.0,8.9881,0.4004
28040.0,9.0114,0.4012
28041.0,9.0005,0.4042
28042.0,8.9784,0.4003
28043.0,8.968,0.3947
28044.0,9.0045,0.4004
28045.0,8.9876,0.4043
28046.0,9.0065,0.4019
28047.0,8.9884,0.4006
28048.0,9.002,0.4011
28049.0,8.9943,0.3945
28050.0,9.0263,0.3941
28051.0,9.0143,0.4027
28052.0,9.0202,0.4039
28053.0,9.0004,0.3981
28054.0,9.0123,0.4006
28055.0,9.0014,0.4019
28056.0,9.022,0.405
28057.0,8.9989,0.3998
28058.0,8.979,0.4022
28059.0,8.97,0.406
28060.0,9.025,0.3992
28061.0,9.0072,0.4002
28062.0,9.0082,0.3967
28063.0,9.0223,0.3968
28064.0,8.9752,0.4026
28065.0,8.9946,0.4036
28066.0,8.9965,0.4035
28067.0,9.0111,0.3969
28068.0,8.9896,0.3994
28069.0,8.982,0.4014
28070.0,8.9818,0.3932
28071.0,9.0172,0.4014
28072.0,8.9889,0.4056
28073.0,8.9917,0.4034
28074.0,9.0095,0.3928
28075.0,8.9895,0.4012
28076.0,8.9744,0.4006
28077.0,8.9763,0.4008
28078.0,8.9991,0.4003
28079.0,9.0075,0.399
28080.0,8.997,0.393
28081.0,9.0065,0.4009
28082.0,8.9758,0.4019
28083.0,8.9768,0.3983
28084.0,9.0338,0.4038
28085.0,9.0185,0.3951
28086.0,9.0115,0.3948
28087.0,8.9901,0.4003
28088.0,8.9964,0.398
28089.0,9.0,0.4029
28090.0,9.0197,0.3987
28091.0,9.006,0.4041
28092.0,9.0079,0.3978
28093.0,8.9975,0.4004
28094.0,9.0119,0.394
28095.0,9.0045,0.3998
28096.0,9.0007,0.4002
28097.0,8.9889,0.4036
28098.0,8.9983,0.3955
28099.0,8.9838,0.3992
28100.0,8.9994,0.4044
28101.0,9.0013,0.4048
28102.0,8.9639,0.3975
28103.0,8.9965,0.3979
28104.0,8.9824,0.3949
28105.0,9.0075,0.3936
28106.0,9.0096,0.3988
28107.0,8.9936,0.3981
28108.0,9.0082,0.4062
28109.0,9.0089,0.401
28110.0,8.9966,0.3994
28111.0,9.023,0.402
28112.0,8.9891,0.4031
28113.0,9.0221,0.4036
28114.0,8.9966,0.4008
28115.0,8.9874,0.3999
28116.0,8.9947,0.4005
28117.0,8.9835,0.3998
28118.0,9.0118,0.3984
28119.0,8.976,0.4031
28120.0,9.0208,0.3994
28121.0,8.986,0.397
28122.0,9.0125,0.4001
28123.0,9.0004,0.4021
28124.0,9.0041,0.3956
28125.0,8.9911,0.3992
28126.0,9.0053,0.3976
28127.0,9.002,0.4065
28128.0,8.9781,0.4003
28129.0,8.9856,0.4047
28130.0,8.9919,0.4007
28131.0,8.9887,0.401
28132.0,9.0188,0.3998
28133.0,9.0001,0.3993
28134.0,8.9883,0.3998
28135.0,8.9926,0.398
28136.0,8.9924,0.4
28137.0,8.9957,0.3951
28138.0,8.9839,0.4005
28139.0,8.9878,0.3964
28140.0,9.0115,0.4003
28141.0,9.0028,0.401
28142.0,8.9977,0.4043
28143.0,9.0,0.401
28144.0,8.9993,0.3992
28145.0,8.9969,0.3981
28146.0,9.0078,0.4021
28147.0,9.0066,0.3997
28148.0,8.9764,0.3977
28149.0,8.998,0.4005
28150.0,8.9774,0.3944
28151.0,9.0095,0.4002
28152.0,9.0115,0.3977
28153.0,8.9908,0.399
28154.0,8.9982,0.406
28155.0,8.9683,0.3985
28156.0,9.0146,0.4024
28157.0,9.0106,0.4031
28158.0,9.0173,0.4026
28159.0,9.0223,0.4011
28160.0,8.9816,0.3967
28161.0,9.0133,0.398
28162.0,9.0222,0.3965
28163.0,8.9776,0.3989
28164.0,8.9974,0.399
28165.0,8.9945,0.3973
28166.0,9.0128,0.4016
28167.0,8.9641,0.3985
28168.0,9.0272,0.3989
28169.0,8.9983,0.3953
28170.0,9.0137,0.4002
28171.0,8.9991,0.3997
28172.0,9.0074,0.3982
28173.0,8.9652,0.4011
28174.0,8.9942,0.4004
28175.0,9.0127,0.4018
28176.0,9.0043,0.4019
28177.0,8.9754,0.4021
28178.0,9.0009,0.405
28179.0,8.9877,0.4004
28180.0,8.9864,0.3972
28181.0,8.9772,0.3987
28182.0,9.0093,0.3988
28183.0,9.0167,0.3972
28184.0,9.0318,0.3925
28185.0,8.9779,0.4007
28186.0,9.0115,0.4001
28187.0,9.0125,0.4057
28188.0,8.9913,0.4056
28189.0,8.9862,0.402
28190.0,8.9837,0.4017
28191.0,8.9921,0.3975
28192.0,9.003,0.4006
28193.0,9.0204,0.3997
28194.0,9.0166,0.4004
28195.0,8.9758,0.3977
28196.0,8.9882,0.4013
28197.0,9.0195,0.3959
28198.0,8.989,0.4091
28199.0,8.9991,0.4043
28200.0,8.9744,0.404
28201.0,9.0173,0.3962
28202.0,8.9713,0.3951
28203.0,8.9754,0.4008
28204.0,9.0158,0.3991
28205.0,9.0288,0.4055
28206.0,8.9956,0.4019
28207.0,8.9993,0.3999
28208.0,9.0136,0.4044
28209.0,9.0043,0.4005
28210.0,8.9944,0.4007
28211.0,8.9927,0.4031
28212.0,8.9765,0.398
28213.0,9.0035,0.4031
28214.0,8.9986,0.4017
28215.0,8.9934,0.3972
28216.0,8.985,0.4059
28217.0,8.9865,0.3986
28218.0,9.0093,0.3951
28219.0,9.0132,0.3977
28220.0,8.9951,0.3969
28221.0,8.9935,0.4006
28222.0,8.9872,0.4049
28223.0,9.0141,0.4007
28224.0,9.0005,0.4048
28225.0,9.0055,0.4032
28226.0,9.0054,0.392
28227.0,8.9954,0.4027
28228.0,8.9825,0.3983
28229.0,8.9851,0.4015
28230.0,9.0169,0.3998
28231.0,8.9891,0.4084
28232.0,8.9938,0.4013
28233.0,8.983,0.4018
28234.0,8.9818,0.4032
28235.0,8.9885,0.3955
28236.0,9.0253,0.4033
28237.0,9.0099,0.3994
28238.0,8.9921,0.3979
28239.0,9.0162,0.4025
28240.0,8.9977,0.3955
28241.0,9.0203,0.4028
28242.0,9.0332,0.3995
28243.0,9.0154,0.3997
28244.0,9.0014,0.3933
28245.0,9.0105,0.4027
28246.0,9.0002,0.4007
28247.0,8.9725,0.3986
28248.0,8.9902,0.3972
28249.0,8.9857,0.4023
28250.0,8.9898,0.401
28251.0,9.0269,0.4
28252.0,9.0168,0.397
28253.0,9.0066,0.4009
28254.0,9.0122,0.4007
28255.0,8.9716,0.4039
28256.0,9.0109,0.3964
28257.0,9.0141,0.3979
28258.0,8.9664,0.4058
28259.0,9.0115,0.4006
28260.0,8.9786,0.4008
28261.0,8.9704,0.4029
28262.0,9.0199,0.4054
28263.0,8.9849,0.3965
28264.0,8.9893,0.4065
28265.0,9.0148,0.3999
28266.0,8.9954,0.4008
28267.0,8.9973,0.4002
28268.0,8.997,0.4045
28269.0,9.0052,0.4029
28270.0,8.9966,0.3996
28271.0,9.0017,0.3966
28272.0,8.9924,0.3993
28273.0,9.0053,0.396
28274.0,9.0047,0.4027
28275.0,9.0285,0.398
28276.0,8.9943,0.3997
28277.0,8.9972,0.4035
28278.0,9.0036,0.4024
28279.0,9.0145,0.4011
28280.0,8.9836,0.3976
28281.0,9.0016,0.4015
28282.0,8.9624,0.3976
28283.0,8.9959,0.4015
28284.0,9.0161,0.3961
28285.0,8.9891,0.4036
28286.0,9.0027,0.4006
28287.0,8.9921,0.4
28288.0,8.9871,0.4012
28289.0,9.0146,0.3997
28290.0,8.9843,0.4002
28291.0,9.0044,0.4039
28292.0,9.0046,0.4032
28293.0,8.9872,0.4021
28294.0,9.0023,0.4008
28295.0,8.986,0.3991
28296.0,9.0078,0.4032
28297.0,8.9803,0.3973
28298.0,8.9949,0.4054
28299.0,8.9962,0.4021
28300.0,9.0167,0.4035
28301.0,9.0021,0.4014
28302.0,9.0143,0.3996
28303.0,9.0083,0.4028
28304.0,9.0082,0.3958
28305.0,8.995,0.3982
28306.0,9.0153,0.3994
28307.0,8.9947,0.3959
28308.0,8.9741,0.4019
28309.0,8.9968,0.4038
28310.0,9.0068,0.3949
28311.0,8.9759,0.3988
28312.0,8.9867,0.3995
28313.0,8.9815,0.401
28314.0,9.0118,0.4026
28315.0,9.0251,0.3992
28316.0,8.9969,0.4028
28317.0,9.008,0.4003
28318.0,9.0076,0.3982
28319.0,9.0233,0.4007
28320.0,8.9902,0.3962
28321.0,8.9967,0.3992
28322.0,8.9949,0.3995
28323.0,9.0011,0.3982
28324.0,9.0376,0.4076
28325.0,9.0005,0.4039
28326.0,8.9872,0.4006
28327.0,8.9827,0.4013
28328.0,9.0188,0.4016
28329.0,8.9871,0.4019
28330.0,9.01,0.4047
28331.0,8.9898,0.4028
28332.0,8.981,0.394
28333.0,9.0091,0.4025
28334.0,8.9905,0.3975
28335.0,9.0064,0.3983
28336.0,9.0075,0.4029
28337.0,9.0082,0.3944
28338.0,8.996,0.4051
28339.0,9.0103,0.4025
28340.0,8.9862,0.401
28341.0,8.9632,0.4025
28342.0,9.0106,0.4034
28343.0,9.0025,0.4007
28344.0,8.9908,0.4023
28345.0,8.9779,0.3971
28346.0,8.9695,0.4024
28347.0,9.0008,0.4018
28348.0,9.0247,0.4043
28349.0,8.9979,0.4005
28350.0,8.9946,0.4009
28351.0,8.9996,0.3972
28352.0,9.0327,0.4
28353.0,9.0113,0.4018
28354.0,8.986,0.4021
28355.0,9.0004,0.4051
28356.0,9.005,0.4014
28357.0,8.9842,0.3997
28358.0,9.0114,0.4017
28359.0,8.9877,0.3983
28360.0,8.9773,0.404
28361.0,9.0011,0.3979
28362.0,8.9988,0.3988
28363.0,9.0,0.3968
28364.0,8.9885,0.4002
28365.0,8.9906,0.4019
28366.0,9.0169,0.405
28367.0,9.0066,0.3998
28368.0,8.9856,0.3993
28369.0,8.9707,0.392
28370.0,8.9863,0.4007
28371.0,9.0024,0.4001
28372.0,8.9905,0.4
28373.0,8.9894,0.4045
28374.0,8.9912,0.4016
28375.0,8.9989,0.3988
28376.0,9.0118,0.3973
28377.0,9.0,0.3965
28378.0,9.0009,0.3987
28379.0,8.9966,0.4011
28380.0,8.9925,0.3937
28381.0,9.0134,0.3996
28382.0,9.0111,0.4024
28383.0,9.0307,0.3969
28384.0,9.0092,0.3995
28385.0,8.9925,0.397
28386.0,8.9864,0.3919
28387.0,9.0143,0.3976
28388.0,8.9878,0.3968
28389.0,9.0121,0.4023
28390.0,8.9886,0.4014
28391.0,9.0052,0.3969
28392.0,8.9841,0.4039
28393.0,9.0117,0.4022
28394.0,8.9815,0.3992
28395.0,9.0041,0.401
28396.0,8.997,0.3972
28397.0,9.0015,0.3926
28398.0,8.9941,0.4003
28399.0,8.9937,0.3959
28400.0,9.0023,0.3993
28401.0,8.985,0.4012
28402.0,8.9849,0.3942
28403.0,8.9946,0.4006
28404.0,8.994,0.4025
28405.0,8.9849,0.3938
28406.0,9.0139,0.4021
28407.0,8.995,0.4057
28408.0,8.9966,0.3992
28409.0,8.9801,0.4022
28410.0,9.0311,0.397
28411.0,9.0364,0.4028
28412.0,8.9883,0.4015
28413.0,9.0184,0.4007
28414.0,8.9986,0.4005
28415.0,9.0241,0.4012
28416.0,9.005,0.3998
28417.0,9.0015,0.3971
28418.0,8.9625,0.3996
28419.0,8.9868,0.3999
28420.0,9.0003,0.3965
28421.0,9.003,0.3997
28422.0,8.9818,0.3998
28423.0,8.9891,0.3984
28424.0,9.0083,0.4011
28425.0,8.9793,0.4018
28426.0,9.002,0.398
28427.0,9.0186,0.4004
28428.0,9.0058,0.4027
28429.0,9.005,0.397
28430.0,8.9697,0.395
28431.0,8.9877,0.3972
28432.0,9.0308,0.4016
28433.0,8.991,0.3986
28434.0,9.019,0.3963
28435.0,8.9908,0.4038
28436.0,8.9958,0.3965
28437.0,9.0077,0.3995
28438.0,9.0015,0.4022
28439.0,9.0057,0.402
28440.0,8.9877,0.4013
28441.0,8.983,0.398
28442.0,8.9867,0.4017
28443.0,8.992,0.4
28444.0,8.9966,0.4012
28445.0,9.0156,0.4041
28446.0,9.0013,0.3964
28447.0,9.0073,0.4012
28448.0,9.0021,0.4004
28449.0,8.9833,0.4028
28450.0,9.0003,0.4053
28451.0,9.002,0.4052
28452.0,9.0114,0.4025
28453.0,8.984,0.3982
28454.0,8.9694,0.3987
28455.0,9.0026,0.4022
28456.0,9.0053,0.3961
28457.0,8.9973,0.3993
28458.0,9.0004,0.3978
28459.0,9.0132,0.3965
28460.0,8.9931,0.4007
28461.0,8.9958,0.4024
28462.0,9.0012,0.4018
28463.0,8.9817,0.4004
28464.0,8.9977,0.3989
28465.0,8.999,0.3984
28466.0,9.0246,0.4026
28467.0,8.9955,0.3985
28468.0,9.003,0.3984
28469.0,9.0138,0.4012
28470.0,8.9874,0.3971
28471.0,9.0206,0.4003
28472.0,9.0265,0.3984
28473.0,8.9996,0.398
28474.0,8.9919,0.3993
28475.0,9.0244,0.4023
28476.0,9.0119,0.4005
28477.0,9.0012,0.4009
28478.0,9.0214,0.4023
28479.0,9.0198,0.4019
28480.0,8.995,0.3995
28481.0,9.0037,0.4017
28482.0,9.0087,0.3995
28483.0,9.0004,0.4013
28484.0,8.9791,0.4031
28485.0,8.9859,0.4016
28486.0,8.9796,0.3963
28487.0,9.0074,0.3985
28488.0,8.9822,0.4019
28489.0,9.0029,0.3935
28490.0,9.0275,0.401
28491.0,9.0214,0.4008
28492.0,8.9724,0.4082
28493.0,8.9808,0.4013
28494.0,8.9884,0.3997
28495.0,8.9825,0.4035
28496.0,8.9752,0.399
28497.0,8.9998,0.4001
28498.0,9.0106,0.4003
28499.0,9.0143,0.4018
28500.0,8.9929,0.3972
28501.0,8.9959,0.4025
28502.0,9.0053,0.3984
28503.0,8.9984,0.4062
28504.0,9.0122,0.3955
28505.0,9.0065,0.3977
28506.0,8.9944,0.3939
28507.0,8.9722,0.4089
28508.0,9.0225,0.3963
28509.0,8.9897,0.4023
28510.0,9.0054,0.4022
28511.0,8.9713,0.3973
28512.0,8.9998,0.4023
28513.0,9.0015,0.3968
28514.0,9.0022,0.3976
28515.0,9.0452,0.3953
28516.0,8.9905,0.402
28517.0,9.0123,0.3941
28518.0,9.0078,0.4012
28519.0,8.9898,0.3996
28520.0,9.0121,0.4052
28521.0,8.9975,0.4001
28522.0,9.0131,0.4025
28523.0,9.0294,0.4015
28524.0,9.0023,0.3997
28525.0,8.9958,0.4033
28526.0,9.0158,0.4011
28527.0,9.0209,0.4027
28528.0,8.9868,0.3972
28529.0,8.9932,0.4016
28530.0,9.0101,0.4024
28531.0,8.998,0.3967
28532.0,8.9857,0.3998
28533.0,9.0081,0.3948
28534.0,9.0101,0.3952
28535.0,8.995,0.3998
28536.0,9.0009,0.4054
28537.0,8.9914,0.4056
28538.0,8.9836,0.3991
28539.0,8.9925,0.3971
28540.0,9.0011,0.4028
28541.0,8.9779,0.394
28542.0,8.9936,0.3988
28543.0,9.0013,0.3978
28544.0,9.0179,0.3997
28545.0,8.9953,0.4041
28546.0,8.9813,0.3922
28547.0,8.9969,0.4009
28548.0,8.9915,0.401
28549.0,9.0083,0.3998
28550.0,8.9949,0.4009
28551.0,8.9593,0.4015
28552.0,9.0554,0.4005
28553.0,9.0021,0.3939
28554.0,9.0013,0.3973
28555.0,8.9769,0.4048
28556.0,8.978,0.3965
28557.0,8.9986,0.4002
28558.0,9.005,0.3978
28559.0,9.0105,0.4018
28560.0,9.0036,0.3994
28561.0,8.9822,0.402
28562.0,8.9624,0.4011
28563.0,8.9985,0.3988
28564.0,8.992,0.3933
28565.0,8.9811,0.3974
28566.0,9.0124,0.3964
28567.0,8.9764,0.3964
28568.0,9.0093,0.4015
28569.0,8.9788,0.4061
28570.0,9.002,0.3926
28571.0,9.014,0.3955
28572.0,8.9949,0.4007
28573.0,9.0253,0.3992
28574.0,9.0288,0.4014
28575.0,9.0036,0.3999
28576.0,9.0081,0.404
28577.0,9.0159,0.4017
28578.0,9.0082,0.4026
28579.0,9.0066,0.4031
28580.0,8.9921,0.3964
28581.0,8.9747,0.4018
28582.0,8.9791,0.4019
28583.0,9.0357,0.399
28584.0,9.0048,0.399
28585.0,8.9963,0.399
28586.0,9.0189,0.3974
28587.0,8.9888,0.3959
28588.0,9.0087,0.4064
28589.0,9.0012,0.4032
28590.0,9.0069,0.4001
28591.0,8.995,0.3956
28592.0,8.9855,0.4016
28593.0,8.9877,0.3989
28594.0,8.9882,0.3995
28595.0,9.0,0.4067
28596.0,8.9767,0.4057
28597.0,8.9813,0.3929
28598.0,9.002,0.4011
28599.0,8.9981,0.4005
28600.0,9.0029,0.4011
28601.0,8.9993,0.3983
28602.0,9.0378,0.4
28603.0,9.0019,0.3967
28604.0,8.9943,0.4031
28605.0,9.0015,0.403
28606.0,9.0153,0.4049
28607.0,8.9993,0.3977
28608.0,9.0103,0.4008
28609.0,9.0059,0.4061
28610.0,8.9956,0.398
28611.0,9.0017,0.397
28612.0,9.024,0.4009
28613.0,9.0036,0.4035
28614.0,8.9852,0.398
28615.0,8.9952,0.4058
28616.0,8.9683,0.3973
28617.0,9.0021,0.402
28618.0,9.0197,0.398
28619.0,8.9799,0.3986
28620.0,9.0022,0.4025
28621.0,9.0148,0.3994
28622.0,9.0164,0.3954
28623.0,9.0192,0.3976
28624.0,8.972,0.4022
28625.0,9.0076,0.4012
28626.0,8.9774,0.4022
28627.0,8.985,0.3982
28628.0,9.0123,0.3968
28629.0,9.0024,0.3975
28630.0,9.0109,0.3977
28631.0,8.9861,0.3999
28632.0,9.0221,0.3964
28633.0,9.0103,0.4032
28634.0,9.0133,0.4015
28635.0,8.9838,0.3974
28636.0,9.0176,0.3994
28637.0,8.9953,0.3973
28638.0,8.9908,0.3996
28639.0,9.0094,0.3975
28640.0,9.0087,0.4064
28641.0,8.9873,0.3952
28642.0,9.0308,0.3962
28643.0,9.0272,0.3993
28644.0,9.0091,0.4003
28645.0,9.0065,0.4003
28646.0,9.0049,0.4028
28647.0,8.9768,0.4013
28648.0,9.0017,0.3972
28649.0,9.0015,0.4032
28650.0,8.9914,0.4019
28651.0,8.9954,0.4042
28652.0,8.9643,0.4002
28653.0,8.9835,0.4033
28654.0,9.0138,0.3918
28655.0,9.026,0.3985
28656.0,8.9858,0.3973
28657.0,9.0027,0.4021
28658.0,9.0165,0.3978
28659.0,8.9922,0.4029
28660.0,9.0101,0.4024
28661.0,8.9995,0.3982
28662.0,9.0179,0.4007
28663.0,8.9808,0.3994
28664.0,8.9834,0.4003
28665.0,9.0042,0.4022
28666.0,9.0014,0.399
28667.0,8.9992,0.395
28668.0,9.0086,0.4018
28669.0,8.986,0.4032
28670.0,8.9795,0.3949
28671.0,8.9925,0.3999
28672.0,8.9942,0.3972
28673.0,8.9957,0.4034
28674.0,9.019,0.4035
28675.0,9.0116,0.3976
28676.0,9.008,0.3961
28677.0,9.0033,0.4007
28678.0,8.9935,0.3967
28679.0,8.9872,0.4026
28680.0,8.982,0.3996
28681.0,8.9896,0.4048
28682.0,8.9994,0.4049
28683.0,8.9827,0.4047
28684.0,9.0025,0.4012
28685.0,8.9971,0.3972
28686.0,8.994,0.3956
28687.0,9.0174,0.4018
28688.0,8.9631,0.402
28689.0,8.9942,0.4008
28690.0,8.9647,0.396
28691.0,9.0036,0.3976
28692.0,9.0114,0.4002
28693.0,8.9797,0.3982
28694.0,8.9817,0.3977
28695.0,8.9745,0.3971
28696.0,9.001,0.3996
28697.0,8.9949,0.3994
28698.0,8.9958,0.3975
28699.0,8.9945,0.4
28700.0,8.9854,0.4007
28701.0,9.017,0.4011
28702.0,9.0041,0.3971
28703.0,8.9822,0.3991
28704.0,8.9895,0.4
28705.0,8.9869,0.4004
28706.0,9.0211,0.396
28707.0,9.0107,0.399
28708.0,8.9981,0.4018
28709.0,9.0256,0.3982
28710.0,9.0218,0.4011
28711.0,8.9965,0.4
28712.0,8.9938,0.3986
28713.0,8.9946,0.4038
28714.0,8.9857,0.3991
28715.0,9.026,0.3994
28716.0,8.9849,0.3985
28717.0,9.013,0.4044
28718.0,9.0104,0.4042
28719.0,8.9954,0.4034
28720.0,9.0272,0.4026
28721.0,8.9766,0.3973
28722.0,8.9988,0.3987
28723.0,8.9927,0.3977
28724.0,9.0144,0.4031
28725.0,9.0053,0.407
28726.0,8.9741,0.402
28727.0,9.0186,0.405
28728.0,9.0073,0.4014
28729.0,8.9845,0.401
28730.0,8.9948,0.3983
28731.0,8.9805,0.4018
28732.0,8.9974,0.4027
28733.0,9.0023,0.4032
28734.0,8.995,0.4003
28735.0,8.9932,0.4006
28736.0,8.9758,0.3998
28737.0,9.0051,0.3983
28738.0,8.9711,0.4026
28739.0,9.0005,0.3943
28740.0,8.973,0.395
28741.0,9.0008,0.3984
28742.0,8.9999,0.3962
28743.0,9.0061,0.4033
28744.0,9.0129,0.3987
28745.0,9.0157,0.4026
28746.0,8.9758,0.4039
28747.0,8.9991,0.4002
28748.0,9.0302,0.401
28749.0,9.0018,0.4037
28750.0,8.9875,0.403
28751.0,8.9988,0.3938
28752.0,8.9942,0.3988
28753.0,8.9824,0.4015
28754.0,9.013,0.4006
28755.0,9.0088,0.397
28756.0,8.98,0.3949
28757.0,8.9986,0.4018
28758.0,8.9915,0.3975
28759.0,8.976,0.3996
28760.0,8.9788,0.4004
28761.0,8.981,0.3995
28762.0,8.9991,0.3972
28763.0,8.9931,0.3998
28764.0,8.9856,0.3984
28765.0,8.9941,0.405
28766.0,9.0112,0.4006
28767.0,9.0054,0.4077
28768.0,9.015,0.396
28769.0,8.9966,0.3991
28770.0,9.024,0.3991
28771.0,9.0052,0.3977
28772.0,8.9927,0.3989
28773.0,9.0014,0.3986
28774.0,8.9813,0.3971
28775.0,8.9954,0.4054
28776.0,9.0064,0.3997
28777.0,9.0092,0.4028
28778.0,8.9938,0.403
28779.0,9.041,0.4043
28780.0,8.9974,0.3971
28781.0,8.9748,0.4038
28782.0,9.0182,0.3998
28783.0,9.0091,0.4061
28784.0,9.0035,0.4016
28785.0,8.993,0.3965
28786.0,9.0059,0.4038
28787.0,9.0243,0.4035
28788.0,9.003,0.3961
28789.0,8.9779,0.4022
28790.0,8.9482,0.4048
28791.0,9.0058,0.4014
28792.0,8.9852,0.3971
28793.0,8.9985,0.403
28794.0,8.9879,0.402
28795.0,8.9868,0.3993
28796.0,8.9885,0.3986
28797.0,8.9899,0.402
28798.0,9.0116,0.3973
28799.0,9.0086,0.4006
28800.0,8.9819,0.4036
28801.0,8.9839,0.4046
28802.0,9.0057,0.3984
28803.0,9.0158,0.3952
28804.0,9.0156,0.3979
28805.0,8.985,0.4024
28806.0,9.0148,0.3978
28807.0,8.9734,0.4032
28808.0,8.997,0.3978
28809.0,9.0073,0.3983
28810.0,8.9688,0.3995
28811.0,9.0314,0.4028
28812.0,9.0199,0.3952
28813.0,9.0097,0.4008
28814.0,8.9855,0.4008
28815.0,8.999,0.397
28816.0,9.0119,0.4011
28817.0,8.9832,0.3995
28818.0,8.9973,0.3966
28819.0,9.0137,0.3998
28820.0,8.9776,0.3969
28821.0,9.005,0.3981
28822.0,8.9737,0.4026
28823.0,8.9858,0.3991
28824.0,8.9924,0.4026
28825.0,9.0077,0.3995
28826.0,8.9895,0.3971
28827.0,9.0019,0.4014
28828.0,8.9897,0.4017
28829.0,8.992,0.3963
28830.0,9.0188,0.4034
28831.0,8.9827,0.4046
28832.0,9.0114,0.4019
28833.0,9.0,0.4002
28834.0,8.9914,0.406
28835.0,8.9817,0.4016
28836.0,8.9828,0.4006
28837.0,8.9889,0.4051
28838.0,8.9977,0.4048
28839.0,9.0091,0.3957
28840.0,8.9955,0.3985
28841.0,8.9965,0.4018
28842.0,8.9987,0.4037
28843.0,9.0072,0.3965
28844.0,9.0097,0.4027
28845.0,8.9792,0.3988
28846.0,8.9958,0.4022
28847.0,9.0184,0.3983
28848.0,8.9803,0.393
28849.0,9.0011,0.3947
28850.0,8.9974,0.3966
28851.0,8.9915,0.3982
28852.0,9.0239,0.4
28853.0,9.0006,0.3984
28854.0,9.0227,0.3999
28855.0,9.0001,0.3985
28856.0,9.0069,0.4
28857.0,8.9913,0.4028
28858.0,8.9915,0.4
28859.0,9.0061,0.4016
28860.0,9.0064,0.4021
28861.0,9.009,0.3995
28862.0,9.0057,0.3946
28863.0,8.98,0.4008
28864.0,8.9879,0.398
28865.0,9.0127,0.4026
28866.0,8.9706,0.4041
28867.0,9.0044,0.3992
28868.0,8.9983,0.4005
28869.0,9.0127,0.402
28870.0,9.0062,0.3976
28871.0,8.99,0.4
28872.0,8.9894,0.3954
28873.0,8.9922,0.4031
28874.0,9.0087,0.4051
28875.0,8.9655,0.4003
28876.0,9.0024,0.3977
28877.0,8.9868,0.4008
28878.0,9.0029,0.3962
28879.0,9.0052,0.3987
28880.0,8.9751,0.3987
28881.0,8.9966,0.3984
28882.0,9.0023,0.4007
28883.0,9.0013,0.4013
28884.0,8.9982,0.4
28885.0,8.9817,0.4027
28886.0,8.984,0.4012
28887.0,8.9793,0.3985
28888.0,9.0083,0.3997
28889.0,8.9983,0.3998
28890.0,8.9992,0.3989
28891.0,8.9744,0.4015
28892.0,8.9995,0.3936
28893.0,9.0095,0.4001
28894.0,8.9724,0.4009
28895.0,8.992,0.4018
28896.0,8.9764,0.4033
28897.0,8.9937,0.3996
28898.0,8.9865,0.4025
28899.0,9.0057,0.4018
28900.0,9.0025,0.4008
28901.0,9.0194,0.3958
28902.0,8.9992,0.4033
28903.0,9.0051,0.4003
28904.0,8.9916,0.3992
28905.0,8.9835,0.3965
28906.0,9.0125,0.3927
28907.0,9.0186,0.4057
28908.0,9.0106,0.4009
28909.0,9.002,0.3967
28910.0,8.9854,0.3962
28911.0,9.0171,0.3992
28912.0,9.0087,0.4024
28913.0,9.0304,0.4019
28914.0,8.9827,0.402
28915.0,9.0129,0.3973
28916.0,9.0082,0.3995
28917.0,8.9949,0.4004
28918.0,9.0205,0.3998
28919.0,9.006,0.4016
28920.0,8.9859,0.4047
28921.0,8.9982,0.4006
28922.0,8.9858,0.3982
28923.0,8.993,0.3956
28924.0,9.0106,0.4005
28925.0,9.0148,0.398
28926.0,9.0033,0.4013
28927.0,8.9887,0.4011
28928.0,9.0057,0.4047
28929.0,9.0109,0.4006
28930.0,8.9704,0.4014
28931.0,9.0017,0.398
28932.0,8.9971,0.3957
28933.0,9.0143,0.4032
28934.0,9.0058,0.4036
28935.0,9.0073,0.399
28936.0,8.9928,0.3942
28937.0,9.0,0.4041
28938.0,9.0142,0.4036
28939.0,8.999,0.3996
28940.0,9.0026,0.4032
28941.0,8.977,0.3999
28942.0,8.999,0.4007
28943.0,8.9698,0.3951
28944.0,8.9923,0.4037
28945.0,9.001,0.3947
28946.0,9.0115,0.4052
28947.0,8.985,0.4055
28948.0,9.0056,0.3923
28949.0,9.022,0.4047
28950.0,8.9904,0.3993
28951.0,8.9768,0.4013
28952.0,9.0043,0.3958
28953.0,8.9821,0.399
28954.0,8.9877,0.3965
28955.0,9.0139,0.3976
28956.0,9.0282,0.4037
28957.0,8.985,0.403
28958.0,8.9889,0.4025
28959.0,8.9934,0.3984
28960.0,8.9918,0.3979
28961.0,9.029,0.3951
28962.0,8.992,0.402
28963.0,8.9942,0.4058
28964.0,9.0242,0.4044
28965.0,9.0087,0.4001
28966.0,9.0148,0.4015
28967.0,8.9864,0.4007
28968.0,8.992,0.4027
28969.0,8.9844,0.4052
28970.0,9.012,0.3983
28971.0,9.0184,0.3984
28972.0,8.991,0.3991
28973.0,8.9945,0.3999
28974.0,8.9952,0.4022
28975.0,8.9768,0.3998
28976.0,8.9899,0.3974
28977.0,9.0116,0.3975
28978.0,8.9869,0.3965
28979.0,9.0014,0.3997
28980.0,8.9804,0.4031
28981.0,8.9978,0.4013
28982.0,8.9916,0.4017
28983.0,8.9817,0.3967
28984.0,9.0119,0.3965
28985.0,9.0127,0.4005
28986.0,8.9855,0.4037
28987.0,8.9968,0.4025
28988.0,9.0007,0.398
28989.0,8.9728,0.4069
28990.0,8.979,0.3939
28991.0,9.0193,0.4001
28992.0,8.984,0.4003
28993.0,9.0189,0.3994
28994.0,8.9798,0.4016
28995.0,9.0099,0.3994
28996.0,8.9953,0.3955
28997.0,8.9974,0.3997
28998.0,9.0278,0.4005
28999.0,8.9812,0.4027
29000.0,9.0089,0.4043
29001.0,9.0083,0.3974
29002.0,9.0503,0.405
29003.0,8.9838,0.3987
29004.0,8.9906,0.3985
29005.0,9.0122,0.3988
29006.0,8.997,0.3941
29007.0,8.9931,0.3987
29008.0,9.0144,0.4039
29009.0,8.996,0.4014
29010.0,8.9866,0.4007
29011.0,9.0109,0.4011
29012.0,9.0056,0.4038
29013.0,8.9953,0.3974
29014.0,8.9946,0.4027
29015.0,8.9863,0.4002
29016.0,9.0109,0.3976
29017.0,8.9946,0.4014
29018.0,8.9885,0.4003
29019.0,8.9807,0.3976
29020.0,9.0059,0.3968
29021.0,8.9924,0.3987
29022.0,8.9698,0.3985
29023.0,8.982,0.4037
29024.0,8.9965,0.3994
29025.0,8.9969,0.3989
29026.0,8.9963,0.4034
29027.0,8.9943,0.404
29028.0,8.9779,0.3975
29029.0,8.9869,0.3963
29030.0,9.0178,0.4015
29031.0,9.0155,0.3994
29032.0,9.0087,0.3984
29033.0,9.0073,0.4031
29034.0,9.0136,0.3992
29035.0,8.9832,0.4058
29036.0,9.0005,0.4001
29037.0,8.9832,0.4005
29038.0,8.9835,0.4067
29039.0,9.0055,0.4009
29040.0,9.0142,0.3979
29041.0,8.9971,0.3969
29042.0,9.0247,0.3986
29043.0,9.0032,0.4007
29044.0,8.9883,0.4027
29045.0,8.9837,0.3955
29046.0,9.0153,0.4
29047.0,9.0019,0.4038
29048.0,9.0101,0.4008
29049.0,8.9601,0.4041
29050.0,9.0037,0.3955
29051.0,8.9923,0.3993
29052.0,8.9791,0.4004
29053.0,8.9991,0.4017
29054.0,9.0164,0.3974
29055.0,9.034,0.4012
29056.0,9.0036,0.4015
29057.0,8.9894,0.3998
29058.0,8.9885,0.4014
29059.0,9.0144,0.4009
29060.0,8.985,0.398
29061.0,9.0093,0.3995
29062.0,9.0044,0.3963
29063.0,9.0027,0.3955
29064.0,8.9765,0.4008
29065.0,8.9946,0.3943
29066.0,8.9781,0.3993
29067.0,8.9912,0.4012
29068.0,9.0138,0.4
29069.0,9.0185,0.4066
29070.0,9.0032,0.4013
29071.0,8.9914,0.3992
29072.0,9.0238,0.4018
29073.0,8.9912,0.3961
29074.0,8.983,0.403
29075.0,9.0104,0.3985
29076.0,9.0069,0.4033
29077.0,8.9919,0.4012
29078.0,9.0015,0.4019
29079.0,9.0066,0.3983
29080.0,9.0031,0.3966
29081.0,9.0069,0.3965
29082.0,8.9924,0.3949
29083.0,9.0079,0.3988
29084.0,9.0003,0.3982
29085.0,8.9929,0.403
29086.0,8.9963,0.3969
29087.0,8.9985,0.4066
29088.0,8.9783,0.397
29089.0,8.9905,0.3973
29090.0,9.001,0.3956
29091.0,8.9797,0.4
29092.0,8.9907,0.399
29093.0,9.0358,0.3997
29094.0,8.9831,0.4012
29095.0,8.9942,0.4029
29096.0,8.9875,0.3965
29097.0,8.9982,0.4001
29098.0,8.9878,0.4026
29099.0,8.9964,0.3967
29100.0,8.9892,0.4083
29101.0,9.0158,0.407
29102.0,9.0012,0.3998
29103.0,8.985,0.3967
29104.0,9.0126,0.3971
29105.0,8.9856,0.4007
29106.0,8.9765,0.4019
29107.0,9.0,0.3945
29108.0,9.0286,0.3972
29109.0,8.9726,0.4004
29110.0,8.98,0.3958
29111.0,9.0113,0.3991
29112.0,8.9904,0.4013
29113.0,9.0092,0.3995
29114.0,8.9874,0.3978
29115.0,9.0021,0.4003
29116.0,9.0262,0.4015
29117.0,8.9821,0.3972
29118.0,9.0154,0.401
29119.0,9.0102,0.401
29120.0,8.9777,0.4016
29121.0,9.0084,0.4008
29122.0,9.0011,0.4004
29123.0,9.0014,0.3995
29124.0,9.005,0.3991
29125.0,8.9947,0.4022
29126.0,9.0011,0.3997
29127.0,9.0036,0.4016
29128.0,9.0112,0.4016
29129.0,8.9771,0.3972
29130.0,9.0194,0.399
29131.0,8.9827,0.3998
29132.0,9.0114,0.4003
29133.0,9.0012,0.4013
29134.0,8.9808,0.4005
29135.0,9.0079,0.4001
29136.0,8.9858,0.3987
29137.0,9.016,0.4032
29138.0,8.9893,0.401
29139.0,8.9776,0.3997
29140.0,9.023,0.3988
29141.0,9.0027,0.4008
29142.0,9.013,0.4001
29143.0,8.9872,0.3954
29144.0,8.9716,0.397
29145.0,9.0251,0.4039
29146.0,8.9999,0.4011
29147.0,9.0074,0.3981
29148.0,9.0098,0.3989
29149.0,8.995,0.3974
29150.0,9.0034,0.3984
29151.0,9.0239,0.4031
29152.0,8.9995,0.3995
29153.0,9.0141,0.4025
29154.0,8.9701,0.4049
29155.0,9.0169,0.3988
29156.0,8.9772,0.3961
29157.0,9.0151,0.4013
29158.0,9.0059,0.3975
29159.0,8.9986,0.4
29160.0,8.9985,0.4005
29161.0,8.9962,0.4056
29162.0,8.9877,0.401
29163.0,8.9969,0.3986
29164.0,9.0331,0.4019
29165.0,9.0195,0.4024
29166.0,8.9869,0.4036
29167.0,9.004,0.3972
29168.0,9.0014,0.4039
29169.0,8.9979,0.4069
29170.0,8.985,0.4038
29171.0,9.0067,0.4044
29172.0,9.0127,0.3987
29173.0,8.9875,0.4051
29174.0,9.0293,0.3986
29175.0,9.0228,0.3999
29176.0,9.0082,0.3986
29177.0,8.9815,0.3983
29178.0,9.006,0.4
29179.0,9.0042,0.3965
29180.0,9.0077,0.3979
29181.0,9.0239,0.3971
29182.0,8.9974,0.4046
29183.0,9.0307,0.4049
29184.0,9.0061,0.4076
29185.0,8.9956,0.3998
29186.0,9.036,0.4001
29187.0,9.0124,0.4023
29188.0,8.9932,0.3962
29189.0,9.0013,0.3971
29190.0,9.0095,0.3952
29191.0,8.9977,0.4025
29192.0,9.002,0.3974
29193.0,8.9877,0.403
29194.0,8.9747,0.3986
29195.0,9.0016,0.4
29196.0,9.0021,0.3995
29197.0,9.0079,0.4006
29198.0,8.9914,0.3985
29199.0,8.9799,0.4031
29200.0,8.9855,0.3995
29201.0,9.0158,0.4011
29202.0,8.99,0.4003
29203.0,8.9934,0.397
29204.0,8.9953,0.404
29205.0,8.9907,0.398
29206.0,8.9896,0.4024
29207.0,8.9869,0.4022
29208.0,9.021,0.3955
29209.0,9.0102,0.3995
29210.0,9.0187,0.4017
29211.0,9.0217,0.3991
29212.0,8.9648,0.3996
29213.0,9.0052,0.4007
29214.0,8.9912,0.3989
29215.0,9.0168,0.4011
29216.0,8.9889,0.4001
29217.0,8.9842,0.3994
29218.0,8.9785,0.3971
29219.0,8.9955,0.4012
29220.0,9.0137,0.3928
29221.0,9.0038,0.4008
29222.0,8.982,0.4
29223.0,9.0323,0.3976
29224.0,9.0097,0.3958
29225.0,9.0117,0.4013
29226.0,9.0193,0.3993
29227.0,8.9754,0.4004
29228.0,8.9863,0.3945
29229.0,9.0123,0.4014
29230.0,8.9878,0.4028
29231.0,8.9959,0.3995
29232.0,8.9988,0.3973
29233.0,8.9808,0.4013
29234.0,8.9946,0.3991
29235.0,9.0137,0.4026
29236.0,9.0109,0.4001
29237.0,9.0167,0.3936
29238.0,9.0151,0.393
29239.0,9.0061,0.3979
29240.0,9.0049,0.4014
29241.0,9.0038,0.3985
29242.0,8.9906,0.4015
29243.0,8.9846,0.398
29244.0,8.9897,0.4062
29245.0,8.9951,0.3994
29246.0,8.9902,0.4008
29247.0,9.0062,0.3971
29248.0,9.003,0.3987
29249.0,9.0046,0.4015
29250.0,9.0053,0.3999
29251.0,9.0179,0.3917
29252.0,8.9999,0.4015
29253.0,9.0151,0.4018
29254.0,9.0077,0.4022
29255.0,9.0169,0.4033
29256.0,9.0242,0.4005
29257.0,9.0086,0.4072
29258.0,9.0016,0.4007
29259.0,9.0015,0.3931
29260.0,8.9929,0.4007
29261.0,8.9924,0.4034
29262.0,9.0135,0.3959
29263.0,8.9855,0.3992
29264.0,9.0242,0.4036
29265.0,8.9977,0.3983
29266.0,9.0429,0.3993
29267.0,8.9896,0.4023
29268.0,9.0038,0.3962
29269.0,8.9947,0.4
29270.0,8.9881,0.3971
29271.0,9.016,0.3992
29272.0,8.9834,0.4007
29273.0,8.9899,0.4032
29274.0,9.0088,0.4009
29275.0,9.0112,0.3983
29276.0,8.9791,0.4036
29277.0,9.0087,0.4018
29278.0,9.0019,0.3942
29279.0,8.9862,0.4025
29280.0,8.9882,0.4002
29281.0,8.9695,0.3999
29282.0,9.0258,0.4036
29283.0,9.0152,0.3994
29284.0,8.9807,0.4027
29285.0,9.012,0.4038
29286.0,8.9914,0.4002
29287.0,9.0137,0.4013
29288.0,8.9926,0.4021
29289.0,8.9945,0.4014
29290.0,8.9957,0.4027
29291.0,8.9901,0.3969
29292.0,9.021,0.3981
29293.0,9.0135,0.3962
29294.0,9.0016,0.4051
29295.0,9.0154,0.395
29296.0,8.9756,0.404
29297.0,8.9816,0.4014
29298.0,9.0071,0.3974
29299.0,9.011,0.3962
29300.0,9.0042,0.3999
29301.0,8.9718,0.3993
29302.0,8.9841,0.4012
29303.0,9.0062,0.3934
29304.0,9.0364,0.3994
29305.0,9.0183,0.3974
29306.0,9.0237,0.4038
29307.0,9.0051,0.4012
29308.0,9.005,0.3985
29309.0,8.9845,0.4043
29310.0,9.0143,0.3987
29311.0,8.9989,0.3997
29312.0,9.0104,0.4008
29313.0,9.0005,0.4027
29314.0,9.0042,0.4
29315.0,8.9987,0.4043
29316.0,9.0034,0.3988
29317.0,9.015,0.3971
29318.0,8.981,0.4048
29319.0,8.9776,0.3991
29320.0,9.0064,0.4018
29321.0,9.0216,0.4023
29322.0,9.0254,0.4062
29323.0,8.9816,0.3991
29324.0,8.994,0.4016
29325.0,8.9778,0.3977
29326.0,8.9917,0.3986
29327.0,9.0168,0.3977
29328.0,8.9998,0.4025
29329.0,8.9944,0.4028
29330.0,9.0082,0.4011
29331.0,8.9881,0.3977
29332.0,9.0239,0.398
29333.0,9.0001,0.3979
29334.0,8.994,0.4011
29335.0,9.0088,0.3953
29336.0,9.0141,0.3988
29337.0,9.0239,0.396
29338.0,8.9969,0.4015
29339.0,9.0163,0.397
29340.0,9.0015,0.4059
29341.0,8.9908,0.4031
29342.0,8.9883,0.3997
29343.0,8.9835,0.4012
29344.0,8.9889,0.4014
29345.0,9.0167,0.3971
29346.0,9.0106,0.4037
29347.0,8.9814,0.3997
29348.0,8.9738,0.3977
29349.0,8.9833,0.4016
29350.0,8.9883,0.3966
29351.0,8.9955,0.402
29352.0,9.0176,0.401
29353.0,8.9918,0.398
29354.0,9.0252,0.4029
29355.0,8.9748,0.4021
29356.0,8.9948,0.399
29357.0,9.0118,0.4016
29358.0,9.0127,0.396
29359.0,8.995,0.4015
29360.0,9.015,0.3956
29361.0,9.0122,0.4004
29362.0,8.9898,0.4021
29363.0,9.0047,0.401
29364.0,9.0106,0.4047
29365.0,8.9908,0.3976
29366.0,9.0254,0.4012
29367.0,8.9875,0.3936
29368.0,9.0022,0.3985
29369.0,8.9813,0.3991
29370.0,9.0016,0.4047
29371.0,8.984,0.3999
29372.0,8.9956,0.4027
29373.0,8.9762,0.3973
29374.0,9.012,0.399
29375.0,9.0053,0.3975
29376.0,9.0163,0.397
29377.0,8.9948,0.3972
29378.0,9.017,0.3982
29379.0,9.0006,0.4061
29380.0,9.0017,0.3998
29381.0,9.0317,0.3959
29382.0,8.9927,0.3984
29383.0,9.0184,0.403
29384.0,9.0072,0.3979
29385.0,8.9914,0.4045
29386.0,8.9803,0.4031
29387.0,8.9845,0.3994
29388.0,9.017,0.398
29389.0,9.026,0.3971
29390.0,9.0014,0.4006
29391.0,9.0022,0.4012
29392.0,9.0116,0.404
29393.0,9.0011,0.4011
29394.0,9.0165,0.3989
29395.0,9.0044,0.4041
29396.0,9.002,0.4025
29397.0,8.9895,0.3979
29398.0,8.9858,0.3998
29399.0,8.9526,0.402
29400.0,9.0185,0.4009
29401.0,8.9978,0.397
29402.0,8.994,0.4005
29403.0,8.9707,0.398
29404.0,8.9904,0.4002
29405.0,8.9884,0.3961
29406.0,8.9881,0.3973
29407.0,9.005,0.4063
29408.0,9.0018,0.3987
29409.0,8.9796,0.4033
29410.0,8.9805,0.3996
29411.0,8.9805,0.3964
29412.0,9.0272,0.3968
29413.0,9.0224,0.3976
29414.0,8.9872,0.4064
29415.0,8.9704,0.3993
29416.0,9.0019,0.4005
29417.0,9.0007,0.402
29418.0,9.0048,0.4015
29419.0,9.0111,0.4026
29420.0,9.0068,0.3984
29421.0,8.9833,0.3964
29422.0,9.0044,0.3972
29423.0,9.0128,0.3954
29424.0,8.9891,0.3984
29425.0,9.0045,0.3888
29426.0,8.9917,0.4022
29427.0,9.0299,0.4017
29428.0,8.9801,0.3971
29429.0,9.0173,0.3959
29430.0,8.9749,0.4046
29431.0,9.0269,0.4029
29432.0,8.9829,0.3992
29433.0,9.0028,0.398
29434.0,8.9756,0.4001
29435.0,8.9798,0.3957
29436.0,9.0135,0.4009
29437.0,9.0154,0.3964
29438.0,9.0036,0.3928
29439.0,9.0111,0.3976
29440.0,9.0157,0.397
29441.0,8.9897,0.4054
29442.0,8.979,0.405
29443.0,8.9998,0.3967
29444.0,8.9913,0.3997
29445.0,9.0058,0.398
29446.0,9.0082,0.4055
29447.0,8.9898,0.3945
29448.0,9.0106,0.4014
29449.0,9.0098,0.4038
29450.0,9.0108,0.3984
29451.0,8.9939,0.4001
29452.0,9.0117,0.4032
29453.0,9.0078,0.3967
29454.0,9.0096,0.4019
29455.0,9.0252,0.3954
29456.0,9.0049,0.3952
29457.0,8.9909,0.4026
29458.0,8.9833,0.3971
29459.0,9.0169,0.4005
29460.0,9.0054,0.3965
29461.0,9.0251,0.4008
29462.0,8.9696,0.395
29463.0,9.0137,0.4039
29464.0,8.9961,0.4024
29465.0,8.9947,0.3982
29466.0,8.9885,0.3944
29467.0,9.0135,0.3994
29468.0,9.0092,0.3989
29469.0,8.9829,0.3984
29470.0,9.0025,0.4032
29471.0,9.0106,0.4036
29472.0,9.0027,0.4013
29473.0,9.0166,0.4045
29474.0,8.9956,0.3916
29475.0,8.9662,0.3991
29476.0,9.0028,0.3989
29477.0,9.0027,0.4025
29478.0,9.0047,0.399
29479.0,9.0166,0.4017
29480.0,8.9707,0.3986
29481.0,8.9964,0.398
29482.0,8.9862,0.4024
29483.0,8.9819,0.4
29484.0,8.9989,0.4009
29485.0,9.0105,0.3963
29486.0,9.0045,0.402
29487.0,8.9897,0.3968
29488.0,8.9978,0.4051
29489.0,9.0139,0.3992
29490.0,9.0102,0.3988
29491.0,8.9917,0.4027
29492.0,8.9907,0.3998
29493.0,8.9743,0.4022
29494.0,8.9936,0.3991
29495.0,8.974,0.4021
29496.0,9.031,0.3998
29497.0,8.9872,0.4026
29498.0,9.0166,0.4035
29499.0,9.0273,0.3952
29500.0,,
29501.0,,
29502.0,,
29503.0,,
29504.0,,
29505.0,,
29506.0,,
29507.0,,
29508.0,,
29509.0,,
29510.0,,
29511.0,,
29512.0,8.9916,0.4001
29513.0,8.9969,0.4004
29514.0,9.0084,0.4019
29515.0,8.9813,0.4043
29516.0,9.0011,0.3979
29517.0,8.9942,0.4003
29518.0,8.9865,0.3989
29519.0,8.9942,0.3968
29520.0,8.9652,0.3982
29521.0,8.9886,0.4006
29522.0,8.9835,0.3991
29523.0,8.9958,0.4001
29524.0,8.9658,0.4022
29525.0,9.0029,0.4035
29526.0,9.0136,0.408
29527.0,8.9982,0.4023
29528.0,9.0075,0.3981
29529.0,8.9923,0.4033
29530.0,8.9767,0.399
29531.0,9.0,0.3979
29532.0,9.0102,0.4019
29533.0,8.9801,0.4042
29534.0,8.993,0.3982
29535.0,8.9963,0.4009
29536.0,9.0428,0.4014
29537.0,9.0034,0.3972
29538.0,8.9714,0.3957
29539.0,8.9677,0.3958
29540.0,9.011,0.4038
29541.0,9.0373,0.3986
29542.0,8.9958,0.3981
29543.0,8.9949,0.401
29544.0,9.0065,0.4039
29545.0,8.988,0.3965
29546.0,8.9618,0.3943
29547.0,9.0156,0.4044
29548.0,8.9908,0.4015
29549.0,9.0158,0.3968
29550.0,8.9886,0.3987
29551.0,9.0018,0.397
29552.0,9.0128,0.4019
29553.0,9.0161,0.4031
29554.0,9.0035,0.402
29555.0,9.0027,0.4005
29556.0,9.0093,0.4011
29557.0,9.007,0.3978
29558.0,8.9806,0.3987
29559.0,8.9809,0.4
29560.0,8.9684,0.3992
29561.0,9.0115,0.4
29562.0,8.9941,0.3951
29563.0,9.0123,0.4026
29564.0,9.0061,0.3968
29565.0,8.985,0.3937
29566.0,8.9982,0.3979
29567.0,8.9932,0.3994
29568.0,8.9909,0.4061
29569.0,9.0137,0.3985
29570.0,9.0377,0.4006
29571.0,9.0167,0.401
29572.0,8.9996,0.3955
29573.0,9.0189,0.3997
29574.0,9.0257,0.3992
29575.0,8.9791,0.4003
29576.0,9.0184,0.4013
29577.0,9.0115,0.4026
29578.0,9.0178,0.3974
29579.0,9.0122,0.4014
29580.0,8.9966,0.3978
29581.0,9.0305,0.3973
29582.0,9.0051,0.4053
29583.0,8.9935,0.3946
29584.0,9.0076,0.3985
29585.0,9.0146,0.4007
29586.0,9.0014,0.3982
29587.0,9.0059,0.4005
29588.0,9.0013,0.396
29589.0,8.9901,0.3945
29590.0,8.9877,0.3974
29591.0,8.979,0.4005
29592.0,9.0228,0.3995
29593.0,8.9966,0.4019
29594.0,8.9486,0.3957
29595.0,9.0059,0.3983
29596.0,9.0056,0.3998
29597.0,8.972,0.3971
29598.0,8.9875,0.4004
29599.0,8.9869,0.3992
29600.0,8.9889,0.4015
29601.0,9.0182,0.4009
29602.0,8.9978,0.3944
29603.0,8.9936,0.4044
29604.0,9.0168,0.3935
29605.0,9.0074,0.3953
29606.0,8.9739,0.3998
29607.0,8.9908,0.4009
29608.0,9.0048,0.3992
29609.0,8.986,0.3984
29610.0,9.0304,0.3998
29611.0,9.0017,0.4016
29612.0,8.9887,0.3966
29613.0,8.9832,0.3967
29614.0,9.0139,0.3974
29615.0,8.9903,0.404
29616.0,9.0057,0.4011
29617.0,8.9827,0.4017
29618.0,9.0011,0.4048
29619.0,8.9905,0.4024
29620.0,8.9953,0.4005
29621.0,8.9881,0.4047
29622.0,9.0154,0.3971
29623.0,8.9926,0.3992
29624.0,8.9978,0.4035
29625.0,8.9986,0.3934
29626.0,9.0242,0.3976
29627.0,9.0134,0.4024
29628.0,9.0119,0.4003
29629.0,8.9763,0.4015
29630.0,8.9902,0.3943
29631.0,9.0178,0.3975
29632.0,8.9824,0.4019
29633.0,9.0013,0.3973
29634.0,8.984,0.4025
29635.0,8.9855,0.4009
29636.0,9.0252,0.3965
29637.0,9.0108,0.401
29638.0,9.0147,0.4022
29639.0,9.0118,0.4011
29640.0,8.9979,0.4016
29641.0,8.9896,0.3948
29642.0,8.994,0.4068
29643.0,8.9971,0.4085
29644.0,9.0266,0.4043
29645.0,8.98,0.4003
29646.0,8.9917,0.3988
29647.0,8.9863,0.3988
29648.0,9.0158,0.4024
29649.0,9.0278,0.4032
29650.0,9.0046,0.3981
29651.0,9.0059,0.3999
29652.0,9.0014,0.4038
29653.0,9.0066,0.3997
29654.0,9.0116,0.4003
29655.0,9.0064,0.4041
29656.0,9.0075,0.4036
29657.0,9.0116,0.4024
29658.0,8.9733,0.3968
29659.0,9.0,0.3968
29660.0,9.0046,0.3978
29661.0,9.0062,0.3984
29662.0,8.9974,0.4006
29663.0,9.0024,0.3997
29664.0,8.9892,0.3995
29665.0,8.9734,0.3992
29666.0,9.0147,0.3974
29667.0,8.983,0.3986
29668.0,8.9976,0.4073
29669.0,8.9888,0.4021
29670.0,9.0238,0.4001
29671.0,8.9988,0.3955
29672.0,8.9953,0.397
29673.0,9.0112,0.3999
29674.0,9.0323,0.4041
29675.0,9.0061,0.4007
29676.0,8.9943,0.4006
29677.0,9.0104,0.4033
29678.0,8.9764,0.3971
29679.0,9.0007,0.4042
29680.0,9.0299,0.3988
29681.0,9.0024,0.4035
29682.0,9.0016,0.405
29683.0,9.0003,0.3973
29684.0,8.9941,0.4
29685.0,9.0047,0.4024
29686.0,9.0116,0.3991
29687.0,8.995,0.3992
29688.0,8.9626,0.3988
29689.0,9.007,0.3944
29690.0,9.032,0.4032
29691.0,8.9944,0.397
29692.0,8.9779,0.3931
29693.0,9.0102,0.4031
29694.0,9.0262,0.4015
29695.0,9.0079,0.396
29696.0,9.0259,0.4033
29697.0,9.0119,0.402
29698.0,9.0106,0.4
29699.0,8.9922,0.3989
29700.0,9.0043,0.3996
29701.0,8.9996,0.4006
29702.0,8.999,0.3976
29703.0,8.9962,0.4034
29704.0,9.0034,0.4017
29705.0,8.9806,0.3996
29706.0,9.0122,0.4052
29707.0,8.9868,0.3991
29708.0,8.9962,0.4046
29709.0,9.005,0.4009
29710.0,8.9861,0.4023
29711.0,8.9705,0.3989
29712.0,8.9943,0.3944
29713.0,8.9785,0.4014
29714.0,9.0107,0.3964
29715.0,8.9827,0.3982
29716.0,9.0223,0.4002
29717.0,8.9999,0.3981
29718.0,9.0009,0.3999
29719.0,8.9703,0.4006
29720.0,9.0022,0.3956
29721.0,8.9988,0.4008
29722.0,8.9805,0.3981
29723.0,9.0013,0.3968
29724.0,8.994,0.394
29725.0,8.9967,0.3953
29726.0,9.0004,0.4001
29727.0,8.9929,0.4001
29728.0,9.0037,0.4016
29729.0,8.9987,0.4051
29730.0,9.0071,0.4041
29731.0,8.9921,0.403
29732.0,8.984,0.4036
29733.0,8.9894,0.4005
29734.0,9.0216,0.4005
29735.0,9.0143,0.4046
29736.0,9.0182,0.4006
29737.0,9.0192,0.4007
29738.0,8.993,0.4035
29739.0,9.0044,0.3992
29740.0,9.0011,0.3996
29741.0,9.0099,0.3959
29742.0,8.9957,0.3986
29743.0,9.0014,0.399
29744.0,9.0011,0.3992
29745.0,9.008,0.4024
29746.0,9.0098,0.397
29747.0,9.0014,0.4045
29748.0,9.0019,0.3938
29749.0,9.0034,0.4018
29750.0,9.0247,0.4024
29751.0,8.9741,0.4021
29752.0,8.9855,0.4033
29753.0,9.0101,0.3994
29754.0,9.004,0.4038
29755.0,9.0039,0.3979
29756.0,9.01,0.3982
29757.0,9.0032,0.4062
29758.0,8.9916,0.4005
29759.0,9.0094,0.4029
29760.0,9.0003,0.4015
29761.0,8.9933,0.4022
29762.0,9.0104,0.394
29763.0,9.0098,0.4011
29764.0,9.0032,0.4
29765.0,9.0258,0.4029
29766.0,9.0199,0.3976
29767.0,9.015,0.4036
29768.0,9.0385,0.3964
29769.0,8.9978,0.3986
29770.0,8.993,0.3953
29771.0,9.0129,0.3968
29772.0,8.9962,0.4
29773.0,9.0002,0.4041
29774.0,8.9852,0.4001
29775.0,9.0091,0.3961
29776.0,8.9779,0.3937
29777.0,8.9986,0.402
29778.0,8.9998,0.398
29779.0,8.9935,0.3984
29780.0,8.9736,0.4032
29781.0,8.9735,0.3996
29782.0,8.9888,0.3991
29783.0,9.0081,0.4005
29784.0,9.0043,0.4044
29785.0,8.9998,0.4008
29786.0,8.9867,0.3935
29787.0,9.0051,0.3975
29788.0,8.973,0.3991
29789.0,8.9641,0.4026
29790.0,8.9964,0.3963
29791.0,8.9918,0.4004
29792.0,9.0152,0.3998
29793.0,9.0024,0.403
29794.0,9.0248,0.397
29795.0,8.9918,0.4005
29796.0,9.0073,0.4046
29797.0,8.9962,0.4027
29798.0,9.0207,0.4018
29799.0,8.9969,0.3991
29800.0,9.0128,0.4005
29801.0,8.9838,0.3997
29802.0,8.9938,0.4026
29803.0,8.9987,0.4016
29804.0,9.019,0.3981
29805.0,8.967,0.4052
29806.0,8.995,0.4036
29807.0,8.9945,0.3974
29808.0,8.9688,0.399
29809.0,8.993,0.3995
29810.0,8.9769,0.4024
29811.0,8.965,0.3976
29812.0,8.9961,0.398
29813.0,8.9956,0.4026
29814.0,8.9963,0.4017
29815.0,9.0038,0.3942
29816.0,8.9868,0.402
29817.0,9.0269,0.3956
29818.0,8.9995,0.3981
29819.0,9.0193,0.3989
29820.0,8.9748,0.3986
29821.0,8.9875,0.3981
29822.0,9.0103,0.3969
29823.0,8.9966,0.4015
29824.0,8.9839,0.3952
29825.0,8.9724,0.3984
29826.0,9.011,0.4024
29827.0,9.0098,0.4012
29828.0,9.0036,0.3958
29829.0,8.9926,0.3942
29830.0,8.9833,0.3967
29831.0,8.9992,0.3935
29832.0,8.9803,0.4003
29833.0,8.9887,0.3986
29834.0,9.0189,0.3989
29835.0,8.9722,0.4015
29836.0,9.0102,0.4026
29837.0,9.0224,0.4007
29838.0,9.0122,0.3993
29839.0,9.006,0.3979
29840.0,8.993,0.3989
29841.0,8.9903,0.4006
29842.0,8.9663,0.4028
29843.0,9.0006,0.3958
29844.0,8.994,0.3966
29845.0,8.9895,0.4
29846.0,8.9997,0.3937
29847.0,9.0009,0.4009
29848.0,8.9905,0.4032
29849.0,9.0242,0.4071
29850.0,9.011,0.4002
29851.0,9.0134,0.4026
29852.0,8.9985,0.4001
29853.0,9.0077,0.4049
29854.0,8.9866,0.3987
29855.0,9.01,0.401
29856.0,8.9969,0.4018
29857.0,8.9847,0.4012
29858.0,8.9997,0.3977
29859.0,8.9956,0.3959
29860.0,9.0348,0.4031
29861.0,9.0065,0.4008
29862.0,9.0237,0.4002
29863.0,9.017,0.4027
29864.0,9.0006,0.4025
29865.0,8.9933,0.4011
29866.0,8.9739,0.4019
29867.0,8.9869,0.3984
29868.0,9.0099,0.4016
29869.0,8.9955,0.3953
29870.0,9.0056,0.4001
29871.0,8.9695,0.4022
29872.0,9.0068,0.3978
29873.0,9.0164,0.4004
29874.0,8.9734,0.4009
29875.0,9.0056,0.3973
29876.0,9.0202,0.4034
29877.0,9.0252,0.401
29878.0,8.9924,0.395
29879.0,9.0117,0.4003
29880.0,9.0214,0.4044
29881.0,9.006,0.4
29882.0,9.0193,0.398
29883.0,8.9995,0.3984
29884.0,9.0059,0.3995
29885.0,8.9907,0.3964
29886.0,8.9975,0.4042
29887.0,9.0065,0.4028
29888.0,8.9896,0.4032
29889.0,8.9966,0.3955
29890.0,9.0114,0.4004
29891.0,9.0308,0.4032
29892.0,8.9693,0.3972
29893.0,9.0296,0.3998
29894.0,8.9961,0.3967
29895.0,9.0145,0.4025
29896.0,9.0174,0.3994
29897.0,9.0235,0.3997
29898.0,8.9891,0.3966
29899.0,8.9966,0.4046
29900.0,8.9992,0.4002
29901.0,8.9946,0.4024
29902.0,9.0198,0.4012
29903.0,8.9988,0.3973
29904.0,8.9757,0.3951
29905.0,8.9905,0.3994
29906.0,8.9763,0.4033
29907.0,8.9966,0.3941
29908.0,9.0101,0.4058
29909.0,8.9902,0.4025
29910.0,8.994,0.4006
29911.0,8.9959,0.3997
29912.0,9.0021,0.4026
29913.0,9.0077,0.3963
29914.0,9.0121,0.4013
29915.0,9.0338,0.4009
29916.0,9.0019,0.4054
29917.0,9.011,0.3989
29918.0,8.9762,0.4001
29919.0,8.9943,0.3998
29920.0,8.9959,0.3984
29921.0,8.9847,0.4044
29922.0,8.992,0.3971
29923.0,8.9984,0.3954
29924.0,8.9924,0.4007
29925.0,9.039,0.3978
29926.0,9.0077,0.4008
29927.0,9.03,0.4019
29928.0,9.0224,0.4004
29929.0,8.9904,0.4001
29930.0,9.0006,0.3938
29931.0,8.9935,0.4017
29932.0,8.9976,0.4006
29933.0,8.9854,0.4056
29934.0,8.9934,0.4034
29935.0,9.0054,0.3956
29936.0,9.005,0.4032
29937.0,9.0038,0.3961
29938.0,8.9991,0.4025
29939.0,9.0129,0.4044
29940.0,8.9961,0.4056
29941.0,9.0209,0.3988
29942.0,8.9723,0.4021
29943.0,9.0099,0.403
29944.0,9.0073,0.4014
29945.0,8.9899,0.395
29946.0,8.9947,0.4005
29947.0,9.007,0.4017
29948.0,9.0137,0.4
29949.0,8.9738,0.3974
29950.0,9.0094,0.3994
29951.0,8.9931,0.4027
29952.0,9.0169,0.4012
29953.0,8.9724,0.4014
29954.0,9.0367,0.3993
29955.0,8.9867,0.4013
29956.0,9.0214,0.3937
29957.0,8.999,0.3999
29958.0,8.9877,0.3989
29959.0,9.004,0.4001
29960.0,9.0154,0.3965
29961.0,8.9767,0.4011
29962.0,9.0105,0.4058
29963.0,8.9998,0.4002
29964.0,9.0087,0.4001
29965.0,9.0002,0.4075
29966.0,8.9914,0.3972
29967.0,8.9833,0.4015
29968.0,9.0101,0.4047
29969.0,9.01,0.3988
29970.0,9.0099,0.4026
29971.0,9.0064,0.4005
29972.0,9.0142,0.3968
29973.0,9.0211,0.3995
29974.0,8.9719,0.3999
29975.0,8.9649,0.3981
29976.0,9.0258,0.3952
29977.0,8.9799,0.3988
29978.0,8.9837,0.3955
29979.0,8.9957,0.4016
29980.0,8.9752,0.4016
29981.0,8.9943,0.3962
29982.0,8.9858,0.4002
29983.0,8.9965,0.396
29984.0,9.0042,0.3989
29985.0,8.9948,0.398
29986.0,8.9941,0.4014
29987.0,9.0039,0.3951
29988.0,9.0157,0.4029
29989.0,9.024,0.4037
29990.0,8.9967,0.3996
29991.0,9.0274,0.396
29992.0,9.0132,0.3937
29993.0,8.9815,0.4033
29994.0,8.9811,0.406
29995.0,8.9913,0.4001
29996.0,9.0217,0.3965
29997.0,8.9925,0.3967
29998.0,8.9716,0.4035
29999.0,8.9966,0.4005
30000.0,8.9703,0.573
30001.0,8.9842,0.5828
30002.0,8.9912,0.579
30003.0,9.0022,0.5775
30004.0,9.0154,0.5742
30005.0,9.0104,0.5796
30006.0,8.9823,0.5785
30007.0,8.9944,0.5756
30008.0,9.0011,0.5791
30009.0,8.9961,0.579
30010.0,8.996,0.4008
30011.0,8.9742,0.3966
30012.0,8.9827,0.3969
30013.0,8.994,0.3952
30014.0,8.9536,0.404
30015.0,9.0096,0.3956
30016.0,8.9794,0.4001
30017.0,9.0103,0.3952
30018.0,9.009,0.4051
30019.0,8.9918,0.3965
30020.0,9.015,0.401
30021.0,9.0111,0.3953
30022.0,8.9954,0.4026
30023.0,8.9937,0.4033
30024.0,9.0165,0.4001
30025.0,9.0035,0.3998
30026.0,9.0157,0.4024
30027.0,8.9642,0.3982
30028.0,9.0015,0.4033
30029.0,8.9763,0.4009
30030.0,8.9996,0.3953
30031.0,9.0107,0.4055
30032.0,9.0261,0.4006
30033.0,8.9859,0.399
30034.0,8.9921,0.4005
30035.0,8.9986,0.3978
30036.0,8.9854,0.3995
30037.0,9.0147,0.4024
30038.0,8.9989,0.4021
30039.0,9.0018,0.4019
30040.0,9.0093,0.3982
30041.0,8.9989,0.3974
30042.0,8.9877,0.4012
30043.0,8.9991,0.4023
30044.0,8.9872,0.3978
30045.0,9.0016,0.3993
30046.0,9.015,0.4012
30047.0,8.9824,0.3997
30048.0,8.977,0.4035
30049.0,9.0007,0.3961
30050.0,8.9885,0.3956
30051.0,9.0005,0.4033
30052.0,9.0048,0.4019
30053.0,8.9678,0.4003
30054.0,9.0103,0.399
30055.0,8.9825,0.4014
30056.0,8.9997,0.4006
30057.0,8.9901,0.4009
30058.0,8.9917,0.3998
30059.0,9.0254,0.4016
30060.0,9.0048,0.4028
30061.0,9.0136,0.4027
30062.0,9.0023,0.4014
30063.0,9.0093,0.4
30064.0,9.0063,0.4013
30065.0,9.0038,0.4036
30066.0,9.0166,0.3995
30067.0,9.0023,0.3992
30068.0,9.0343,0.4015
30069.0,9.0144,0.4022
30070.0,8.9829,0.3997
30071.0,8.9974,0.4014
30072.0,9.006,0.3975
30073.0,9.0007,0.4
30074.0,9.0103,0.4047
30075.0,9.012,0.4018
30076.0,8.9796,0.3981
30077.0,9.0192,0.3985
30078.0,8.9925,0.3963
30079.0,8.9911,0.4049
30080.0,8.991,0.397
30081.0,9.0121,0.3924
30082.0,8.996,0.3958
30083.0,8.99,0.4002
30084.0,8.9936,0.3978
30085.0,8.9731,0.4004
30086.0,8.9874,0.401
30087.0,8.9814,0.3981
30088.0,8.996,0.3972
30089.0,9.01,0.4027
30090.0,9.0083,0.4009
30091.0,9.0189,0.392
30092.0,9.0155,0.3954
30093.0,8.9921,0.3946
30094.0,9.0003,0.3995
30095.0,8.9995,0.4006
30096.0,8.9677,0.3995
30097.0,8.9817,0.3981
30098.0,8.9975,0.4031
30099.0,8.9974,0.401
30100.0,9.0077,0.3973
30101.0,9.007,0.3975
30102.0,8.9734,0.3977
30103.0,9.0078,0.399
30104.0,9.0027,0.4001
30105.0,9.0094,0.4012
30106.0,9.016,0.3975
30107.0,8.9979,0.3959
30108.0,9.0187,0.4012
30109.0,8.9867,0.4025
30110.0,8.9858,0.4051
30111.0,9.0064,0.4012
30112.0,8.9945,0.3978
30113.0,9.0039,0.4018
30114.0,9.0299,0.3995
30115.0,9.0059,0.396
30116.0,9.0032,0.3999
30117.0,8.987,0.4008
30118.0,8.9745,0.4043
30119.0,8.9989,0.4002
30120.0,9.016,0.3976
30121.0,8.9952,0.3943
30122.0,9.006,0.3963
30123.0,9.0214,0.3971
30124.0,9.021,0.405
30125.0,9.0064,0.3994
30126.0,9.0026,0.3997
30127.0,8.9772,0.4033
30128.0,8.9905,0.4018
30129.0,8.9958,0.3992
30130.0,8.9872,0.4034
30131.0,9.0037,0.3979
30132.0,9.0287,0.4009
30133.0,9.0228,0.3962
30134.0,9.0037,0.4008
30135.0,9.0117,0.4031
30136.0,8.9891,0.4026
30137.0,9.022,0.4027
30138.0,8.9766,0.4087
30139.0,9.0137,0.3992
30140.0,9.0074,0.3973
30141.0,8.9887,0.4014
30142.0,8.9969,0.3974
30143.0,8.983,0.3966
30144.0,8.9836,0.3992
30145.0,8.9761,0.4059
30146.0,9.0115,0.4021
30147.0,9.0181,0.4011
30148.0,8.9676,0.395
30149.0,9.0276,0.3981
30150.0,8.9998,0.4043
30151.0,9.0043,0.3992
30152.0,8.9779,0.4066
30153.0,9.0198,0.4013
30154.0,9.003,0.3995
30155.0,9.0171,0.3991
30156.0,9.0183,0.3998
30157.0,9.02,0.3956
30158.0,8.9903,0.4029
30159.0,8.9969,0.4013
30160.0,8.9908,0.3992
30161.0,9.0134,0.3997
30162.0,9.005,0.4024
30163.0,9.016,0.4061
30164.0,9.0167,0.4046
30165.0,8.9741,0.4006
30166.0,9.0203,0.3975
30167.0,9.0143,0.3954
30168.0,8.9945,0.4004
30169.0,9.0052,0.3977
30170.0,8.9981,0.4005
30171.0,9.0092,0.4009
30172.0,8.9944,0.4022
30173.0,9.0072,0.3965
30174.0,9.001,0.3973
30175.0,8.9935,0.3991
30176.0,9.0029,0.4008
30177.0,9.0406,0.4006
30178.0,8.9897,0.4077
30179.0,8.9963,0.3932
30180.0,8.99,0.4033
30181.0,8.9916,0.4032
30182.0,9.0122,0.3973
30183.0,9.0107,0.3986
30184.0,8.9999,0.4053
30185.0,9.0154,0.3981
30186.0,9.0119,0.3982
30187.0,8.9976,0.4004
30188.0,8.977,0.4015
30189.0,9.0124,0.403
30190.0,9.0025,0.4031
30191.0,9.0003,0.4023
30192.0,8.993,0.3943
30193.0,9.0112,0.3999
30194.0,9.0052,0.402
30195.0,8.9964,0.4021
30196.0,8.9816,0.3979
30197.0,9.016,0.3969
30198.0,9.0091,0.3967
30199.0,9.0038,0.4014
30200.0,8.9601,0.403
30201.0,8.9994,0.4004
30202.0,8.9964,0.3968
30203.0,8.9907,0.4005
30204.0,9.0113,0.3971
30205.0,9.0107,0.3978
30206.0,9.0066,0.3989
30207.0,9.0156,0.3976
30208.0,8.9847,0.3966
30209.0,8.9932,0.4046
30210.0,9.0011,0.3943
30211.0,8.9907,0.3982
30212.0,9.0109,0.3994
30213.0,8.9922,0.4037
30214.0,9.0195,0.4009
30215.0,8.986,0.3992
30216.0,9.032,0.3978
30217.0,9.0304,0.4034
30218.0,8.9986,0.3976
30219.0,9.0172,0.4006
30220.0,8.994,0.3995
30221.0,9.0152,0.4014
30222.0,8.9974,0.4047
30223.0,8.9807,0.4021
30224.0,8.947,0.3996
30225.0,8.996,0.405
30226.0,9.0042,0.4047
30227.0,9.02,0.4034
30228.0,9.0005,0.4008
30229.0,9.015,0.3977
30230.0,8.9932,0.3929
30231.0,8.9949,0.4006
30232.0,9.0158,0.4023
30233.0,8.963,0.396
30234.0,9.0002,0.4012
30235.0,8.994,0.3987
30236.0,9.0204,0.4015
30237.0,8.9921,0.3982
30238.0,9.0077,0.3978
30239.0,9.0138,0.3998
30240.0,8.9776,0.3965
30241.0,8.9979,0.4029
30242.0,8.9935,0.4001
30243.0,9.0142,0.3966
30244.0,9.0101,0.3982
30245.0,8.9965,0.4018
30246.0,8.9843,0.3991
30247.0,9.0156,0.4021
30248.0,8.999,0.397
30249.0,8.9757,0.3992
30250.0,8.977,0.3998
30251.0,9.0066,0.4067
30252.0,8.9809,0.3978
30253.0,9.0279,0.4019
30254.0,8.9859,0.4014
30255.0,9.0,0.4052
30256.0,9.0024,0.4041
30257.0,8.9891,0.3986
30258.0,8.9664,0.3969
30259.0,9.0029,0.3958
30260.0,8.9887,0.4007
30261.0,9.0017,0.403
30262.0,8.9982,0.4034
30263.0,9.0039,0.3992
30264.0,9.0234,0.4001
30265.0,8.9918,0.4043
30266.0,8.993,0.3977
30267.0,8.975,0.3926
30268.0,8.9971,0.4035
30269.0,9.0061,0.3965
30270.0,8.9927,0.3991
30271.0,9.0062,0.4014
30272.0,8.9973,0.3986
30273.0,8.9805,0.4032
30274.0,9.0047,0.408
30275.0,8.9969,0.3976
30276.0,9.0018,0.4004
30277.0,8.9915,0.4
30278.0,8.9902,0.4009
30279.0,9.0024,0.3982
30280.0,8.9965,0.398
30281.0,9.0259,0.3981
30282.0,9.012,0.3986
30283.0,9.0082,0.3987
30284.0,8.9973,0.3925
30285.0,8.9696,0.4003
30286.0,8.9879,0.3991
30287.0,8.9903,0.3978
30288.0,8.9959,0.4003
30289.0,8.9995,0.4
30290.0,9.0098,0.3988
30291.0,9.0041,0.4
30292.0,9.0174,0.3983
30293.0,8.9953,0.3965
30294.0,9.0039,0.4059
30295.0,9.0052,0.3985
30296.0,9.0037,0.4008
30297.0,9.0192,0.4078
30298.0,9.0121,0.3988
30299.0,8.9802,0.4014
30300.0,8.9983,0.407
30301.0,8.9998,0.3951
30302.0,9.0323,0.404
30303.0,8.9951,0.4007
30304.0,8.9853,0.3985
30305.0,9.0066,0.4001
30306.0,9.0075,0.3989
30307.0,8.9989,0.4047
30308.0,8.9967,0.4
30309.0,9.0142,0.4021
30310.0,8.9872,0.3984
30311.0,8.9949,0.4009
30312.0,8.9922,0.3989
30313.0,9.0164,0.3957
30314.0,9.0043,0.4039
30315.0,8.984,0.401
30316.0,8.9855,0.4023
30317.0,9.0281,0.3978
30318.0,9.0162,0.4036
30319.0,9.0126,0.4014
30320.0,9.0002,0.4005
30321.0,9.0226,0.4031
30322.0,8.9834,0.399
30323.0,9.0113,0.4039
30324.0,8.9934,0.398
30325.0,8.9963,0.4001
30326.0,9.0109,0.3972
30327.0,8.9978,0.3966
30328.0,8.9935,0.3986
30329.0,8.9926,0.3995
30330.0,8.9702,0.4017
30331.0,9.0114,0.3981
30332.0,8.9849,0.4018
30333.0,9.0279,0.399
30334.0,8.9957,0.3985
30335.0,9.0196,0.4019
30336.0,8.9729,0.3984
30337.0,9.011,0.4055
30338.0,9.0148,0.4013
30339.0,9.0196,0.3959
30340.0,8.9771,0.3996
30341.0,8.9895,0.3981
30342.0,9.0086,0.3951
30343.0,9.0022,0.4032
30344.0,9.0044,0.4032
30345.0,8.9946,0.3978
30346.0,9.0233,0.4021
30347.0,9.0391,0.4026
30348.0,9.0016,0.4
30349.0,9.0068,0.4029
30350.0,9.0008,0.4009
30351.0,9.0193,0.4034
30352.0,9.0124,0.3965
30353.0,8.984,0.4004
30354.0,8.9908,0.4006
30355.0,8.9849,0.3965
30356.0,9.0404,0.3968
30357.0,9.0095,0.3952
30358.0,8.9911,0.4001
30359.0,8.9899,0.3987
30360.0,9.0121,0.3961
30361.0,9.0136,0.4037
30362.0,9.012,0.4012
30363.0,8.9936,0.3978
30364.0,9.0046,0.4006
30365.0,9.0017,0.3993
30366.0,8.986,0.3953
30367.0,8.9861,0.4008
30368.0,9.0062,0.4049
30369.0,9.0029,0.4042
30370.0,9.0083,0.4003
30371.0,9.0119,0.3987
30372.0,9.0225,0.4017
30373.0,8.9884,0.4008
30374.0,9.0095,0.3996
30375.0,9.0112,0.4056
30376.0,8.9953,0.3988
30377.0,9.0018,0.4029
30378.0,8.9957,0.4004
30379.0,9.0316,0.4004
30380.0,9.0016,0.395
30381.0,9.0068,0.4033
30382.0,8.996,0.4025
30383.0,8.9928,0.4006
30384.0,8.9805,0.4031
30385.0,9.0165,0.4012
30386.0,9.0115,0.3961
30387.0,8.9955,0.3971
30388.0,8.9865,0.3998
30389.0,9.0027,0.3949
30390.0,8.9925,0.4034
30391.0,8.9967,0.3994
30392.0,8.981,0.4004
30393.0,9.0033,0.3971
30394.0,9.0036,0.4019
30395.0,9.0164,0.3996
30396.0,8.9977,0.399
30397.0,8.995,0.4042
30398.0,8.9766,0.4039
30399.0,9.0165,0.4022
30400.0,9.0134,0.4006
30401.0,9.0004,0.3985
30402.0,8.9801,0.3991
30403.0,8.9818,0.399
30404.0,8.9918,0.4012
30405.0,9.0145,0.3999
30406.0,9.0044,0.4
30407.0,8.9776,0.4046
30408.0,9.0061,0.4034
30409.0,8.9874,0.3977
30410.0,8.9922,0.4009
30411.0,9.0146,0.3977
30412.0,9.0115,0.4018
30413.0,9.0164,0.4058
30414.0,8.9997,0.3989
30415.0,9.0132,0.4024
30416.0,8.9912,0.4048
30417.0,8.9961,0.3996
30418.0,8.9951,0.4015
30419.0,9.0004,0.4051
30420.0,8.9807,0.3972
30421.0,8.9966,0.3969
30422.0,9.0218,0.3963
30423.0,8.9836,0.4023
30424.0,8.9801,0.397
30425.0,8.9813,0.4017
30426.0,9.0399,0.4041
30427.0,9.007,0.398
30428.0,8.9959,0.3977
30429.0,9.001,0.402
30430.0,9.0034,0.4001
30431.0,8.9904,0.3929
30432.0,8.9922,0.4046
30433.0,8.9976,0.4017
30434.0,8.9891,0.3989
30435.0,8.994,0.3987
30436.0,9.0053,0.4021
30437.0,8.985,0.3999
30438.0,9.0391,0.4002
30439.0,9.0113,0.4005
30440.0,8.9809,0.3975
30441.0,8.9628,0.3989
30442.0,8.9897,0.3994
30443.0,9.0103,0.3977
30444.0,9.0074,0.4008
30445.0,8.9983,0.4015
30446.0,8.991,0.4051
30447.0,8.9864,0.3977
30448.0,8.994,0.4027
30449.0,8.9848,0.4043
30450.0,8.994,0.4028
30451.0,9.02,0.3985
30452.0,8.9884,0.3991
30453.0,9.0092,0.4046
30454.0,9.0115,0.3994
30455.0,8.9838,0.3999
30456.0,8.9873,0.3985
30457.0,9.016,0.4023
30458.0,8.9861,0.3926
30459.0,8.9991,0.3976
30460.0,9.0306,0.3971
30461.0,9.0147,0.4048
30462.0,9.0013,0.4007
30463.0,9.0126,0.3994
30464.0,8.9992,0.3994
30465.0,9.0153,0.3959
30466.0,8.9693,0.4041
30467.0,8.9979,0.3989
30468.0,8.9687,0.4018
30469.0,9.0024,0.398
30470.0,8.9965,0.3998
30471.0,9.0204,0.3972
30472.0,9.0107,0.3993
30473.0,8.9921,0.4031
30474.0,8.9939,0.4003
30475.0,9.0057,0.4011
30476.0,8.9914,0.4002
30477.0,8.9995,0.4049
30478.0,9.0198,0.3976
30479.0,8.9876,0.3996
30480.0,8.9933,0.4006
30481.0,8.9954,0.397
30482.0,9.0474,0.4004
30483.0,9.0091,0.4001
30484.0,9.017,0.4003
30485.0,9.0115,0.4004
30486.0,9.0125,0.398
30487.0,9.0071,0.3951
30488.0,9.0055,0.4005
30489.0,8.9782,0.3973
30490.0,9.0054,0.3997
30491.0,8.9984,0.3978
30492.0,9.0082,0.3956
30493.0,8.9989,0.4011
30494.0,9.0114,0.4021
30495.0,9.0141,0.4033
30496.0,8.9563,0.3987
30497.0,8.9935,0.4001
30498.0,8.9721,0.401
30499.0,9.0036,0.4031
30500.0,8.9955,0.3947
30501.0,9.0203,0.3956
30502.0,9.0031,0.4042
30503.0,8.9927,0.3949
30504.0,9.0141,0.4028
30505.0,8.9952,0.404
30506.0,8.9925,0.4024
30507.0,9.0059,0.397
30508.0,9.0242,0.3973
30509.0,9.0128,0.3998
30510.0,9.0085,0.4053
30511.0,9.0413,0.4052
30512.0,8.989,0.4009
30513.0,8.9887,0.3952
30514.0,9.0022,0.4005
30515.0,9.0227,0.3994
30516.0,8.9859,0.4001
30517.0,9.0263,0.395
30518.0,8.9784,0.4007
30519.0,8.9982,0.3955
30520.0,9.0026,0.3924
30521.0,8.9868,0.4007
30522.0,8.9907,0.4058
30523.0,9.0119,0.3975
30524.0,9.0216,0.3986
30525.0,8.9683,0.4027
30526.0,9.0027,0.4035
30527.0,8.9983,0.4003
30528.0,9.0016,0.3979
30529.0,8.9952,0.404
30530.0,8.9806,0.3963
30531.0,9.0231,0.3984
30532.0,9.0174,0.4018
30533.0,8.9984,0.3953
30534.0,8.9927,0.4012
30535.0,8.9909,0.4034
30536.0,8.9612,0.405
30537.0,9.0053,0.3988
30538.0,9.0117,0.3987
30539.0,9.0021,0.4021
30540.0,8.9987,0.3981
30541.0,9.002,0.3991
30542.0,8.9872,0.401
30543.0,8.9925,0.4011
30544.0,8.9975,0.3943
30545.0,9.0105,0.3965
30546.0,9.0207,0.3945
30547.0,8.9966,0.395
30548.0,8.9843,0.3966
30549.0,9.0005,0.3993
30550.0,9.0302,0.3996
30551.0,8.9856,0.3935
30552.0,9.0133,0.3972
30553.0,9.02,0.3954
30554.0,8.9946,0.3994
30555.0,8.9895,0.398
30556.0,9.0086,0.4038
30557.0,9.0053,0.3996
30558.0,9.0104,0.3982
30559.0,9.0311,0.3992
30560.0,9.0025,0.3981
30561.0,8.9821,0.404
30562.0,9.001,0.399
30563.0,9.0036,0.4014
30564.0,9.019,0.4024
30565.0,8.997,0.398
30566.0,8.9939,0.3946
30567.0,8.9794,0.3986
30568.0,9.0082,0.4019
30569.0,9.0502,0.3949
30570.0,8.9967,0.4008
30571.0,9.0068,0.4025
30572.0,8.9918,0.4042
30573.0,8.9808,0.402
30574.0,9.0065,0.4009
30575.0,9.0004,0.4006
30576.0,8.9642,0.3964
30577.0,9.0242,0.3972
30578.0,9.0062,0.3948
30579.0,9.0011,0.4002
30580.0,8.9937,0.4013
30581.0,9.0061,0.4004
30582.0,9.0068,0.4009
30583.0,9.006,0.4023
30584.0,9.016,0.396
30585.0,9.0194,0.4002
30586.0,9.0301,0.4007
30587.0,8.9874,0.3986
30588.0,8.9914,0.3936
30589.0,9.0054,0.3969
30590.0,8.9883,0.3985
30591.0,8.9907,0.4004
30592.0,9.0071,0.4001
30593.0,9.0135,0.4058
30594.0,9.0191,0.4028
30595.0,8.9971,0.3999
30596.0,9.0069,0.4004
30597.0,9.0036,0.4038
30598.0,9.0003,0.4039
30599.0,8.9878,0.401
30600.0,8.9859,0.4052
30601.0,9.01,0.3973
30602.0,8.9875,0.3999
30603.0,8.9733,0.4095
30604.0,8.9995,0.4021
30605.0,9.0218,0.3996
30606.0,8.9581,0.4003
30607.0,8.9957,0.4005
30608.0,9.0101,0.405
30609.0,8.9726,0.4024
30610.0,8.9968,0.3998
30611.0,8.9829,0.395
30612.0,8.9849,0.3978
30613.0,8.994,0.4002
30614.0,8.9832,0.3996
30615.0,8.9819,0.4033
30616.0,8.9991,0.3993
30617.0,9.0334,0.4025
30618.0,9.0114,0.3956
30619.0,9.0152,0.3984
30620.0,9.012,0.4021
30621.0,8.9895,0.4062
30622.0,9.0047,0.3996
30623.0,9.0165,0.4025
30624.0,9.0124,0.404
30625.0,9.0029,0.4029
30626.0,9.0078,0.4022
30627.0,9.0369,0.3989
30628.0,9.0126,0.4046
30629.0,8.9953,0.396
30630.0,8.9989,0.3962
30631.0,8.9842,0.4056
30632.0,9.0352,0.4011
30633.0,9.0241,0.3963
30634.0,9.0012,0.3957
30635.0,9.0327,0.3956
30636.0,9.0095,0.4061
30637.0,8.9935,0.3998
30638.0,9.0136,0.3984
30639.0,9.006,0.4049
30640.0,9.0126,0.4008
30641.0,8.9795,0.399
30642.0,8.9878,0.4032
30643.0,9.0223,0.4018
30644.0,9.0254,0.4018
30645.0,9.0212,0.3992
30646.0,9.0333,0.3973
30647.0,9.0087,0.397
30648.0,9.0076,0.4003
30649.0,8.9863,0.4
30650.0,8.9913,0.4014
30651.0,8.9702,0.3987
30652.0,8.9952,0.4038
30653.0,8.9691,0.396
30654.0,9.0162,0.4013
30655.0,9.0058,0.3973
30656.0,8.9696,0.3993
30657.0,8.9972,0.3972
30658.0,9.0295,0.3989
30659.0,8.9981,0.3968
30660.0,8.985,0.397
30661.0,8.9732,0.4029
30662.0,8.9737,0.3958
30663.0,9.008,0.4019
30664.0,8.9935,0.4026
30665.0,8.9947,0.4022
30666.0,8.9936,0.3999
30667.0,8.9979,0.3967
30668.0,8.9816,0.3954
30669.0,9.0047,0.3965
30670.0,8.9787,0.3965
30671.0,8.9887,0.4008
30672.0,9.0152,0.3958
30673.0,9.0056,0.3994
30674.0,9.0103,0.4001
30675.0,9.0323,0.3991
30676.0,8.9991,0.3992
30677.0,9.0003,0.4038
30678.0,8.996,0.4015
30679.0,8.9933,0.4021
30680.0,8.9848,0.3989
30681.0,9.0013,0.4024
30682.0,9.0053,0.4009
30683.0,9.0062,0.4006
30684.0,9.001,0.3988
30685.0,9.0139,0.4007
30686.0,9.0004,0.4063
30687.0,8.9939,0.4018
30688.0,8.9861,0.4051
30689.0,8.9768,0.3943
30690.0,9.0219,0.4002
30691.0,8.9895,0.4025
30692.0,8.9861,0.4012
30693.0,8.9937,0.4015
30694.0,8.9958,0.3988
30695.0,9.0246,0.4036
30696.0,8.9951,0.3952
30697.0,9.0395,0.3996
30698.0,9.001,0.4004
30699.0,9.0309,0.3983
30700.0,9.0134,0.4001
30701.0,9.0054,0.3941
30702.0,9.0237,0.3961
30703.0,9.0168,0.4038
30704.0,9.0095,0.4007
30705.0,9.0348,0.3989
30706.0,8.9925,0.4029
30707.0,8.9851,0.4042
30708.0,8.9899,0.4054
30709.0,9.0263,0.3943
30710.0,9.0218,0.4041
30711.0,8.9921,0.3965
30712.0,8.9647,0.4009
30713.0,8.9969,0.4018
30714.0,8.9848,0.4048
30715.0,8.9926,0.4014
30716.0,8.9842,0.4008
30717.0,8.9759,0.3975
30718.0,9.0282,0.3949
30719.0,8.9897,0.3974
30720.0,9.0212,0.4042
30721.0,8.9967,0.4001
30722.0,8.983,0.405
30723.0,9.0076,0.3978
30724.0,8.9941,0.4024
30725.0,8.9969,0.4005
30726.0,9.0022,0.4039
30727.0,8.9878,0.3993
30728.0,8.9757,0.3996
30729.0,8.9992,0.4037
30730.0,9.0145,0.3937
30731.0,8.9865,0.3996
30732.0,9.0023,0.395
30733.0,9.0226,0.3999
30734.0,8.9987,0.3987
30735.0,9.0013,0.4018
30736.0,9.0008,0.4014
30737.0,8.9898,0.3991
30738.0,8.9851,0.3971
30739.0,8.9852,0.4002
30740.0,9.0055,0.4039
30741.0,9.0114,0.3971
30742.0,9.0121,0.3955
30743.0,8.9943,0.3945
30744.0,9.0164,0.3954
30745.0,9.0046,0.4
30746.0,9.0011,0.3958
30747.0,8.9499,0.3989
30748.0,8.9877,0.4014
30749.0,8.9772,0.3936
30750.0,9.0094,0.403
30751.0,9.0014,0.4043
30752.0,8.9839,0.4056
30753.0,9.0046,0.4044
30754.0,8.9786,0.4072
30755.0,8.9843,0.4007
30756.0,8.9893,0.4024
30757.0,9.0081,0.3992
30758.0,9.021,0.402
30759.0,8.9912,0.4004
30760.0,9.0198,0.395
30761.0,9.0007,0.3955
30762.0,9.0035,0.4054
30763.0,8.999,0.4005
30764.0,8.997,0.4043
30765.0,9.0066,0.3983
30766.0,9.0111,0.3973
30767.0,8.9867,0.3997
30768.0,8.9972,0.4024
30769.0,9.025,0.4042
30770.0,9.0027,0.4006
30771.0,9.0043,0.402
30772.0,9.0175,0.3996
30773.0,8.9925,0.4044
30774.0,8.9995,0.4044
30775.0,9.0123,0.3976
30776.0,9.0186,0.4011
30777.0,8.9645,0.397
30778.0,8.9889,0.4024
30779.0,8.985,0.3988
30780.0,8.9981,0.3976
30781.0,8.9862,0.3939
30782.0,9.01,0.4032
30783.0,9.0026,0.4006
30784.0,9.0133,0.4008
30785.0,9.0143,0.4025
30786.0,9.0102,0.3977
30787.0,8.995,0.3972
30788.0,9.0016,0.4016
30789.0,8.9931,0.4035
30790.0,8.9795,0.4016
30791.0,9.0143,0.4048
30792.0,8.9987,0.4017
30793.0,8.9775,0.4015
30794.0,9.0081,0.4025
30795.0,8.9966,0.3993
30796.0,8.9691,0.3963
30797.0,8.9794,0.4001
30798.0,8.9895,0.4021
30799.0,9.0032,0.3974
30800.0,9.0118,0.3958
30801.0,9.0113,0.3978
30802.0,9.009,0.404
30803.0,8.9995,0.4015
30804.0,9.0258,0.3996
30805.0,9.0105,0.3971
30806.0,9.0033,0.4008
30807.0,9.0085,0.4006
30808.0,8.994,0.4014
30809.0,8.9991,0.4075
30810.0,8.9688,0.4015
30811.0,8.9942,0.3979
30812.0,9.0264,0.3958
30813.0,9.0022,0.3983
30814.0,9.0016,0.3986
30815.0,9.015,0.4025
30816.0,9.0054,0.3981
30817.0,8.9882,0.397
30818.0,9.0004,0.4016
30819.0,8.983,0.3981
30820.0,9.0028,0.4017
30821.0,8.9874,0.3975
30822.0,9.0139,0.3986
30823.0,8.9923,0.3983
30824.0,8.9876,0.4012
30825.0,8.9983,0.3996
30826.0,9.0055,0.3963
30827.0,8.9819,0.3961
30828.0,8.9922,0.3991
30829.0,9.0016,0.3958
30830.0,9.0201,0.3988
30831.0,8.9621,0.4008
30832.0,9.0092,0.3965
30833.0,8.9942,0.4025
30834.0,8.9926,0.4042
30835.0,8.9898,0.4033
30836.0,8.9945,0.402
30837.0,9.0093,0.4013
30838.0,8.9919,0.4007
30839.0,9.0249,0.4011
30840.0,9.0094,0.3982
30841.0,9.003,0.3999
30842.0,8.9975,0.4004
30843.0,9.0178,0.4019
30844.0,9.02,0.3952
30845.0,8.9826,0.4006
30846.0,8.9895,0.4032
30847.0,9.0095,0.3982
30848.0,9.0141,0.3997
30849.0,8.9955,0.3944
30850.0,8.9889,0.4002
30851.0,9.0012,0.3955
30852.0,9.0222,0.3983
30853.0,9.0006,0.3999
30854.0,8.981,0.3982
30855.0,9.0016,0.3995
30856.0,9.0117,0.4011
30857.0,8.9985,0.3999
30858.0,9.0189,0.4004
30859.0,9.013,0.3944
30860.0,8.9991,0.3995
30861.0,9.0006,0.3933
30862.0,8.9724,0.3988
30863.0,9.0182,0.4055
30864.0,8.9951,0.4028
30865.0,8.994,0.3957
30866.0,8.9918,0.3984
30867.0,9.0069,0.3995
30868.0,8.9831,0.4015
30869.0,8.9852,0.4026
30870.0,8.9992,0.4049
30871.0,8.9906,0.3971
30872.0,9.005,0.4007
30873.0,8.9912,0.3947
30874.0,9.0239,0.4012
30875.0,9.0104,0.4015
30876.0,9.0102,0.4001
30877.0,8.9909,0.402
30878.0,9.0361,0.3974
30879.0,8.9934,0.396
30880.0,8.9893,0.3971
30881.0,9.0106,0.4011
30882.0,9.0029,0.4039
30883.0,8.9877,0.3974
30884.0,9.0329,0.3979
30885.0,9.0146,0.4003
30886.0,9.0001,0.4103
30887.0,9.036,0.3987
30888.0,9.0122,0.4029
30889.0,8.9998,0.3995
30890.0,9.0342,0.3984
30891.0,9.0099,0.396
30892.0,9.0092,0.3991
30893.0,8.9942,0.4025
30894.0,9.0007,0.3974
30895.0,8.9938,0.4003
30896.0,9.0216,0.3974
30897.0,8.9759,0.3987
30898.0,9.0205,0.3955
30899.0,8.9868,0.407
30900.0,8.9991,0.4009
30901.0,8.9956,0.399
30902.0,8.9922,0.4039
30903.0,9.0103,0.3997
30904.0,8.9999,0.4014
30905.0,8.99,0.4047
30906.0,9.0023,0.4044
30907.0,8.9896,0.3966
30908.0,8.9919,0.4
30909.0,8.9775,0.4038
30910.0,8.9932,0.3968
30911.0,9.0074,0.3992
30912.0,9.0006,0.3991
30913.0,9.0272,0.4015
30914.0,9.0392,0.4024
30915.0,8.993,0.4035
30916.0,8.9875,0.4002
30917.0,9.0169,0.3969
30918.0,9.005,0.3989
30919.0,9.017,0.3968
30920.0,9.006,0.398
30921.0,8.9971,0.4021
30922.0,8.9972,0.3957
30923.0,9.0065,0.3983
30924.0,8.9968,0.4027
30925.0,9.0183,0.4021
30926.0,8.9805,0.3976
30927.0,9.0182,0.3973
30928.0,8.9719,0.4047
30929.0,9.0022,0.4011
30930.0,8.995,0.3976
30931.0,8.9773,0.3999
30932.0,8.9691,0.4033
30933.0,8.9835,0.3973
30934.0,9.0007,0.3973
30935.0,8.991,0.4007
30936.0,8.9844,0.3959
30937.0,9.0203,0.398
30938.0,8.9815,0.3987
30939.0,9.0102,0.392
30940.0,8.9867,0.4002
30941.0,8.9832,0.4018
30942.0,8.9909,0.4059
30943.0,9.0093,0.4018
30944.0,8.9794,0.3969
30945.0,9.0043,0.3986
30946.0,8.9856,0.4056
30947.0,8.9883,0.4014
30948.0,9.006,0.4031
30949.0,9.0326,0.3983
30950.0,8.9863,0.3994
30951.0,9.0108,0.3998
30952.0,8.9953,0.4028
30953.0,8.9929,0.3987
30954.0,9.0161,0.4018
30955.0,8.9873,0.4
30956.0,8.9827,0.3964
30957.0,9.0069,0.4
30958.0,9.0239,0.4033
30959.0,9.0112,0.4
30960.0,8.9789,0.399
30961.0,8.9908,0.4043
30962.0,9.0147,0.4012
30963.0,9.0237,0.3959
30964.0,9.0034,0.3991
30965.0,8.9913,0.4008
30966.0,9.0247,0.4007
30967.0,8.9989,0.4015
30968.0,8.9909,0.3995
30969.0,8.9884,0.3994
30970.0,8.9821,0.4
30971.0,9.0425,0.4024
30972.0,9.0213,0.3979
30973.0,8.9902,0.3998
30974.0,9.026,0.4007
30975.0,9.008,0.3984
30976.0,9.0071,0.4014
30977.0,8.9892,0.401
30978.0,8.9923,0.3938
30979.0,8.9994,0.4001
30980.0,8.9705,0.4043
30981.0,8.9927,0.4045
30982.0,9.0001,0.402
30983.0,9.0196,0.4038
30984.0,8.9908,0.3995
30985.0,9.0122,0.4017
30986.0,8.9691,0.4005
30987.0,9.0175,0.402
30988.0,8.9865,0.4055
30989.0,9.002,0.403
30990.0,9.0061,0.399
30991.0,9.0032,0.4047
30992.0,8.9984,0.4007
30993.0,8.9814,0.402
30994.0,8.9867,0.3993
30995.0,9.0149,0.4022
30996.0,8.991,0.4012
30997.0,8.9985,0.4034
30998.0,8.9776,0.3985
30999.0,9.0129,0.4029
31000.0,8.9802,0.3927
31001.0,9.0137,0.3982
31002.0,8.9841,0.396
31003.0,9.0152,0.401
31004.0,9.0002,0.4029
31005.0,8.9916,0.4
31006.0,9.024,0.4041
31007.0,8.999,0.3977
31008.0,8.9946,0.3958
31009.0,9.0136,0.4022
31010.0,8.9778,0.4035
31011.0,8.9621,0.4003
31012.0,9.0174,0.4055
31013.0,8.9875,0.4015
31014.0,9.013,0.4012
31015.0,9.0007,0.3987
31016.0,8.9825,0.3961
31017.0,9.0091,0.3992
31018.0,8.9938,0.4047
31019.0,8.9838,0.4006
31020.0,8.9842,0.3988
31021.0,8.974,0.3973
31022.0,9.006,0.4016
31023.0,8.986,0.3966
31024.0,8.9995,0.4011
31025.0,8.9973,0.3986
31026.0,8.9859,0.3992
31027.0,8.9772,0.4019
31028.0,9.038,0.3972
31029.0,8.9993,0.4
31030.0,9.0274,0.3954
31031.0,9.0175,0.3997
31032.0,8.9952,0.4015
31033.0,9.0027,0.4024
31034.0,9.0023,0.4034
31035.0,9.0277,0.402
31036.0,9.0124,0.3988
31037.0,8.9879,0.3946
31038.0,9.0053,0.403
31039.0,9.0121,0.3984
31040.0,8.9824,0.3957
31041.0,9.0074,0.4056
31042.0,9.0202,0.3998
31043.0,8.9871,0.4015
31044.0,8.9892,0.4007
31045.0,9.0174,0.4
31046.0,8.9947,0.3988
31047.0,8.9853,0.3982
31048.0,9.0132,0.4067
31049.0,9.0087,0.3956
31050.0,9.0014,0.3987
31051.0,9.0169,0.3973
31052.0,9.0179,0.4016
31053.0,8.9988,0.3988
31054.0,9.0296,0.3985
31055.0,9.0238,0.4019
31056.0,8.9702,0.4058
31057.0,8.9845,0.3975
31058.0,8.9662,0.3953
31059.0,8.9951,0.4002
31060.0,8.9818,0.4025
31061.0,8.9878,0.3994
31062.0,9.0164,0.4019
31063.0,8.9737,0.3984
31064.0,9.0019,0.4072
31065.0,9.0019,0.4018
31066.0,8.9988,0.3985
31067.0,9.002,0.3977
31068.0,8.9665,0.4008
31069.0,8.9879,0.402
31070.0,9.0231,0.3961
31071.0,8.982,0.4
31072.0,9.025,0.4022
31073.0,8.9789,0.401
31074.0,8.9771,0.4019
31075.0,8.9857,0.4045
31076.0,9.0169,0.3907
31077.0,8.9918,0.4007
31078.0,9.0052,0.3929
31079.0,9.0011,0.3999
31080.0,8.9992,0.4039
31081.0,9.0191,0.3996
31082.0,9.0116,0.3972
31083.0,8.9829,0.4025
31084.0,8.9959,0.4004
31085.0,9.0262,0.4006
31086.0,9.0048,0.4065
31087.0,8.9774,0.3955
31088.0,8.9784,0.3981
31089.0,9.0134,0.4011
31090.0,9.0105,0.4037
31091.0,8.9862,0.3971
31092.0,9.0112,0.3988
31093.0,9.024,0.3998
31094.0,9.0219,0.3995
31095.0,9.0241,0.4021
31096.0,9.0083,0.3998
31097.0,8.9973,0.4019
31098.0,8.994,0.3964
31099.0,8.9997,0.4004
31100.0,8.9869,0.4001
31101.0,8.9946,0.4025
31102.0,9.0191,0.4076
31103.0,8.9759,0.4029
31104.0,8.9769,0.3979
31105.0,9.0125,0.4019
31106.0,8.9947,0.3998
31107.0,8.9711,0.399
31108.0,8.9991,0.3984
31109.0,8.9969,0.3983
31110.0,8.9935,0.3966
31111.0,9.0103,0.3961
31112.0,8.98,0.402
31113.0,9.0002,0.3989
31114.0,8.9968,0.4005
31115.0,9.0006,0.3974
31116.0,8.974,0.4017
31117.0,8.9922,0.3979
31118.0,9.0003,0.396
31119.0,9.0081,0.4047
31120.0,9.0277,0.4006
31121.0,9.0121,0.3991
31122.0,9.0069,0.3994
31123.0,9.0191,0.3989
31124.0,8.9954,0.4015
31125.0,9.0233,0.3954
31126.0,9.0168,0.3946
31127.0,8.9933,0.4003
31128.0,9.0289,0.3948
31129.0,9.0067,0.3943
31130.0,9.0329,0.4027
31131.0,9.0045,0.4005
31132.0,8.9916,0.4005
31133.0,8.9885,0.3966
31134.0,8.9947,0.4042
31135.0,8.9914,0.403
31136.0,9.0191,0.3959
31137.0,8.9996,0.3997
31138.0,8.9758,0.3988
31139.0,9.0032,0.3999
31140.0,9.0019,0.4033
31141.0,8.993,0.3989
31142.0,9.004,0.403
31143.0,8.9993,0.3948
31144.0,9.0095,0.3982
31145.0,9.0086,0.3988
31146.0,9.0055,0.3984
31147.0,8.9805,0.4001
31148.0,9.0318,0.4005
31149.0,8.9767,0.4007
31150.0,8.9981,0.4027
31151.0,8.9836,0.4022
31152.0,9.0059,0.3955
31153.0,9.0021,0.4004
31154.0,8.9975,0.3982
31155.0,9.0228,0.4025
31156.0,9.0166,0.4039
31157.0,8.9951,0.4025
31158.0,9.0121,0.4057
31159.0,9.0235,0.4023
31160.0,9.0165,0.403
31161.0,8.998,0.3976
31162.0,8.9761,0.3999
31163.0,9.0049,0.4021
31164.0,9.01,0.4009
31165.0,8.9885,0.3973
31166.0,9.0003,0.3972
31167.0,8.9988,0.3946
31168.0,9.0208,0.4011
31169.0,9.0278,0.3969
31170.0,9.0176,0.402
31171.0,8.9987,0.4022
31172.0,9.0172,0.4007
31173.0,9.0097,0.4012
31174.0,8.9989,0.4031
31175.0,9.0314,0.4035
31176.0,8.9889,0.3933
31177.0,9.0091,0.4021
31178.0,9.0126,0.4015
31179.0,8.9957,0.4009
31180.0,9.0084,0.4014
31181.0,9.0142,0.3991
31182.0,9.0037,0.3928
31183.0,9.0071,0.3982
31184.0,9.0016,0.3945
31185.0,9.012,0.395
31186.0,8.9966,0.4032
31187.0,8.9953,0.3984
31188.0,9.0003,0.4008
31189.0,9.0178,0.4
31190.0,8.9738,0.404
31191.0,8.9864,0.4002
31192.0,9.0341,0.3982
31193.0,9.0041,0.4044
31194.0,8.9939,0.3985
31195.0,9.0119,0.4013
31196.0,8.9882,0.4015
31197.0,8.9685,0.3963
31198.0,9.0053,0.4028
31199.0,8.989,0.4041
31200.0,9.0015,0.3966
31201.0,9.0049,0.4001
31202.0,9.0021,0.404
31203.0,8.9744,0.3951
31204.0,9.0004,0.4019
31205.0,9.0067,0.3963
31206.0,8.979,0.399
31207.0,8.9772,0.3994
31208.0,8.984,0.3965
31209.0,9.0112,0.3973
31210.0,8.97,0.3998
31211.0,9.0124,0.4041
31212.0,9.0059,0.4014
31213.0,8.9961,0.3951
31214.0,8.9778,0.4014
31215.0,8.9881,0.4001
31216.0,9.0117,0.3981
31217.0,9.0189,0.3987
31218.0,8.9845,0.4015
31219.0,9.0171,0.3953
31220.0,9.0103,0.3981
31221.0,8.9999,0.3966
31222.0,8.9889,0.3976
31223.0,8.9913,0.401
31224.0,9.0273,0.4001
31225.0,9.0027,0.402
31226.0,9.0199,0.3932
31227.0,9.0036,0.3992
31228.0,8.9932,0.3997
31229.0,9.0088,0.3951
31230.0,9.0324,0.3979
31231.0,8.9903,0.3999
31232.0,9.0137,0.401
31233.0,9.0029,0.401
31234.0,8.9783,0.3941
31235.0,8.9779,0.3981
31236.0,8.9932,0.3954
31237.0,9.0052,0.4
31238.0,9.0132,0.3987
31239.0,8.9764,0.3981
31240.0,9.0098,0.4095
31241.0,8.9982,0.3968
31242.0,9.0,0.4
31243.0,9.0088,0.4014
31244.0,9.0262,0.4011
31245.0,9.0046,0.4017
31246.0,8.9796,0.4011
31247.0,8.9972,0.399
31248.0,9.0128,0.4
31249.0,9.0133,0.398
31250.0,9.01,0.3978
31251.0,8.9923,0.396
31252.0,8.9795,0.4024
31253.0,9.0088,0.4033
31254.0,8.9818,0.3982
31255.0,9.0104,0.3998
31256.0,9.0104,0.4048
31257.0,8.993,0.4034
31258.0,8.9983,0.4027
31259.0,9.003,0.4008
31260.0,8.9908,0.3981
31261.0,8.9793,0.3985
31262.0,8.9994,0.4007
31263.0,9.001,0.4013
31264.0,9.0204,0.3971
31265.0,8.9883,0.4037
31266.0,9.016,0.4042
31267.0,8.9828,0.4024
31268.0,8.9798,0.4045
31269.0,8.9955,0.4019
31270.0,8.9859,0.4008
31271.0,8.9796,0.4002
31272.0,9.0292,0.399
31273.0,8.9932,0.4
31274.0,9.0347,0.3969
31275.0,8.9851,0.3997
31276.0,8.9744,0.3965
31277.0,9.0194,0.3976
31278.0,8.9891,0.4037
31279.0,9.0021,0.4035
31280.0,8.9797,0.3975
31281.0,8.9994,0.4026
31282.0,8.9794,0.3982
31283.0,8.9989,0.398
31284.0,8.9929,0.4042
31285.0,9.0035,0.3967
31286.0,9.0094,0.3946
31287.0,9.0036,0.398
31288.0,9.0068,0.3982
31289.0,8.9984,0.3989
31290.0,8.9935,0.3948
31291.0,9.0071,0.4011
31292.0,8.9983,0.4057
31293.0,8.9989,0.4009
31294.0,9.006,0.3993
31295.0,8.9845,0.402
31296.0,9.0214,0.4002
31297.0,8.9963,0.4002
31298.0,9.0019,0.3998
31299.0,8.9993,0.4007
31300.0,9.0098,0.3988
31301.0,9.0051,0.3951
31302.0,8.9993,0.4055
31303.0,9.0217,0.4016
31304.0,8.9519,0.3979
31305.0,9.0186,0.4011
31306.0,9.0138,0.3966
31307.0,8.9725,0.4011
31308.0,9.0139,0.4022
31309.0,9.0159,0.4031
31310.0,9.0084,0.4017
31311.0,8.9766,0.3994
31312.0,9.0102,0.4031
31313.0,9.0151,0.3983
31314.0,8.9914,0.4009
31315.0,9.0066,0.3978
31316.0,8.9947,0.4007
31317.0,9.0133,0.4045
31318.0,8.9953,0.4023
31319.0,8.9913,0.4028
31320.0,8.9994,0.4033
31321.0,8.9799,0.3998
31322.0,8.9979,0.3974
31323.0,9.0054,0.3944
31324.0,9.013,0.3967
31325.0,9.0037,0.4004
31326.0,8.9785,0.3939
31327.0,9.0203,0.4005
31328.0,9.0215,0.4015
31329.0,9.0017,0.3953
31330.0,8.9887,0.4026
31331.0,8.992,0.3987
31332.0,8.9969,0.3951
31333.0,9.0042,0.3949
31334.0,8.9954,0.3998
31335.0,8.9871,0.4003
31336.0,9.0153,0.4
31337.0,9.0039,0.4031
31338.0,8.9842,0.4002
31339.0,9.0044,0.3983
31340.0,9.0024,0.399
31341.0,8.9892,0.4032
31342.0,9.0179,0.3966
31343.0,9.002,0.4005
31344.0,8.9968,0.4006
31345.0,8.9987,0.4031
31346.0,9.0067,0.4003
31347.0,8.9989,0.3971
31348.0,8.9988,0.4006
31349.0,9.016,0.4022
31350.0,8.9787,0.4004
31351.0,8.9812,0.4033
31352.0,9.0117,0.3961
31353.0,9.0362,0.3995
31354.0,9.0131,0.4
31355.0,9.028,0.4023
31356.0,8.9935,0.4027
31357.0,8.9904,0.4001
31358.0,9.0068,0.3989
31359.0,9.0143,0.4006
31360.0,8.9803,0.3966
31361.0,8.9968,0.3985
31362.0,8.9996,0.4017
31363.0,8.9898,0.4011
31364.0,8.9916,0.398
31365.0,9.0126,0.3977
31366.0,9.007,0.3976
31367.0,9.012,0.3978
31368.0,9.0051,0.4004
31369.0,8.9869,0.4036
31370.0,9.0063,0.404
31371.0,8.9857,0.3972
31372.0,8.9953,0.401
31373.0,8.9845,0.4008
31374.0,8.9908,0.4006
31375.0,9.0014,0.3971
31376.0,8.9931,0.3978
31377.0,8.9868,0.401
31378.0,9.0171,0.3988
31379.0,8.9982,0.4003
31380.0,8.9921,0.397
31381.0,8.9838,0.3985
31382.0,8.9719,0.396
31383.0,8.9967,0.4008
31384.0,8.9793,0.399
31385.0,9.0107,0.4008
31386.0,9.0004,0.3989
31387.0,9.0234,0.4007
31388.0,9.0033,0.4054
31389.0,8.9891,0.3984
31390.0,8.9718,0.4015
31391.0,9.0121,0.398
31392.0,8.9805,0.3996
31393.0,8.9939,0.4014
31394.0,9.0251,0.4008
31395.0,9.0092,0.4021
31396.0,9.0058,0.4029
31397.0,9.0142,0.402
31398.0,9.0136,0.4028
31399.0,9.0237,0.4006
31400.0,8.991,0.3978
31401.0,8.9943,0.4024
31402.0,8.9862,0.3989
31403.0,8.9995,0.4021
31404.0,8.998,0.3962
31405.0,8.9737,0.3989
31406.0,8.9902,0.3979
31407.0,9.0216,0.4012
31408.0,9.0037,0.3983
31409.0,9.0107,0.4
31410.0,8.9982,0.3996
31411.0,8.9717,0.4031
31412.0,8.9981,0.4014
31413.0,9.0156,0.4009
31414.0,8.9822,0.4001
31415.0,9.0112,0.3977
31416.0,8.9745,0.3974
31417.0,9.0003,0.4008
31418.0,9.0082,0.3958
31419.0,8.9953,0.3999
31420.0,9.0371,0.4003
31421.0,8.9926,0.3958
31422.0,8.9913,0.3998
31423.0,9.0031,0.4
31424.0,8.9887,0.4062
31425.0,8.9784,0.4
31426.0,8.9835,0.4026
31427.0,9.0114,0.4013
31428.0,8.9954,0.4008
31429.0,9.0255,0.4025
31430.0,8.9934,0.3957
31431.0,9.0107,0.3997
31432.0,9.0077,0.4008
31433.0,8.9932,0.3971
31434.0,8.9868,0.3999
31435.0,8.974,0.4003
31436.0,9.0083,0.3995
31437.0,9.018,0.3973
31438.0,8.9762,0.3977
31439.0,8.9944,0.399
31440.0,8.99,0.4012
31441.0,9.0083,0.4003
31442.0,8.9951,0.4006
31443.0,9.0198,0.3993
31444.0,8.9942,0.3975
31445.0,8.9815,0.3991
31446.0,8.993,0.3975
31447.0,8.9946,0.3909
31448.0,9.0079,0.4
31449.0,8.9944,0.3992
31450.0,9.0066,0.4037
31451.0,8.9881,0.4021
31452.0,8.9956,0.4014
31453.0,8.9882,0.397
31454.0,8.9873,0.4031
31455.0,9.0191,0.4004
31456.0,8.9893,0.3989
31457.0,8.9948,0.3977
31458.0,9.0157,0.398
31459.0,9.0113,0.3992
31460.0,9.0246,0.3969
31461.0,9.0072,0.4001
31462.0,8.991,0.3995
31463.0,9.0309,0.4021
31464.0,9.0087,0.3996
31465.0,8.9977,0.3945
31466.0,9.0009,0.3991
31467.0,9.0027,0.3966
31468.0,8.9964,0.3982
31469.0,8.9794,0.3972
31470.0,9.0244,0.4063
31471.0,8.9997,0.399
31472.0,9.0028,0.4022
31473.0,9.0312,0.3991
31474.0,8.9898,0.3993
31475.0,9.0098,0.3986
31476.0,8.9881,0.3979
31477.0,9.0048,0.398
31478.0,9.003,0.4011
31479.0,9.0119,0.3998
31480.0,9.0181,0.404
31481.0,8.9913,0.3993
31482.0,9.0213,0.3992
31483.0,9.0223,0.4001
31484.0,8.9963,0.4018
31485.0,8.9999,0.4003
31486.0,8.9926,0.404
31487.0,8.9954,0.4077
31488.0,8.9819,0.4025
31489.0,9.0117,0.4011
31490.0,8.9692,0.394
31491.0,8.9895,0.4042
31492.0,8.9993,0.4037
31493.0,9.0195,0.4046
31494.0,8.9918,0.4024
31495.0,9.0064,0.3972
31496.0,8.9988,0.3971
31497.0,9.0142,0.3967
31498.0,9.0056,0.4002
31499.0,9.0125,0.3979
31500.0,8.9917,0.4026
31501.0,8.9848,0.3983
31502.0,9.0055,0.399
31503.0,8.9927,0.4008
31504.0,9.0005,0.3986
31505.0,9.0048,0.3973
31506.0,9.0186,0.3946
31507.0,9.0118,0.4028
31508.0,8.9898,0.3972
31509.0,8.9828,0.3989
31510.0,9.0256,0.3989
31511.0,8.9763,0.3938
31512.0,8.9932,0.4009
31513.0,9.0097,0.4042
31514.0,9.0246,0.4029
31515.0,8.9972,0.3989
31516.0,9.0004,0.4032
31517.0,8.9869,0.3948
31518.0,9.0019,0.4025
31519.0,8.9827,0.3978
31520.0,8.9887,0.4029
31521.0,9.0115,0.4001
31522.0,8.9935,0.3964
31523.0,9.0138,0.4007
31524.0,8.9977,0.4
31525.0,8.9795,0.4007
31526.0,9.0175,0.3976
31527.0,8.9803,0.3965
31528.0,8.991,0.4018
31529.0,8.997,0.3998
31530.0,9.0151,0.4017
31531.0,8.9921,0.4017
31532.0,8.9861,0.4021
31533.0,9.0024,0.4049
31534.0,8.9968,0.4006
31535.0,8.993,0.397
31536.0,9.0032,0.3977
31537.0,8.9819,0.3991
31538.0,8.9742,0.4006
31539.0,9.0321,0.4041
31540.0,9.0016,0.3996
31541.0,9.0026,0.405
31542.0,8.9883,0.4053
31543.0,9.0135,0.4013
31544.0,8.992,0.4019
31545.0,8.9582,0.3986
31546.0,8.9915,0.405
31547.0,8.9958,0.3981
31548.0,8.9974,0.4036
31549.0,8.997,0.3969
31550.0,8.9903,0.4019
31551.0,8.9889,0.4033
31552.0,8.9955,0.4027
31553.0,8.9753,0.3986
31554.0,8.9706,0.3992
31555.0,9.0015,0.4046
31556.0,9.0017,0.3985
31557.0,9.0132,0.3986
31558.0,8.9962,0.4045
31559.0,8.9821,0.3998
31560.0,8.9709,0.3998
31561.0,8.9866,0.4055
31562.0,9.0063,0.3981
31563.0,9.0216,0.3978
31564.0,9.0008,0.4005
31565.0,8.9818,0.4001
31566.0,8.9868,0.3977
31567.0,8.9873,0.4024
31568.0,8.9939,0.4
31569.0,9.0168,0.4002
31570.0,9.018,0.4
31571.0,8.9974,0.3969
31572.0,9.0027,0.3975
31573.0,8.988,0.3953
31574.0,8.9744,0.4034
31575.0,9.0268,0.4
31576.0,8.9652,0.403
31577.0,8.9725,0.3986
31578.0,9.0269,0.4034
31579.0,9.0002,0.3951
31580.0,8.9831,0.4029
31581.0,9.0102,0.3998
31582.0,9.0116,0.3958
31583.0,8.98,0.3915
31584.0,8.992,0.4015
31585.0,9.0131,0.403
31586.0,8.9877,0.4002
31587.0,9.0042,0.4018
31588.0,9.0214,0.4013
31589.0,8.9641,0.4002
31590.0,8.9949,0.4029
31591.0,9.0039,0.3956
31592.0,8.9731,0.4003
31593.0,8.9921,0.402
31594.0,9.0157,0.3987
31595.0,8.9894,0.4008
31596.0,8.9777,0.3965
31597.0,9.017,0.4002
31598.0,9.0067,0.3978
31599.0,8.999,0.3984
31600.0,8.9985,0.4017
31601.0,9.0154,0.3947
31602.0,9.0044,0.3967
31603.0,9.0097,0.4022
31604.0,8.9896,0.3995
31605.0,8.9712,0.3978
31606.0,9.0093,0.4014
31607.0,9.0165,0.3967
31608.0,8.9966,0.3966
31609.0,9.0133,0.3994
31610.0,8.995,0.3996
31611.0,8.9986,0.3978
31612.0,9.0263,0.3992
31613.0,8.9956,0.404
31614.0,8.9947,0.3999
31615.0,8.972,0.3965
31616.0,9.0104,0.4001
31617.0,8.9894,0.3936
31618.0,9.0022,0.4048
31619.0,8.9953,0.3964
31620.0,8.9933,0.4006
31621.0,8.9982,0.4005
31622.0,8.9994,0.3977
31623.0,9.0176,0.4039
31624.0,9.0228,0.4062
31625.0,9.0098,0.3978
31626.0,9.0191,0.4021
31627.0,9.0128,0.397
31628.0,9.0074,0.404
31629.0,9.0218,0.4038
31630.0,8.9804,0.403
31631.0,8.9897,0.395
31632.0,8.9877,0.3984
31633.0,8.9955,0.3984
31634.0,9.0103,0.3982
31635.0,8.9833,0.404
31636.0,9.0075,0.3946
31637.0,8.9912,0.4012
31638.0,8.9948,0.4022
31639.0,9.003,0.3979
31640.0,9.0252,0.4015
31641.0,8.9893,0.4013
31642.0,8.9988,0.3992
31643.0,8.9838,0.4033
31644.0,8.9892,0.3984
31645.0,8.9837,0.4033
31646.0,9.0037,0.4004
31647.0,9.0064,0.3991
31648.0,9.0103,0.3993
31649.0,8.9887,0.3958
31650.0,9.0076,0.3989
31651.0,9.0017,0.3966
31652.0,8.9991,0.4008
31653.0,8.9814,0.4027
31654.0,9.0023,0.4014
31655.0,9.0028,0.3979
31656.0,9.0015,0.3992
31657.0,9.006,0.4008
31658.0,9.0104,0.401
31659.0,8.9835,0.4049
31660.0,8.9967,0.4019
31661.0,9.0077,0.4004
31662.0,8.996,0.4003
31663.0,9.0144,0.399
31664.0,9.0014,0.4
31665.0,8.9707,0.4022
31666.0,9.0126,0.3979
31667.0,8.9982,0.4012
31668.0,8.9735,0.3997
31669.0,8.9962,0.4052
31670.0,8.981,0.4009
31671.0,9.0113,0.401
31672.0,8.9995,0.3974
31673.0,8.9861,0.4044
31674.0,9.0122,0.4015
31675.0,9.0069,0.4041
31676.0,8.9965,0.3994
31677.0,8.9813,0.4
31678.0,8.9874,0.3959
31679.0,8.9871,0.4055
31680.0,9.0112,0.4011
31681.0,8.9748,0.4056
31682.0,8.9993,0.399
31683.0,8.9962,0.4014
31684.0,9.0155,0.403
31685.0,9.0035,0.401
31686.0,9.008,0.399
31687.0,8.9921,0.3986
31688.0,8.9815,0.399
31689.0,8.9951,0.408
31690.0,9.0117,0.3981
31691.0,9.0116,0.394
31692.0,8.9935,0.4001
31693.0,8.9871,0.4001
31694.0,8.9841,0.3991
31695.0,8.998,0.3981
31696.0,9.002,0.3992
31697.0,9.0221,0.396
31698.0,9.0018,0.4053
31699.0,9.0092,0.4007
31700.0,8.9883,0.4004
31701.0,9.0006,0.4032
31702.0,9.0021,0.4081
31703.0,8.9979,0.3988
31704.0,8.9997,0.4009
31705.0,9.0019,0.4024
31706.0,9.0072,0.4021
31707.0,9.0175,0.4027
31708.0,8.966,0.4028
31709.0,9.0167,0.3988
31710.0,8.9743,0.4036
31711.0,9.0046,0.3997
31712.0,9.0353,0.4008
31713.0,8.9994,0.4018
31714.0,9.0027,0.3979
31715.0,8.9953,0.4013
31716.0,9.01,0.4019
31717.0,9.0054,0.3943
31718.0,8.9899,0.4042
31719.0,8.9983,0.3975
31720.0,8.9832,0.4008
31721.0,8.9982,0.4046
31722.0,8.9937,0.402
31723.0,9.002,0.4031
31724.0,8.9894,0.4033
31725.0,8.9968,0.3985
31726.0,9.0001,0.3969
31727.0,9.0012,0.4012
31728.0,9.0041,0.4021
31729.0,8.9974,0.4033
31730.0,8.9882,0.4023
31731.0,9.0012,0.3985
31732.0,8.9973,0.4026
31733.0,9.0154,0.3937
31734.0,9.0173,0.4038
31735.0,8.9794,0.3973
31736.0,9.0093,0.3973
31737.0,9.0123,0.4075
31738.0,8.9798,0.4002
31739.0,9.0087,0.3992
31740.0,9.0134,0.3965
31741.0,8.9858,0.4013
31742.0,8.9965,0.4024
31743.0,9.0028,0.3989
31744.0,9.0086,0.3936
31745.0,8.9852,0.4049
31746.0,9.0174,0.3991
31747.0,8.9696,0.3991
31748.0,9.0199,0.3999
31749.0,9.0083,0.3976
31750.0,8.9907,0.4038
31751.0,9.013,0.4022
31752.0,8.9843,0.4015
31753.0,9.0017,0.4069
31754.0,9.0036,0.3979
31755.0,9.0035,0.4038
31756.0,8.9874,0.3933
31757.0,8.9926,0.4019
31758.0,9.0019,0.4068
31759.0,8.9891,0.3969
31760.0,9.0041,0.4049
31761.0,8.9908,0.3959
31762.0,9.015,0.4062
31763.0,9.0234,0.3986
31764.0,8.9955,0.3978
31765.0,9.0138,0.3984
31766.0,8.9968,0.4001
31767.0,8.986,0.3995
31768.0,8.9936,0.3998
31769.0,9.0013,0.4009
31770.0,8.9732,0.4007
31771.0,9.0094,0.4
31772.0,9.0013,0.3987
31773.0,9.015,0.4013
31774.0,9.0091,0.4011
31775.0,9.0018,0.401
31776.0,8.9947,0.4
31777.0,9.0228,0.3979
31778.0,9.0325,0.4002
31779.0,8.9949,0.3992
31780.0,9.0156,0.3938
31781.0,8.9894,0.403
31782.0,8.9912,0.4008
31783.0,8.9942,0.3999
31784.0,9.0103,0.4016
31785.0,8.9839,0.3977
31786.0,9.0232,0.4041
31787.0,9.0141,0.4036
31788.0,9.0099,0.3965
31789.0,8.9956,0.3981
31790.0,9.0124,0.402
31791.0,8.9562,0.4007
31792.0,9.0066,0.3999
31793.0,9.0024,0.4013
31794.0,8.9717,0.3944
31795.0,9.0061,0.3972
31796.0,9.0089,0.3982
31797.0,8.9722,0.4023
31798.0,8.9822,0.3935
31799.0,9.031,0.4005
31800.0,8.9972,0.3989
31801.0,9.0146,0.402
31802.0,9.0169,0.4024
31803.0,9.0059,0.4051
31804.0,9.0153,0.3965
31805.0,8.9683,0.3975
31806.0,8.9965,0.4001
31807.0,8.9538,0.4042
31808.0,8.9738,0.4013
31809.0,8.9918,0.4003
31810.0,8.99,0.4037
31811.0,9.0006,0.3988
31812.0,8.9997,0.4035
31813.0,9.002,0.4052
31814.0,9.0026,0.3995
31815.0,9.005,0.3954
31816.0,8.9856,0.4004
31817.0,8.9891,0.4049
31818.0,8.9994,0.4015
31819.0,8.9997,0.3959
31820.0,8.9838,0.4038
31821.0,9.0162,0.4024
31822.0,9.0109,0.403
31823.0,8.9871,0.4034
31824.0,8.9969,0.3984
31825.0,9.0301,0.4032
31826.0,9.0024,0.3981
31827.0,9.0059,0.3965
31828.0,8.9909,0.3975
31829.0,8.9953,0.4021
31830.0,9.0227,0.3988
31831.0,9.0017,0.4044
31832.0,8.9989,0.4033
31833.0,9.0001,0.402
31834.0,9.0382,0.4041
31835.0,9.0006,0.3965
31836.0,8.9875,0.4029
31837.0,8.9902,0.4017
31838.0,9.0117,0.3962
31839.0,8.9786,0.3978
31840.0,9.0068,0.3995
31841.0,8.9891,0.3994
31842.0,8.9721,0.3999
31843.0,8.9853,0.3981
31844.0,9.0004,0.4044
31845.0,9.0209,0.3963
31846.0,9.0137,0.3964
31847.0,8.9956,0.3972
31848.0,9.0146,0.3981
31849.0,8.9946,0.3979
31850.0,8.978,0.405
31851.0,9.0003,0.398
31852.0,8.9774,0.3996
31853.0,9.0119,0.3962
31854.0,9.0121,0.3986
31855.0,8.9868,0.4018
31856.0,9.0022,0.402
31857.0,9.002,0.403
31858.0,9.0131,0.397
31859.0,8.9813,0.398
31860.0,9.009,0.4025
31861.0,8.9802,0.3999
31862.0,9.0117,0.3998
31863.0,9.0159,0.4018
31864.0,8.99,0.403
31865.0,9.0183,0.3979
31866.0,8.9764,0.3997
31867.0,9.0165,0.3996
31868.0,9.0216,0.3971
31869.0,9.0052,0.4009
31870.0,8.9971,0.3984
31871.0,9.0047,0.4
31872.0,8.9909,0.4019
31873.0,9.0394,0.4008
31874.0,8.9912,0.3973
31875.0,9.0198,0.4006
31876.0,8.9889,0.4004
31877.0,9.024,0.3983
31878.0,9.0302,0.3974
31879.0,9.0058,0.4005
31880.0,9.0043,0.3958
31881.0,8.9857,0.3968
31882.0,8.9839,0.3962
31883.0,9.0045,0.3964
31884.0,9.0219,0.3986
31885.0,8.9918,0.4032
31886.0,9.0331,0.4019
31887.0,8.9908,0.4034
31888.0,9.0034,0.3982
31889.0,9.0035,0.394
31890.0,8.9985,0.3982
31891.0,8.9693,0.4034
31892.0,8.9907,0.3988
31893.0,9.003,0.3999
31894.0,8.9986,0.3994
31895.0,9.0095,0.4021
31896.0,9.0114,0.4025
31897.0,8.9964,0.3954
31898.0,8.9856,0.3927
31899.0,9.0232,0.402
31900.0,8.9797,0.3994
31901.0,8.9911,0.402
31902.0,8.9873,0.3992
31903.0,9.0112,0.4016
31904.0,9.0198,0.3996
31905.0,8.9974,0.3978
31906.0,9.0034,0.3988
31907.0,9.0064,0.3995
31908.0,9.0271,0.4018
31909.0,8.9734,0.3995
31910.0,9.0112,0.3968
31911.0,9.0056,0.405
31912.0,8.9944,0.4009
31913.0,9.0049,0.4041
31914.0,9.0111,0.3967
31915.0,9.0087,0.3992
31916.0,9.0324,0.4006
31917.0,9.0019,0.402
31918.0,9.0004,0.3943
31919.0,8.9973,0.3944
31920.0,9.0083,0.398
31921.0,8.9995,0.4016
31922.0,9.0002,0.398
31923.0,9.0003,0.3996
31924.0,8.998,0.4002
31925.0,8.9909,0.3975
31926.0,9.0063,0.4044
31927.0,8.9957,0.3976
31928.0,9.0092,0.3938
31929.0,9.0017,0.3971
31930.0,8.9942,0.3975
31931.0,9.0235,0.4005
31932.0,8.9985,0.4007
31933.0,9.0093,0.4018
31934.0,8.9895,0.4056
31935.0,8.9696,0.4001
31936.0,8.9915,0.4025
31937.0,8.9679,0.3987
31938.0,8.9964,0.4009
31939.0,9.022,0.399
31940.0,8.9864,0.3996
31941.0,8.9684,0.4005
31942.0,9.0225,0.403
31943.0,8.9929,0.3998
31944.0,8.9998,0.3998
31945.0,9.0118,0.4009
31946.0,9.0078,0.4026
31947.0,9.0113,0.3958
31948.0,9.0135,0.4007
31949.0,8.9738,0.396
31950.0,8.9788,0.4039
31951.0,9.0176,0.401
31952.0,8.9883,0.4037
31953.0,8.9899,0.395
31954.0,8.9811,0.3995
31955.0,8.9939,0.4026
31956.0,8.9948,0.4042
31957.0,8.9859,0.4011
31958.0,8.9842,0.3987
31959.0,9.0048,0.3992
31960.0,8.9879,0.3969
31961.0,8.9909,0.4044
31962.0,8.9672,0.402
31963.0,9.0291,0.3995
31964.0,9.0141,0.4016
31965.0,8.9926,0.3997
31966.0,8.9865,0.3991
31967.0,9.0002,0.3977
31968.0,8.9998,0.3978
31969.0,8.9809,0.4011
31970.0,8.9617,0.4031
31971.0,8.9921,0.399
31972.0,8.9765,0.3976
31973.0,9.0026,0.4029
31974.0,9.0027,0.4002
31975.0,8.9854,0.3933
31976.0,8.992,0.3979
31977.0,9.0264,0.4014
31978.0,9.0116,0.3976
31979.0,8.9932,0.4002
31980.0,9.0344,0.3963
31981.0,8.982,0.3988
31982.0,8.9878,0.3967
31983.0,8.9983,0.3963
31984.0,8.977,0.3977
31985.0,9.0269,0.4026
31986.0,9.0027,0.4013
31987.0,8.9882,0.4062
31988.0,9.0067,0.3982
31989.0,9.0022,0.4031
31990.0,8.9954,0.4056
31991.0,8.9819,0.4034
31992.0,8.9785,0.4034
31993.0,9.0328,0.4004
31994.0,8.9797,0.4007
31995.0,9.0255,0.3972
31996.0,8.9873,0.392
31997.0,9.0119,0.4006
31998.0,9.007,0.3971
31999.0,9.01,0.3987
32000.0,9.011,0.3975
32001.0,8.9758,0.401
32002.0,8.9899,0.3994
32003.0,8.9795,0.4038
32004.0,9.0028,0.3978
32005.0,8.9801,0.4005
32006.0,8.9703,0.3994
32007.0,8.9964,0.3991
32008.0,8.9669,0.3998
32009.0,9.0039,0.4046
32010.0,8.9811,0.4025
32011.0,8.9874,0.3986
32012.0,8.9658,0.3982
32013.0,9.0248,0.3977
32014.0,8.9781,0.4003
32015.0,8.9945,0.3955
32016.0,8.9731,0.3994
32017.0,8.9875,0.4011
32018.0,9.0263,0.3978
32019.0,9.0045,0.4001
32020.0,8.9891,0.4008
32021.0,8.9995,0.3947
32022.0,8.9916,0.4006
32023.0,8.9986,0.3986
32024.0,9.0112,0.4055
32025.0,8.995,0.4006
32026.0,9.0033,0.3972
32027.0,9.0035,0.3945
32028.0,8.9951,0.3999
32029.0,8.989,0.4039
32030.0,8.9921,0.3982
32031.0,9.0105,0.4009
32032.0,9.0117,0.4022
32033.0,8.9829,0.4021
32034.0,8.9961,0.4
32035.0,8.9887,0.398
32036.0,9.012,0.3992
32037.0,8.9929,0.3968
32038.0,9.033,0.3972
32039.0,9.0033,0.403
32040.0,9.0177,0.401
32041.0,8.9848,0.4009
32042.0,9.0002,0.3978
32043.0,9.0092,0.4036
32044.0,8.9845,0.3993
32045.0,9.0003,0.4004
32046.0,9.0158,0.4035
32047.0,8.9951,0.3978
32048.0,8.9872,0.3981
32049.0,9.027,0.4031
32050.0,8.9824,0.4024
32051.0,9.0023,0.401
32052.0,8.9894,0.3935
32053.0,8.9859,0.4038
32054.0,9.0111,0.3982
32055.0,8.9969,0.3983
32056.0,9.0061,0.3994
32057.0,8.9662,0.3964
32058.0,9.0075,0.4037
32059.0,8.9892,0.4005
32060.0,8.9718,0.4021
32061.0,9.0283,0.3977
32062.0,9.009,0.403
32063.0,9.0034,0.4043
32064.0,9.0187,0.3962
32065.0,9.0037,0.3966
32066.0,8.988,0.3976
32067.0,8.9974,0.4028
32068.0,8.9898,0.4005
32069.0,8.9925,0.3998
32070.0,8.9811,0.4011
32071.0,8.9854,0.4058
32072.0,9.0134,0.3948
32073.0,9.005,0.3991
32074.0,8.9925,0.3908
32075.0,8.9846,0.4015
32076.0,8.9939,0.4033
32077.0,8.9747,0.3991
32078.0,9.0019,0.402
32079.0,9.0142,0.3954
32080.0,9.0355,0.4014
32081.0,8.9835,0.4074
32082.0,9.0136,0.3989
32083.0,8.9894,0.4013
32084.0,8.9831,0.3982
32085.0,8.9831,0.4005
32086.0,9.0021,0.4033
32087.0,8.986,0.4018
32088.0,8.9909,0.3997
32089.0,8.9934,0.3996
32090.0,8.9889,0.3964
32091.0,8.9878,0.4031
32092.0,8.9636,0.4022
32093.0,9.0013,0.3962
32094.0,9.001,0.4005
32095.0,8.988,0.3972
32096.0,9.0054,0.3986
32097.0,9.021,0.4024
32098.0,9.0004,0.403
32099.0,9.02,0.4021
32100.0,9.0336,0.3992
32101.0,9.038,0.4014
32102.0,8.9822,0.3977
32103.0,8.9823,0.4023
32104.0,8.9933,0.3999
32105.0,9.0019,0.3986
32106.0,9.0238,0.3978
32107.0,9.0094,0.402
32108.0,8.982,0.3996
32109.0,8.9908,0.3985
32110.0,8.9994,0.3985
32111.0,8.9777,0.3963
32112.0,9.0002,0.4005
32113.0,8.9822,0.4009
32114.0,8.9752,0.3956
32115.0,8.9858,0.3968
32116.0,9.0062,0.3951
32117.0,9.0061,0.4036
32118.0,9.0014,0.4019
32119.0,9.0149,0.4033
32120.0,9.0133,0.4049
32121.0,9.0031,0.4013
32122.0,9.001,0.3998
32123.0,9.0019,0.4006
32124.0,8.9978,0.3981
32125.0,8.9674,0.3976
32126.0,9.017,0.3987
32127.0,9.006,0.3993
32128.0,8.9818,0.395
32129.0,9.0214,0.3963
32130.0,8.9912,0.3962
32131.0,8.9984,0.3961
32132.0,9.0154,0.4019
32133.0,9.0033,0.399
32134.0,9.02,0.3994
32135.0,8.9947,0.4011
32136.0,9.0254,0.4025
32137.0,8.9883,0.4014
32138.0,9.0198,0.4049
32139.0,8.966,0.4001
32140.0,8.9835,0.4006
32141.0,9.0045,0.3982
32142.0,8.994,0.3943
32143.0,8.9989,0.4002
32144.0,9.0006,0.4026
32145.0,8.9821,0.3978
32146.0,8.9833,0.3985
32147.0,9.0035,0.4029
32148.0,8.99,0.3999
32149.0,9.0201,0.3972
32150.0,8.9971,0.3971
32151.0,9.0108,0.402
32152.0,9.0066,0.3996
32153.0,8.991,0.3996
32154.0,8.9703,0.3959
32155.0,9.0178,0.4014
32156.0,8.9853,0.4031
32157.0,8.9939,0.3989
32158.0,8.9977,0.4012
32159.0,8.9992,0.3988
32160.0,9.0144,0.4018
32161.0,9.0001,0.4015
32162.0,8.9981,0.3988
32163.0,9.0153,0.3936
32164.0,9.009,0.3976
32165.0,8.989,0.401
32166.0,8.9828,0.4027
32167.0,8.9876,0.3982
32168.0,8.9993,0.404
32169.0,8.9813,0.4045
32170.0,9.0014,0.4021
32171.0,8.9981,0.3966
32172.0,8.9619,0.4021
32173.0,8.9789,0.3984
32174.0,8.9567,0.3982
32175.0,8.9948,0.4014
32176.0,9.0161,0.4013
32177.0,8.9716,0.4014
32178.0,8.9802,0.402
32179.0,8.9975,0.3998
32180.0,8.984,0.3957
32181.0,8.984,0.4062
32182.0,9.0081,0.3988
32183.0,8.9926,0.3979
32184.0,8.9777,0.3964
32185.0,8.9687,0.4005
32186.0,9.0331,0.4001
32187.0,9.0169,0.3996
32188.0,8.9932,0.4045
32189.0,9.0013,0.402
32190.0,8.9927,0.3969
32191.0,9.0077,0.4062
32192.0,8.9872,0.3955
32193.0,8.9919,0.3997
32194.0,9.0068,0.3978
32195.0,9.0218,0.4011
32196.0,9.0111,0.4019
32197.0,9.0185,0.3988
32198.0,8.9953,0.4032
32199.0,8.9907,0.4006
32200.0,8.9709,0.4044
32201.0,9.0011,0.4028
32202.0,9.0057,0.3986
32203.0,8.9955,0.4032
32204.0,8.9883,0.3981
32205.0,9.0187,0.4019
32206.0,9.0095,0.4016
32207.0,9.0197,0.3984
32208.0,8.9857,0.394
32209.0,8.9894,0.4044
32210.0,9.018,0.4013
32211.0,8.9993,0.4001
32212.0,8.9915,0.4001
32213.0,8.9925,0.4029
32214.0,8.9998,0.4066
32215.0,9.015,0.4027
32216.0,8.9976,0.4011
32217.0,9.0119,0.4009
32218.0,9.007,0.4011
32219.0,8.9868,0.397
32220.0,8.9868,0.4018
32221.0,8.9932,0.3961
32222.0,8.9799,0.4013
32223.0,8.9923,0.3986
32224.0,9.0227,0.4026
32225.0,8.9995,0.4011
32226.0,8.9885,0.3989
32227.0,9.0287,0.397
32228.0,8.986,0.4044
32229.0,8.9856,0.3997
32230.0,9.0184,0.4052
32231.0,9.0099,0.3963
32232.0,8.998,0.3992
32233.0,9.0125,0.3932
32234.0,9.0045,0.4023
32235.0,8.9822,0.4025
32236.0,8.964,0.3982
32237.0,8.9915,0.398
32238.0,9.0163,0.3988
32239.0,8.9936,0.3993
32240.0,9.0069,0.3983
32241.0,9.0028,0.4032
32242.0,8.9746,0.3986
32243.0,8.9939,0.3943
32244.0,9.0054,0.3992
32245.0,8.9882,0.3985
32246.0,8.9946,0.3961
32247.0,9.0059,0.4006
32248.0,9.0011,0.3942
32249.0,9.0157,0.4011
32250.0,9.0058,0.3999
32251.0,8.9857,0.3983
32252.0,8.9928,0.3966
32253.0,9.0003,0.3956
32254.0,9.0201,0.4026
32255.0,8.9929,0.3991
32256.0,8.974,0.395
32257.0,9.0066,0.4
32258.0,8.9887,0.3992
32259.0,8.9807,0.4042
32260.0,9.0003,0.3988
32261.0,9.0146,0.4029
32262.0,8.9914,0.3993
32263.0,9.0074,0.3965
32264.0,9.0102,0.4014
32265.0,9.0119,0.4037
32266.0,8.989,0.4027
32267.0,8.9832,0.4009
32268.0,8.9852,0.403
32269.0,9.0119,0.4005
32270.0,9.01,0.4002
32271.0,8.9856,0.3956
32272.0,9.032,0.4006
32273.0,8.9839,0.4045
32274.0,9.015,0.3951
32275.0,9.0228,0.3961
32276.0,9.0016,0.399
32277.0,8.9885,0.3959
32278.0,8.9888,0.4021
32279.0,8.9961,0.3948
32280.0,9.0162,0.402
32281.0,8.982,0.403
32282.0,8.9724,0.402
32283.0,9.0054,0.4001
32284.0,9.0087,0.4016
32285.0,9.0295,0.3965
32286.0,8.9793,0.4008
32287.0,8.998,0.3981
32288.0,9.0174,0.4027
32289.0,9.0018,0.4021
32290.0,8.9971,0.3976
32291.0,9.0118,0.4011
32292.0,8.991,0.4012
32293.0,9.0128,0.3986
32294.0,8.9812,0.4001
32295.0,8.9772,0.4015
32296.0,8.9959,0.3986
32297.0,8.9616,0.3973
32298.0,9.0013,0.4007
32299.0,8.974,0.4045
32300.0,9.0042,0.3995
32301.0,9.0028,0.3989
32302.0,8.999,0.3976
32303.0,9.0065,0.4035
32304.0,9.0031,0.4026
32305.0,8.9956,0.3996
32306.0,9.0275,0.3976
32307.0,9.0059,0.3976
32308.0,9.0116,0.3974
32309.0,9.0161,0.3985
32310.0,9.01,0.3983
32311.0,9.0309,0.3978
32312.0,9.0025,0.4033
32313.0,8.9999,0.4048
32314.0,8.9903,0.3967
32315.0,8.9962,0.3983
32316.0,8.989,0.3972
32317.0,9.0102,0.401
32318.0,8.9863,0.399
32319.0,9.0011,0.3969
32320.0,9.0084,0.405
32321.0,9.0023,0.4015
32322.0,8.9866,0.3971
32323.0,9.0105,0.4045
32324.0,8.9987,0.3966
32325.0,8.9569,0.4018
32326.0,8.9852,0.4073
32327.0,9.021,0.3996
32328.0,9.0223,0.3991
32329.0,9.0079,0.4005
32330.0,9.0118,0.4067
32331.0,8.9883,0.4044
32332.0,8.9961,0.3987
32333.0,9.0185,0.4009
32334.0,9.0064,0.4028
32335.0,9.001,0.3987
32336.0,8.9972,0.3966
32337.0,9.0176,0.4033
32338.0,9.0168,0.4015
32339.0,9.0097,0.401
32340.0,9.001,0.4033
32341.0,8.9946,0.3966
32342.0,9.0104,0.3993
32343.0,8.9835,0.4079
32344.0,8.9866,0.4017
32345.0,8.9782,0.4019
32346.0,9.0185,0.4003
32347.0,8.9892,0.3945
32348.0,9.0061,0.3975
32349.0,8.9981,0.4027
32350.0,9.0435,0.3984
32351.0,9.0066,0.3995
32352.0,8.9721,0.4009
32353.0,9.0176,0.3971
32354.0,8.9942,0.3962
32355.0,8.997,0.4
32356.0,8.9899,0.3989
32357.0,9.0029,0.4007
32358.0,9.0027,0.3957
32359.0,8.9903,0.3984
32360.0,8.9924,0.4021
32361.0,9.0015,0.4088
32362.0,8.9649,0.4004
32363.0,8.9784,0.402
32364.0,9.025,0.4015
32365.0,9.0049,0.4009
32366.0,8.9921,0.402
32367.0,8.9746,0.3971
32368.0,8.9992,0.3989
32369.0,9.0148,0.4007
32370.0,9.0396,0.3971
32371.0,9.0284,0.4013
32372.0,8.9867,0.3943
32373.0,8.9926,0.4024
32374.0,8.9779,0.3995
32375.0,8.9874,0.4021
32376.0,8.9968,0.403
32377.0,8.9945,0.4042
32378.0,9.0308,0.4008
32379.0,8.9803,0.3948
32380.0,8.9993,0.3947
32381.0,8.969,0.3962
32382.0,9.005,0.4022
32383.0,8.9799,0.3958
32384.0,9.0165,0.3993
32385.0,8.9956,0.3987
32386.0,8.979,0.4011
32387.0,8.9685,0.4021
32388.0,8.9853,0.4003
32389.0,9.0036,0.4024
32390.0,9.0063,0.3967
32391.0,8.9925,0.4031
32392.0,9.0139,0.4004
32393.0,8.983,0.4023
32394.0,8.9561,0.3984
32395.0,9.0042,0.3938
32396.0,9.0194,0.402
32397.0,9.0195,0.3996
32398.0,8.9805,0.4036
32399.0,8.9918,0.4013
32400.0,9.0109,0.4089
32401.0,8.9906,0.4038
32402.0,9.0016,0.3993
32403.0,8.9893,0.3952
32404.0,8.9837,0.3974
32405.0,8.9866,0.3972
32406.0,9.0143,0.3984
32407.0,9.0002,0.3996
32408.0,9.0191,0.401
32409.0,9.0078,0.4041
32410.0,9.0241,0.3974
32411.0,9.0123,0.3958
32412.0,9.0114,0.4025
32413.0,8.9982,0.404
32414.0,9.0451,0.3985
32415.0,9.0017,0.4031
32416.0,8.9704,0.4023
32417.0,9.004,0.3949
32418.0,8.9853,0.3981
32419.0,9.0153,0.3986
32420.0,9.0109,0.406
32421.0,8.9971,0.4015
32422.0,8.9867,0.3985
32423.0,9.0022,0.3979
32424.0,8.9904,0.3953
32425.0,9.0118,0.4032
32426.0,9.0083,0.4012
32427.0,9.044,0.4019
32428.0,8.9933,0.3961
32429.0,8.9954,0.4022
32430.0,8.9977,0.3993
32431.0,8.9983,0.3978
32432.0,9.0154,0.4015
32433.0,8.9959,0.3964
32434.0,9.0296,0.4005
32435.0,9.0087,0.3992
32436.0,8.9927,0.4032
32437.0,8.9889,0.4027
32438.0,9.0156,0.4003
32439.0,9.0004,0.4008
32440.0,9.0001,0.4018
32441.0,8.991,0.4
32442.0,8.9991,0.3975
32443.0,8.9904,0.3986
32444.0,9.0204,0.3963
32445.0,9.0108,0.4028
32446.0,8.9974,0.4012
32447.0,8.9972,0.3987
32448.0,9.0014,0.3978
32449.0,8.9999,0.4007
32450.0,8.9856,0.3958
32451.0,8.9715,0.3968
32452.0,8.988,0.3999
32453.0,8.9981,0.4073
32454.0,8.9889,0.4014
32455.0,9.0123,0.4006
32456.0,8.9966,0.3965
32457.0,9.0281,0.3972
32458.0,8.9916,0.4041
32459.0,9.0021,0.3986
32460.0,8.9957,0.4002
32461.0,9.0066,0.4018
32462.0,9.016,0.3987
32463.0,9.0091,0.3985
32464.0,8.9695,0.3948
32465.0,9.0075,0.3964
32466.0,8.9848,0.4018
32467.0,8.9954,0.3987
32468.0,9.0103,0.402
32469.0,8.9832,0.3952
32470.0,9.0173,0.4024
32471.0,8.9947,0.3999
32472.0,9.0326,0.3956
32473.0,9.001,0.4034
32474.0,9.0256,0.3958
32475.0,9.018,0.4032
32476.0,8.9908,0.3999
32477.0,8.9805,0.3973
32478.0,9.0017,0.4055
32479.0,8.9913,0.4012
32480.0,9.0237,0.4036
32481.0,8.9963,0.4013
32482.0,8.9955,0.3994
32483.0,8.9791,0.3974
32484.0,9.0063,0.3995
32485.0,8.9824,0.4005
32486.0,9.0066,0.4024
32487.0,9.0087,0.3988
32488.0,8.9888,0.4015
32489.0,9.0143,0.405
32490.0,8.9959,0.4005
32491.0,8.9779,0.3941
32492.0,9.0232,0.4001
32493.0,8.9861,0.3997
32494.0,9.0076,0.3996
32495.0,9.0064,0.3952
32496.0,9.0058,0.4008
32497.0,9.0056,0.3984
32498.0,8.9854,0.3997
32499.0,9.0254,0.4028
32500.0,9.0143,0.3976
32501.0,9.0071,0.3997
32502.0,8.98,0.3994
32503.0,8.9853,0.3995
32504.0,9.0099,0.3987
32505.0,8.9699,0.3988
32506.0,9.0051,0.405
32507.0,8.98,0.3987
32508.0,8.987,0.4008
32509.0,8.9788,0.4003
32510.0,9.0037,0.4002
32511.0,9.0167,0.4014
32512.0,9.0052,0.3981
32513.0,9.0069,0.4042
32514.0,9.0025,0.3972
32515.0,9.0102,0.3995
32516.0,9.007,0.3964
32517.0,8.9593,0.4027
32518.0,9.0136,0.3972
32519.0,9.012,0.4023
32520.0,8.9946,0.4008
32521.0,8.9704,0.4005
32522.0,9.0036,0.4033
32523.0,9.0049,0.3982
32524.0,8.9934,0.4044
32525.0,9.0028,0.3988
32526.0,9.0161,0.4013
32527.0,9.036,0.3994
32528.0,9.0022,0.4019
32529.0,9.005,0.397
32530.0,8.9876,0.4003
32531.0,8.9925,0.4001
32532.0,8.998,0.4013
32533.0,9.0177,0.4012
32534.0,9.0123,0.3974
32535.0,9.0289,0.4039
32536.0,8.9776,0.3998
32537.0,8.9801,0.4022
32538.0,9.0165,0.3962
32539.0,9.0217,0.3988
32540.0,9.0005,0.4032
32541.0,8.933,0.4049
32542.0,8.9888,0.4013
32543.0,9.005,0.3997
32544.0,8.9865,0.3968
32545.0,9.0028,0.4024
32546.0,9.0285,0.4009
32547.0,9.0214,0.3929
32548.0,9.0121,0.3948
32549.0,8.999,0.4011
32550.0,8.9926,0.3975
32551.0,9.0114,0.3969
32552.0,9.0004,0.3997
32553.0,9.0009,0.401
32554.0,8.9767,0.4043
32555.0,8.9893,0.3975
32556.0,9.0113,0.4013
32557.0,8.9835,0.3969
32558.0,9.004,0.3985
32559.0,9.0062,0.4006
32560.0,9.0071,0.3996
32561.0,9.0084,0.3959
32562.0,9.0094,0.4015
32563.0,8.9906,0.4022
32564.0,8.978,0.4071
32565.0,8.9869,0.4007
32566.0,9.0109,0.4005
32567.0,8.982,0.4009
32568.0,8.9844,0.3959
32569.0,8.9843,0.3961
32570.0,8.9723,0.3998
32571.0,8.9828,0.3931
32572.0,9.015,0.3966
32573.0,8.9892,0.3985
32574.0,8.9738,0.403
32575.0,8.9923,0.4008
32576.0,9.0077,0.3954
32577.0,8.9725,0.3999
32578.0,9.0143,0.4018
32579.0,8.9784,0.4021
32580.0,8.9941,0.4031
32581.0,8.9939,0.4036
32582.0,8.9916,0.4017
32583.0,8.999,0.4015
32584.0,9.0117,0.4007
32585.0,8.9994,0.4025
32586.0,8.9909,0.3976
32587.0,9.0069,0.3994
32588.0,9.0031,0.3979
32589.0,8.99,0.4013
32590.0,9.0006,0.3992
32591.0,8.9887,0.403
32592.0,8.987,0.4002
32593.0,9.0121,0.4032
32594.0,9.0067,0.3937
32595.0,9.0116,0.3978
32596.0,9.0095,0.4028
32597.0,8.9867,0.4001
32598.0,9.015,0.4032
32599.0,8.9955,0.4008
32600.0,9.0139,0.3972
32601.0,8.9981,0.4054
32602.0,9.0047,0.398
32603.0,9.0051,0.3978
32604.0,9.0122,0.4025
32605.0,8.9755,0.3973
32606.0,8.9764,0.3961
32607.0,9.0101,0.3977
32608.0,9.0053,0.4025
32609.0,8.9884,0.4064
32610.0,9.0055,0.4
32611.0,8.9789,0.3978
32612.0,9.049,0.4037
32613.0,9.0197,0.3982
32614.0,9.0093,0.3987
32615.0,9.0011,0.4012
32616.0,8.9907,0.4034
32617.0,8.9803,0.4002
32618.0,8.9983,0.3989
32619.0,8.9871,0.407
32620.0,8.988,0.398
32621.0,8.9787,0.3983
32622.0,9.0037,0.3988
32623.0,8.9943,0.4017
32624.0,9.008,0.3986
32625.0,9.0069,0.4025
32626.0,9.0034,0.3998
32627.0,9.0399,0.399
32628.0,9.0124,0.3983
32629.0,8.9811,0.3999
32630.0,9.0069,0.4013
32631.0,8.9992,0.3999
32632.0,8.9799,0.4007
32633.0,8.9787,0.3977
32634.0,9.0068,0.3979
32635.0,9.0105,0.4
32636.0,8.9843,0.4004
32637.0,9.0146,0.4001
32638.0,9.0043,0.3982
32639.0,9.0179,0.4002
32640.0,9.0163,0.4001
32641.0,8.9976,0.3996
32642.0,9.0245,0.398
32643.0,8.9831,0.4016
32644.0,9.0359,0.4
32645.0,8.9868,0.3977
32646.0,8.9993,0.3996
32647.0,8.9915,0.3983
32648.0,8.9943,0.4
32649.0,9.0439,0.4043
32650.0,8.9931,0.4004
32651.0,9.0128,0.4006
32652.0,8.9965,0.4043
32653.0,9.014,0.4008
32654.0,8.9918,0.4013
32655.0,9.0038,0.4004
32656.0,9.0094,0.3988
32657.0,8.9892,0.4013
32658.0,9.0414,0.4051
32659.0,9.0102,0.396
32660.0,8.9966,0.3986
32661.0,8.9895,0.3974
32662.0,9.0014,0.3978
32663.0,8.9818,0.4037
32664.0,9.0267,0.3995
32665.0,9.0065,0.4022
32666.0,8.9987,0.398
32667.0,9.0157,0.3981
32668.0,8.9892,0.3969
32669.0,8.9827,0.4043
32670.0,8.998,0.4023
32671.0,9.0019,0.3968
32672.0,9.008,0.4034
32673.0,8.9779,0.3992
32674.0,8.9932,0.4014
32675.0,8.9537,0.4001
32676.0,8.9823,0.3957
32677.0,9.0107,0.3975
32678.0,9.0144,0.4041
32679.0,8.9829,0.4028
32680.0,8.9951,0.3969
32681.0,9.0004,0.4006
32682.0,9.0162,0.3994
32683.0,9.0229,0.4034
32684.0,9.0023,0.3994
32685.0,8.9961,0.3977
32686.0,8.9783,0.4022
32687.0,9.0016,0.4036
32688.0,9.0311,0.4012
32689.0,9.0194,0.4017
32690.0,9.0026,0.3964
32691.0,9.0046,0.3962
32692.0,8.9897,0.396
32693.0,8.9946,0.4032
32694.0,9.0022,0.3988
32695.0,9.0023,0.4025
32696.0,9.0152,0.3982
32697.0,9.0144,0.4
32698.0,9.0078,0.3976
32699.0,8.985,0.399
32700.0,8.9856,0.3949
32701.0,8.9867,0.399
32702.0,9.0035,0.3988
32703.0,8.9696,0.3949
32704.0,8.9999,0.4013
32705.0,9.0211,0.4017
32706.0,9.01,0.398
32707.0,8.9947,0.3964
32708.0,8.9895,0.4052
32709.0,9.0121,0.4008
32710.0,9.0046,0.3929
32711.0,8.9963,0.3987
32712.0,8.9912,0.398
32713.0,9.0011,0.3978
32714.0,8.9955,0.4033
32715.0,9.0118,0.4008
32716.0,9.0186,0.4019
32717.0,8.9795,0.3996
32718.0,8.9816,0.4026
32719.0,9.0202,0.3989
32720.0,9.0025,0.4007
32721.0,8.983,0.4015
32722.0,9.0147,0.3981
32723.0,9.0051,0.3937
32724.0,9.033,0.3949
32725.0,8.9965,0.4069
32726.0,9.0166,0.402
32727.0,8.9783,0.4021
32728.0,9.0209,0.4043
32729.0,9.0142,0.3966
32730.0,9.0241,0.3978
32731.0,9.0167,0.3967
32732.0,8.9985,0.4071
32733.0,8.9824,0.397
32734.0,8.991,0.4038
32735.0,8.9736,0.398
32736.0,8.9862,0.4003
32737.0,9.0064,0.4038
32738.0,8.9993,0.4009
32739.0,8.9966,0.3996
32740.0,8.9881,0.4068
32741.0,8.9734,0.3945
32742.0,9.0027,0.3972
32743.0,9.0057,0.3991
32744.0,8.9851,0.4031
32745.0,8.992,0.3985
32746.0,9.0231,0.4029
32747.0,9.0174,0.3948
32748.0,8.9777,0.4034
32749.0,8.9987,0.4027
32750.0,9.0218,0.3968
32751.0,8.9968,0.3999
32752.0,8.996,0.3992
32753.0,9.0164,0.4014
32754.0,9.0148,0.4035
32755.0,9.014,0.398
32756.0,8.9961,0.4011
32757.0,9.0099,0.4007
32758.0,9.0224,0.4004
32759.0,8.9993,0.4044
32760.0,8.9939,0.4005
32761.0,9.0185,0.3964
32762.0,9.0307,0.4022
32763.0,9.0317,0.4048
32764.0,8.9944,0.4004
32765.0,8.9959,0.4041
32766.0,8.9846,0.3987
32767.0,9.0018,0.4012
32768.0,8.9839,0.3953
32769.0,8.9921,0.3982
32770.0,9.0105,0.4005
32771.0,9.0058,0.402
32772.0,8.9728,0.4013
32773.0,9.0236,0.4038
32774.0,8.9837,0.3954
32775.0,8.9856,0.4044
32776.0,8.9814,0.3979
32777.0,8.9901,0.3963
32778.0,8.9865,0.4031
32779.0,8.9869,0.3967
32780.0,8.963,0.4042
32781.0,9.0019,0.3935
32782.0,9.0035,0.3977
32783.0,9.0337,0.4026
32784.0,9.0073,0.402
32785.0,8.9926,0.3921
32786.0,8.982,0.398
32787.0,8.9986,0.3949
32788.0,9.0067,0.4004
32789.0,8.9924,0.4002
32790.0,9.0009,0.3993
32791.0,9.0285,0.3997
32792.0,8.9942,0.3967
32793.0,8.9717,0.3978
32794.0,9.0131,0.4032
32795.0,9.0047,0.3985
32796.0,8.9744,0.3983
32797.0,9.0064,0.4034
32798.0,8.985,0.3965
32799.0,9.0066,0.4044
32800.0,9.0286,0.4047
32801.0,8.9973,0.397
32802.0,9.0162,0.4028
32803.0,8.9816,0.3935
32804.0,8.9772,0.4003
32805.0,9.0303,0.397
32806.0,9.0046,0.4015
32807.0,9.0096,0.4009
32808.0,9.0173,0.3992
32809.0,8.9921,0.3967
32810.0,9.0124,0.4028
32811.0,9.0101,0.3999
32812.0,8.9806,0.3979
32813.0,9.0227,0.3985
32814.0,9.0196,0.3997
32815.0,8.9807,0.3997
32816.0,9.003,0.4009
32817.0,8.9965,0.4029
32818.0,9.0213,0.4031
32819.0,8.9788,0.3993
32820.0,9.054,0.4013
32821.0,8.9974,0.3994
32822.0,9.0111,0.4036
32823.0,9.0208,0.3996
32824.0,8.9971,0.4004
32825.0,8.9983,0.3999
32826.0,8.9925,0.4014
32827.0,8.9867,0.4019
32828.0,9.0041,0.4042
32829.0,8.998,0.4036
32830.0,8.9924,0.4001
32831.0,8.9932,0.3999
32832.0,9.0086,0.3993
32833.0,8.988,0.403
32834.0,8.9963,0.4007
32835.0,9.0135,0.4074
32836.0,9.0037,0.3998
32837.0,8.9843,0.4046
32838.0,8.9996,0.4046
32839.0,9.0066,0.4045
32840.0,9.0148,0.399
32841.0,8.9887,0.3997
32842.0,8.9916,0.3995
32843.0,8.9896,0.4044
32844.0,8.9903,0.3986
32845.0,9.0061,0.3983
32846.0,9.0089,0.4021
32847.0,9.0158,0.396
32848.0,8.9986,0.4023
32849.0,8.9789,0.3966
32850.0,9.01,0.3988
32851.0,9.0024,0.4035
32852.0,9.0009,0.3983
32853.0,8.9807,0.4009
32854.0,8.9971,0.4036
32855.0,8.9821,0.3966
32856.0,9.0072,0.4005
32857.0,8.9936,0.4019
32858.0,8.9922,0.3957
32859.0,8.9769,0.3969
32860.0,9.0154,0.4048
32861.0,8.9961,0.3966
32862.0,9.0013,0.399
32863.0,8.989,0.394
32864.0,8.9752,0.3976
32865.0,8.992,0.4023
32866.0,8.9944,0.4029
32867.0,9.0044,0.4024
32868.0,8.9947,0.3999
32869.0,8.9892,0.3968
32870.0,8.9774,0.4012
32871.0,9.0007,0.3987
32872.0,8.9881,0.3952
32873.0,9.0198,0.4001
32874.0,9.0023,0.4038
32875.0,9.0084,0.4033
32876.0,8.9963,0.4035
32877.0,9.003,0.4009
32878.0,8.9866,0.3972
32879.0,8.9823,0.4018
32880.0,9.0002,0.4005
32881.0,9.0086,0.3992
32882.0,8.9708,0.402
32883.0,8.9925,0.4014
32884.0,9.0276,0.3981
32885.0,9.0072,0.398
32886.0,9.0231,0.3965
32887.0,8.9905,0.4008
32888.0,8.9931,0.4027
32889.0,9.0145,0.3982
32890.0,9.0094,0.3968
32891.0,8.9986,0.4015
32892.0,8.9811,0.4047
32893.0,9.0174,0.406
32894.0,9.0377,0.4045
32895.0,8.9764,0.3999
32896.0,9.0211,0.3973
32897.0,8.993,0.4018
32898.0,8.995,0.3998
32899.0,9.004,0.3994
32900.0,8.9819,0.4057
32901.0,8.9994,0.4042
32902.0,8.9758,0.4019
32903.0,9.0071,0.3997
32904.0,9.0335,0.4
32905.0,8.9904,0.3954
32906.0,8.9975,0.4031
32907.0,8.9982,0.4039
32908.0,9.0148,0.3977
32909.0,9.0061,0.3981
32910.0,9.0138,0.4029
32911.0,8.9924,0.399
32912.0,9.0065,0.4034
32913.0,8.9495,0.3977
32914.0,9.01,0.3991
32915.0,8.9817,0.4016
32916.0,8.9951,0.399
32917.0,9.0112,0.3989
32918.0,8.977,0.3988
32919.0,9.0163,0.4021
32920.0,8.9981,0.4029
32921.0,9.0218,0.4015
32922.0,8.9865,0.3979
32923.0,8.9728,0.4041
32924.0,8.9996,0.4008
32925.0,9.0088,0.4032
32926.0,9.0101,0.3961
32927.0,8.983,0.4035
32928.0,8.9756,0.3989
32929.0,8.9953,0.3987
32930.0,9.0077,0.4012
32931.0,9.007,0.3938
32932.0,9.0236,0.401
32933.0,8.9944,0.3992
32934.0,8.9723,0.4042
32935.0,9.0179,0.4008
32936.0,9.0029,0.397
32937.0,9.0042,0.3976
32938.0,9.0115,0.3926
32939.0,9.019,0.4073
32940.0,8.9997,0.3925
32941.0,9.0176,0.3984
32942.0,9.0083,0.4022
32943.0,8.9902,0.4044
32944.0,8.9965,0.4054
32945.0,9.0093,0.3997
32946.0,8.9894,0.4015
32947.0,9.0133,0.3991
32948.0,9.0024,0.3953
32949.0,9.0057,0.3969
32950.0,9.0216,0.3949
32951.0,9.0053,0.4009
32952.0,9.0011,0.399
32953.0,8.9988,0.3994
32954.0,8.998,0.402
32955.0,9.0047,0.4007
32956.0,9.0204,0.402
32957.0,8.9908,0.4054
32958.0,8.9897,0.3976
32959.0,9.0193,0.3944
32960.0,8.9915,0.3983
32961.0,9.0032,0.3994
32962.0,8.9911,0.4013
32963.0,8.9748,0.4022
32964.0,9.003,0.3968
32965.0,9.0167,0.3964
32966.0,8.9991,0.4041
32967.0,8.9778,0.401
32968.0,9.0016,0.4011
32969.0,8.9887,0.4008
32970.0,8.9607,0.4004
32971.0,8.9988,0.3993
32972.0,9.0078,0.3979
32973.0,9.0177,0.3984
32974.0,9.0264,0.4065
32975.0,9.0098,0.4054
32976.0,9.014,0.4028
32977.0,8.9807,0.3998
32978.0,9.0243,0.4017
32979.0,9.019,0.3957
32980.0,8.9945,0.403
32981.0,9.0102,0.3993
32982.0,9.0087,0.4
32983.0,9.0221,0.4003
32984.0,8.9977,0.3995
32985.0,8.9888,0.4024
32986.0,8.9927,0.4048
32987.0,9.0135,0.4026
32988.0,8.9712,0.4002
32989.0,8.955,0.3968
32990.0,9.0134,0.4001
32991.0,9.0041,0.3998
32992.0,9.0003,0.4025
32993.0,8.9804,0.3981
32994.0,8.9744,0.3973
32995.0,8.9905,0.4009
32996.0,9.0054,0.4028
32997.0,8.9912,0.4005
32998.0,9.0135,0.4029
32999.0,8.9857,0.3962
33000.0,10.5308,0.4014
33001.0,10.5491,0.3962
33002.0,10.5329,0.408
33003.0,10.5337,0.404
33004.0,10.5289,0.4012
33005.0,10.5262,0.3952
33006.0,10.5439,0.3959
33007.0,10.5458,0.4057
33008.0,10.542,0.3965
33009.0,10.5293,0.4015
33010.0,10.5356,0.4055
33011.0,10.5625,0.4003
33012.0,10.5173,0.3964
33013.0,10.5669,0.3947
33014.0,10.5401,0.4011
33015.0,10.5359,0.3967
33016.0,10.5529,0.4
33017.0,10.5076,0.3968
33018.0,10.5593,0.3982
33019.0,10.5665,0.3983
33020.0,10.5549,0.3992
33021.0,10.5071,0.3978
33022.0,10.5501,0.4009
33023.0,10.5633,0.403
33024.0,10.5617,0.3989
33025.0,10.5175,0.4008
33026.0,10.5538,0.3972
33027.0,10.5655,0.3953
33028.0,10.539,0.4012
33029.0,10.5168,0.4026
33030.0,10.551,0.3943
33031.0,10.5544,0.3997
33032.0,10.5365,0.4013
33033.0,10.5207,0.4009
33034.0,10.5533,0.3982
33035.0,8.9885,0.4001
33036.0,9.006,0.4028
33037.0,9.0234,0.3974
33038.0,8.9751,0.4047
33039.0,9.0136,0.3958
33040.0,8.9969,0.4027
33041.0,8.9973,0.4002
33042.0,9.0077,0.3985
33043.0,8.9884,0.3945
33044.0,8.9824,0.4036
33045.0,8.9732,0.3972
33046.0,9.0185,0.3999
33047.0,8.9944,0.4014
33048.0,9.0085,0.4071
33049.0,8.9927,0.3989
33050.0,8.9826,0.4002
33051.0,9.0098,0.4012
33052.0,9.0049,0.4003
33053.0,8.9964,0.3977
33054.0,9.0045,0.4045
33055.0,8.9856,0.3986
33056.0,9.0159,0.4014
33057.0,9.0194,0.3993
33058.0,9.0114,0.3982
33059.0,8.9944,0.4031
33060.0,9.0009,0.4008
33061.0,9.0235,0.3934
33062.0,9.0192,0.4009
33063.0,9.0299,0.3981
33064.0,8.9883,0.3952
33065.0,8.9869,0.4029
33066.0,9.002,0.3977
33067.0,9.0061,0.4008
33068.0,8.9979,0.4028
33069.0,8.9942,0.3993
33070.0,9.019,0.4008
33071.0,8.9986,0.398
33072.0,8.9818,0.4033
33073.0,8.9835,0.3995
33074.0,9.0037,0.4016
33075.0,9.045,0.4045
33076.0,8.9854,0.3944
33077.0,8.9953,0.3979
33078.0,9.0361,0.3995
33079.0,8.9927,0.4004
33080.0,9.0068,0.4018
33081.0,9.0281,0.4037
33082.0,8.9857,0.3978
33083.0,8.9954,0.3994
33084.0,8.9927,0.4034
33085.0,8.9772,0.401
33086.0,9.0235,0.3949
33087.0,8.9912,0.3946
33088.0,8.9869,0.3985
33089.0,8.9933,0.4017
33090.0,9.0139,0.4016
33091.0,9.0017,0.3973
33092.0,8.9881,0.402
33093.0,9.0061,0.4008
33094.0,9.0122,0.3968
33095.0,8.9996,0.3982
33096.0,8.9965,0.3942
33097.0,9.0152,0.3964
33098.0,8.9973,0.3943
33099.0,9.0241,0.3954
33100.0,8.9886,0.405
33101.0,8.9883,0.3988
33102.0,8.9864,0.3947
33103.0,8.9964,0.4013
33104.0,9.0,0.4009
33105.0,8.9801,0.4006
33106.0,9.0015,0.3974
33107.0,9.0085,0.4019
33108.0,8.978,0.3967
33109.0,8.9922,0.4024
33110.0,9.0085,0.4027
33111.0,8.9837,0.3998
33112.0,8.9953,0.3956
33113.0,9.0163,0.4024
33114.0,9.0269,0.3982
33115.0,9.0066,0.4008
33116.0,8.9975,0.4021
33117.0,8.9925,0.3976
33118.0,9.0137,0.4064
33119.0,9.017,0.3999
33120.0,8.9827,0.398
33121.0,9.0137,0.403
33122.0,8.9909,0.4046
33123.0,8.9871,0.3938
33124.0,8.9977,0.3959
33125.0,9.0149,0.3977
33126.0,9.0046,0.4063
33127.0,9.0042,0.3986
33128.0,9.0053,0.4046
33129.0,9.007,0.4007
33130.0,8.9983,0.3956
33131.0,9.0095,0.4026
33132.0,8.9901,0.401
33133.0,9.0098,0.3974
33134.0,9.0129,0.398
33135.0,9.0105,0.3969
33136.0,9.0113,0.3981
33137.0,9.007,0.402
33138.0,9.0176,0.3973
33139.0,8.9659,0.4003
33140.0,9.0128,0.4009
33141.0,9.0296,0.3998
33142.0,8.9907,0.3952
33143.0,8.989,0.4022
33144.0,9.0193,0.3965
33145.0,8.9861,0.3983
33146.0,8.99,0.3986
33147.0,9.0025,0.3999
33148.0,8.988,0.4003
33149.0,9.0131,0.4021
33150.0,8.9881,0.3991
33151.0,9.0054,0.3963
33152.0,9.0043,0.4033
33153.0,9.025,0.3988
33154.0,9.0175,0.3994
33155.0,8.9921,0.397
33156.0,8.981,0.3974
33157.0,9.0126,0.4043
33158.0,8.9902,0.3959
33159.0,8.995,0.3963
33160.0,8.9841,0.3986
33161.0,9.0102,0.401
33162.0,8.9903,0.3971
33163.0,8.9995,0.3953
33164.0,8.9997,0.3963
33165.0,9.0028,0.3988
33166.0,9.0099,0.397
33167.0,8.9964,0.4067
33168.0,8.9889,0.4059
33169.0,8.9721,0.4035
33170.0,9.0015,0.4011
33171.0,8.9976,0.4011
33172.0,8.9893,0.404
33173.0,9.0009,0.4004
33174.0,9.0128,0.3975
33175.0,9.0167,0.4064
33176.0,8.977,0.4017
33177.0,8.9946,0.4044
33178.0,9.0144,0.4054
33179.0,9.0239,0.3947
33180.0,8.9877,0.3974
33181.0,9.0207,0.3994
33182.0,8.9797,0.4015
33183.0,9.0172,0.4027
33184.0,8.9958,0.3998
33185.0,9.0234,0.4039
33186.0,8.993,0.4018
33187.0,8.9954,0.4018
33188.0,8.998,0.3992
33189.0,8.9769,0.4009
33190.0,8.9736,0.4009
33191.0,9.0077,0.4029
33192.0,9.0148,0.396
33193.0,9.0091,0.4021
33194.0,8.9812,0.3951
33195.0,9.0072,0.3974
33196.0,8.9851,0.4018
33197.0,9.0061,0.3975
33198.0,9.017,0.4001
33199.0,9.0055,0.3972
33200.0,9.022,0.4018
33201.0,8.9978,0.4001
33202.0,8.9968,0.3999
33203.0,9.001,0.4033
33204.0,8.9799,0.4013
33205.0,8.994,0.4015
33206.0,8.9953,0.4033
33207.0,8.9957,0.4036
33208.0,9.004,0.3971
33209.0,8.9778,0.4022
33210.0,8.9828,0.4013
33211.0,9.017,0.4039
33212.0,8.9699,0.3961
33213.0,9.0092,0.3979
33214.0,8.9944,0.3994
33215.0,9.0024,0.4042
33216.0,9.0234,0.3991
33217.0,8.998,0.3999
33218.0,9.0094,0.3979
33219.0,9.0009,0.4024
33220.0,8.9984,0.402
33221.0,8.9965,0.3984
33222.0,9.0105,0.3969
33223.0,8.989,0.4023
33224.0,8.983,0.4015
33225.0,9.0011,0.398
33226.0,9.0029,0.4021
33227.0,8.9726,0.4019
33228.0,8.9998,0.4037
33229.0,8.9816,0.4025
33230.0,9.0094,0.399
33231.0,8.9729,0.3977
33232.0,9.0289,0.406
33233.0,8.9949,0.3985
33234.0,8.987,0.3945
33235.0,8.9958,0.3964
33236.0,9.0083,0.3939
33237.0,9.0134,0.4037
33238.0,8.9959,0.4055
33239.0,8.9784,0.4007
33240.0,8.9818,0.3952
33241.0,9.0043,0.4036
33242.0,9.0148,0.4014
33243.0,9.0168,0.4037
33244.0,9.0025,0.4018
33245.0,9.0145,0.3958
33246.0,9.0287,0.402
33247.0,9.0179,0.3953
33248.0,9.0138,0.3977
33249.0,8.9879,0.4031
33250.0,9.0144,0.403
33251.0,9.0069,0.3972
33252.0,9.0098,0.3966
33253.0,9.0189,0.4001
33254.0,9.0054,0.406
33255.0,8.9985,0.4017
33256.0,8.984,0.4071
33257.0,8.9956,0.3995
33258.0,9.0032,0.4026
33259.0,9.0042,0.3991
33260.0,9.0037,0.3976
33261.0,9.0144,0.3971
33262.0,9.013,0.4011
33263.0,8.9991,0.4039
33264.0,8.9873,0.399
33265.0,9.0058,0.4043
33266.0,9.0337,0.4055
33267.0,9.0048,0.4026
33268.0,8.9956,0.401
33269.0,9.008,0.398
33270.0,9.0089,0.4039
33271.0,9.0088,0.3966
33272.0,9.0206,0.4018
33273.0,9.0058,0.3961
33274.0,9.0199,0.3968
33275.0,9.0035,0.3998
33276.0,9.0227,0.4021
33277.0,9.0181,0.403
33278.0,9.0138,0.4
33279.0,9.0118,0.3987
33280.0,9.0345,0.3976
33281.0,9.0161,0.4021
33282.0,8.9873,0.402
33283.0,9.0037,0.4005
33284.0,8.996,0.4009
33285.0,9.031,0.4048
33286.0,9.0188,0.403
33287.0,9.0305,0.3958
33288.0,8.9886,0.4027
33289.0,9.0165,0.4041
33290.0,8.9795,0.3975
33291.0,8.9761,0.4028
33292.0,8.994,0.409
33293.0,9.0227,0.4014
33294.0,8.9851,0.3993
33295.0,8.9997,0.3997
33296.0,9.0178,0.4004
33297.0,9.0127,0.3953
33298.0,9.0332,0.3951
33299.0,9.0001,0.4008
33300.0,8.9934,0.3999
33301.0,8.9836,0.402
33302.0,8.9945,0.3992
33303.0,8.9834,0.4002
33304.0,8.9731,0.4029
33305.0,9.0295,0.3932
33306.0,9.0007,0.3973
33307.0,9.0389,0.3984
33308.0,8.9874,0.3995
33309.0,8.9936,0.3957
33310.0,8.9884,0.3973
33311.0,8.9904,0.4021
33312.0,9.0131,0.4014
33313.0,9.0085,0.3916
33314.0,9.0131,0.3993
33315.0,9.0201,0.3996
33316.0,9.0166,0.3973
33317.0,8.9849,0.3996
33318.0,8.9921,0.4012
33319.0,9.0018,0.4021
33320.0,9.0559,0.4003
33321.0,9.0116,0.4019
33322.0,9.0016,0.4
33323.0,9.0101,0.3931
33324.0,8.991,0.3996
33325.0,9.0039,0.3963
33326.0,9.0143,0.4003
33327.0,8.9996,0.3993
33328.0,8.9887,0.3993
33329.0,8.9988,0.3975
33330.0,8.9952,0.3988
33331.0,8.9796,0.4009
33332.0,8.9914,0.3973
33333.0,8.9791,0.3981
33334.0,8.9814,0.3947
33335.0,8.9829,0.4008
33336.0,9.0143,0.3962
33337.0,9.0223,0.4001
33338.0,8.977,0.4021
33339.0,9.0237,0.4038
33340.0,8.9831,0.399
33341.0,9.0112,0.4019
33342.0,9.0039,0.4
33343.0,9.0095,0.3944
33344.0,8.9825,0.3955
33345.0,8.9728,0.4025
33346.0,8.988,0.4035
33347.0,9.0064,0.3936
33348.0,9.0294,0.401
33349.0,8.9846,0.4008
33350.0,8.9985,0.3976
33351.0,8.9888,0.3976
33352.0,8.9997,0.3968
33353.0,8.971,0.3942
33354.0,9.0225,0.3968
33355.0,9.0004,0.4021
33356.0,9.0138,0.3989
33357.0,8.9965,0.4022
33358.0,9.0029,0.394
33359.0,9.0169,0.4013
33360.0,9.002,0.4023
33361.0,9.0025,0.3922
33362.0,8.9881,0.3984
33363.0,8.992,0.401
33364.0,8.9848,0.4039
33365.0,8.9889,0.3959
33366.0,9.0188,0.4042
33367.0,9.0271,0.4013
33368.0,8.9813,0.397
33369.0,9.0059,0.403
33370.0,8.9952,0.4069
33371.0,9.021,0.399
33372.0,9.002,0.3987
33373.0,8.9999,0.3971
33374.0,8.9888,0.4055
33375.0,8.977,0.3978
33376.0,9.0114,0.3971
33377.0,9.0053,0.3981
33378.0,9.0057,0.3982
33379.0,8.991,0.3983
33380.0,8.9978,0.3976
33381.0,9.0119,0.3979
33382.0,9.0147,0.4004
33383.0,8.9823,0.404
33384.0,8.9905,0.397
33385.0,8.9792,0.3961
33386.0,9.003,0.401
33387.0,9.0133,0.4016
33388.0,8.9958,0.4046
33389.0,8.9901,0.4042
33390.0,8.995,0.3952
33391.0,9.0346,0.394
33392.0,9.0179,0.4017
33393.0,9.011,0.4016
33394.0,9.0048,0.4044
33395.0,8.9998,0.4012
33396.0,8.9864,0.3983
33397.0,8.9841,0.4031
33398.0,8.9915,0.3969
33399.0,8.9857,0.406
33400.0,8.9909,0.4008
33401.0,8.9985,0.3978
33402.0,8.9996,0.3973
33403.0,8.9907,0.4006
33404.0,9.0074,0.3998
33405.0,8.9972,0.3996
33406.0,9.0032,0.3961
33407.0,8.9888,0.3995
33408.0,9.0104,0.4025
33409.0,8.992,0.3977
33410.0,9.0241,0.4008
33411.0,8.9966,0.4034
33412.0,8.9986,0.4019
33413.0,9.0089,0.3964
33414.0,9.0122,0.401
33415.0,9.0138,0.4044
33416.0,9.0266,0.4015
33417.0,9.0099,0.4035
33418.0,8.999,0.4029
33419.0,8.9921,0.3966
33420.0,8.998,0.4053
33421.0,9.0223,0.4038
33422.0,8.9792,0.3992
33423.0,8.9877,0.4039
33424.0,8.9967,0.3996
33425.0,8.9875,0.3997
33426.0,8.9939,0.3973
33427.0,9.0271,0.3969
33428.0,8.9955,0.4004
33429.0,9.0062,0.3992
33430.0,8.9751,0.3955
33431.0,8.9835,0.4011
33432.0,9.014,0.4015
33433.0,9.025,0.4009
33434.0,9.0033,0.4009
33435.0,8.9954,0.4012
33436.0,9.0074,0.4005
33437.0,8.961,0.401
33438.0,9.0034,0.4015
33439.0,8.9843,0.3982
33440.0,9.0119,0.3962
33441.0,8.9671,0.401
33442.0,8.9906,0.4005
33443.0,8.9994,0.4014
33444.0,8.9886,0.4034
33445.0,8.9944,0.3999
33446.0,9.0136,0.3996
33447.0,8.9996,0.4014
33448.0,8.986,0.3969
33449.0,9.0141,0.4001
33450.0,9.0038,0.3997
33451.0,9.0044,0.4026
33452.0,8.9866,0.3986
33453.0,8.9618,0.4003
33454.0,8.9864,0.3995
33455.0,8.9849,0.3925
33456.0,8.9908,0.3984
33457.0,8.9874,0.4
33458.0,9.0017,0.3973
33459.0,9.0132,0.3996
33460.0,9.0161,0.404
33461.0,9.0126,0.4029
33462.0,8.9865,0.3944
33463.0,9.0009,0.4023
33464.0,9.0235,0.4017
33465.0,8.9762,0.3997
33466.0,9.0202,0.393
33467.0,8.9851,0.4023
33468.0,9.0044,0.3987
33469.0,9.0062,0.4006
33470.0,9.0028,0.3971
33471.0,9.0334,0.3978
33472.0,8.9955,0.4028
33473.0,8.9754,0.4049
33474.0,9.0053,0.3987
33475.0,8.9974,0.4045
33476.0,9.0083,0.3987
33477.0,9.0132,0.3987
33478.0,8.9995,0.3957
33479.0,9.0065,0.4015
33480.0,9.0022,0.3994
33481.0,9.0269,0.3996
33482.0,8.9944,0.3989
33483.0,8.9897,0.397
33484.0,9.0132,0.4019
33485.0,8.9861,0.3998
33486.0,9.0059,0.4024
33487.0,8.9975,0.3972
33488.0,8.9985,0.4007
33489.0,9.0366,0.4064
33490.0,9.0185,0.3979
33491.0,9.0153,0.3985
33492.0,9.008,0.3985
33493.0,8.9896,0.3969
33494.0,9.0039,0.405
33495.0,9.0087,0.3931
33496.0,9.003,0.3963
33497.0,9.0014,0.4014
33498.0,8.994,0.3978
33499.0,9.0041,0.3999
33500.0,8.9921,0.3999
33501.0,9.0106,0.4015
33502.0,8.9698,0.4002
33503.0,9.0204,0.3988
33504.0,8.9803,0.4004
33505.0,8.984,0.3995
33506.0,9.0061,0.4051
33507.0,9.0081,0.3983
33508.0,9.0312,0.4017
33509.0,9.0044,0.4027
33510.0,8.9994,0.396
33511.0,9.0029,0.3967
33512.0,9.0239,0.4058
33513.0,9.0364,0.398
33514.0,8.9972,0.4
33515.0,9.0081,0.3995
33516.0,8.9989,0.3999
33517.0,8.9986,0.3989
33518.0,9.0282,0.4004
33519.0,8.9861,0.3976
33520.0,8.965,0.3993
33521.0,9.0048,0.3941
33522.0,9.018,0.3997
33523.0,9.0033,0.401
33524.0,9.0075,0.4029
33525.0,9.0113,0.4034
33526.0,9.0017,0.3989
33527.0,9.0083,0.4025
33528.0,9.0081,0.3965
33529.0,8.9706,0.3984
33530.0,9.0017,0.4049
33531.0,8.9764,0.4005
33532.0,8.9994,0.4007
33533.0,8.9926,0.3995
33534.0,9.0155,0.4056
33535.0,9.0037,0.4016
33536.0,9.0071,0.4045
33537.0,8.9971,0.3982
33538.0,9.0158,0.3971
33539.0,8.976,0.3977
33540.0,8.9866,0.4019
33541.0,9.0193,0.4049
33542.0,8.9935,0.4022
33543.0,8.9678,0.4026
33544.0,9.0218,0.4005
33545.0,9.0162,0.3962
33546.0,9.0107,0.4061
33547.0,9.0014,0.402
33548.0,9.0249,0.4016
33549.0,9.0189,0.4026
33550.0,9.0232,0.3949
33551.0,9.0104,0.3985
33552.0,9.0018,0.4019
33553.0,8.994,0.3996
33554.0,8.981,0.3998
33555.0,9.0075,0.4038
33556.0,9.0088,0.4004
33557.0,8.9948,0.4071
33558.0,9.0092,0.3999
33559.0,8.995,0.4024
33560.0,9.013,0.4015
33561.0,8.9868,0.3983
33562.0,8.9842,0.3969
33563.0,8.9964,0.4001
33564.0,9.0124,0.4058
33565.0,8.9826,0.3988
33566.0,9.0157,0.4016
33567.0,8.9754,0.3992
33568.0,8.9963,0.4007
33569.0,8.9788,0.4034
33570.0,8.9609,0.4003
33571.0,9.0055,0.3982
33572.0,8.9973,0.4048
33573.0,8.979,0.3982
33574.0,8.9923,0.402
33575.0,9.0066,0.3955
33576.0,8.9945,0.4039
33577.0,8.997,0.4078
33578.0,8.994,0.3999
33579.0,8.9913,0.3969
33580.0,8.9911,0.4023
33581.0,8.9906,0.4003
33582.0,8.9887,0.4064
33583.0,8.9847,0.3982
33584.0,8.9943,0.396
33585.0,8.9904,0.4009
33586.0,8.9839,0.4017
33587.0,9.0115,0.3977
33588.0,9.0185,0.4029
33589.0,9.0,0.4002
33590.0,9.001,0.3992
33591.0,8.9896,0.4016
33592.0,9.016,0.3991
33593.0,9.0261,0.3978
33594.0,8.9975,0.3952
33595.0,8.9922,0.3981
33596.0,9.0051,0.4075
33597.0,9.0019,0.4001
33598.0,8.9925,0.3969
33599.0,9.0071,0.4038
33600.0,9.0141,0.3999
33601.0,8.9882,0.4009
33602.0,9.0381,0.4008
33603.0,8.977,0.4045
33604.0,8.9872,0.396
33605.0,9.0035,0.4044
33606.0,9.0337,0.4022
33607.0,8.9916,0.4002
33608.0,8.984,0.3974
33609.0,9.0082,0.3993
33610.0,8.9963,0.4001
33611.0,9.01,0.4054
33612.0,8.9989,0.4043
33613.0,8.9871,0.3988
33614.0,9.0352,0.406
33615.0,8.9557,0.4029
33616.0,9.0273,0.4014
33617.0,9.014,0.3992
33618.0,8.9888,0.3983
33619.0,9.0281,0.4016
33620.0,8.9794,0.4012
33621.0,9.0151,0.3988
33622.0,8.9688,0.4033
33623.0,8.9828,0.4005
33624.0,8.9828,0.4013
33625.0,8.9887,0.4032
33626.0,9.0002,0.4025
33627.0,8.9876,0.3951
33628.0,8.9695,0.4023
33629.0,9.007,0.4001
33630.0,9.0007,0.3987
33631.0,9.0061,0.4002
33632.0,9.0026,0.3991
33633.0,9.0143,0.4004
33634.0,8.9989,0.3999
33635.0,9.0152,0.4021
33636.0,8.9884,0.3954
33637.0,8.9892,0.4006
33638.0,9.0206,0.3999
33639.0,9.0203,0.4068
33640.0,9.0086,0.3941
33641.0,8.9867,0.4028
33642.0,8.9855,0.4013
33643.0,9.0199,0.4023
33644.0,9.0191,0.3987
33645.0,8.999,0.401
33646.0,9.0351,0.4004
33647.0,9.0069,0.4106
33648.0,8.9834,0.3991
33649.0,8.9959,0.3976
33650.0,9.0001,0.406
33651.0,9.0013,0.401
33652.0,9.0188,0.4015
33653.0,8.9857,0.4034
33654.0,8.98,0.4002
33655.0,9.009,0.3987
33656.0,8.9924,0.4004
33657.0,9.0364,0.3975
33658.0,9.0141,0.3956
33659.0,8.9921,0.3975
33660.0,9.0182,0.3929
33661.0,9.011,0.3989
33662.0,9.0095,0.3985
33663.0,8.9982,0.4018
33664.0,9.0063,0.4004
33665.0,8.9685,0.3996
33666.0,9.0198,0.4035
33667.0,8.9485,0.3987
33668.0,8.9934,0.3967
33669.0,8.9761,0.3924
33670.0,8.9925,0.4001
33671.0,8.9989,0.3998
33672.0,8.982,0.4038
33673.0,8.9584,0.3974
33674.0,9.0031,0.4023
33675.0,9.0313,0.3926
33676.0,8.9947,0.3961
33677.0,9.0144,0.4012
33678.0,9.0226,0.4021
33679.0,8.9715,0.395
33680.0,8.9931,0.3976
33681.0,8.9809,0.4001
33682.0,8.9879,0.3997
33683.0,9.0255,0.4016
33684.0,9.0034,0.4027
33685.0,9.0118,0.3962
33686.0,8.9993,0.4013
33687.0,8.9818,0.3978
33688.0,9.0102,0.401
33689.0,9.0188,0.3986
33690.0,9.0048,0.4032
33691.0,9.0073,0.4018
33692.0,8.9815,0.397
33693.0,9.0106,0.395
33694.0,9.0202,0.4036
33695.0,9.0061,0.3979
33696.0,8.973,0.3982
33697.0,9.0245,0.4022
33698.0,8.9858,0.3969
33699.0,9.0058,0.4006
33700.0,9.0143,0.4001
33701.0,9.0162,0.3998
33702.0,8.973,0.4036
33703.0,9.0018,0.4014
33704.0,9.0008,0.4029
33705.0,9.0216,0.3993
33706.0,9.0069,0.3978
33707.0,9.0217,0.4031
33708.0,9.0081,0.3983
33709.0,8.9989,0.4004
33710.0,9.0029,0.4013
33711.0,9.0229,0.3977
33712.0,8.9805,0.3977
33713.0,9.0136,0.3992
33714.0,8.9906,0.4022
33715.0,8.9874,0.401
33716.0,9.0154,0.3959
33717.0,8.9868,0.4059
33718.0,9.0057,0.4011
33719.0,8.9927,0.3987
33720.0,8.9646,0.3995
33721.0,9.0072,0.3993
33722.0,9.0019,0.3989
33723.0,8.9713,0.4035
33724.0,8.9895,0.4071
33725.0,8.9729,0.3985
33726.0,9.011,0.3986
33727.0,9.0208,0.3997
33728.0,9.0127,0.3959
33729.0,9.0148,0.4016
33730.0,8.9922,0.4006
33731.0,9.0082,0.4004
33732.0,8.9999,0.3944
33733.0,9.0028,0.3932
33734.0,9.0144,0.3989
33735.0,9.0176,0.402
33736.0,8.9942,0.3947
33737.0,8.9789,0.4027
33738.0,8.9972,0.3991
33739.0,8.9967,0.3975
33740.0,9.0043,0.4002
33741.0,9.0125,0.3961
33742.0,8.9713,0.3924
33743.0,8.9899,0.4036
33744.0,8.9855,0.3999
33745.0,9.0188,0.3978
33746.0,8.9969,0.3983
33747.0,8.9923,0.3977
33748.0,9.0081,0.3989
33749.0,8.9911,0.3997
33750.0,8.9998,0.4021
33751.0,9.0272,0.3979
33752.0,9.0268,0.3968
33753.0,8.9939,0.3984
33754.0,8.9973,0.4074
33755.0,8.9907,0.4005
33756.0,8.9711,0.4012
33757.0,9.0155,0.3992
33758.0,9.0363,0.4052
33759.0,8.9933,0.4026
33760.0,8.9877,0.3969
33761.0,8.9959,0.4005
33762.0,9.0013,0.3988
33763.0,8.983,0.4012
33764.0,8.9931,0.403
33765.0,9.0152,0.3963
33766.0,9.0019,0.4011
33767.0,9.0191,0.3976
33768.0,9.0055,0.4042
33769.0,8.9837,0.4029
33770.0,8.9914,0.394
33771.0,9.0037,0.3966
33772.0,8.9832,0.396
33773.0,8.9812,0.3998
33774.0,8.9821,0.4009
33775.0,9.0077,0.4024
33776.0,8.9945,0.3993
33777.0,9.0177,0.3992
33778.0,8.9866,0.4009
33779.0,8.9631,0.4095
33780.0,8.998,0.3955
33781.0,9.0247,0.3944
33782.0,9.0005,0.3984
33783.0,8.9794,0.3978
33784.0,8.9756,0.3978
33785.0,9.018,0.4
33786.0,8.9879,0.3965
33787.0,9.0231,0.3982
33788.0,9.0098,0.3991
33789.0,8.9885,0.3992
33790.0,9.0175,0.3996
33791.0,8.9861,0.3996
33792.0,8.9783,0.3976
33793.0,8.987,0.3992
33794.0,9.0115,0.4
33795.0,9.0171,0.4029
33796.0,8.9941,0.3956
33797.0,8.972,0.4001
33798.0,8.9766,0.4005
33799.0,8.984,0.4006
33800.0,8.9806,0.4007
33801.0,9.004,0.3961
33802.0,9.0291,0.4005
33803.0,9.0119,0.4003
33804.0,8.9831,0.4016
33805.0,8.9896,0.3995
33806.0,8.9925,0.3984
33807.0,9.0058,0.403
33808.0,9.0236,0.3963
33809.0,8.993,0.3959
33810.0,9.0231,0.3963
33811.0,9.0316,0.401
33812.0,8.9948,0.3978
33813.0,8.9944,0.3997
33814.0,8.9946,0.4042
33815.0,9.0009,0.3965
33816.0,8.9946,0.3949
33817.0,9.0133,0.4025
33818.0,8.9768,0.3975
33819.0,8.992,0.3965
33820.0,9.0049,0.3997
33821.0,9.0131,0.3994
33822.0,9.0329,0.3974
33823.0,8.9807,0.4017
33824.0,8.9902,0.3977
33825.0,8.966,0.3975
33826.0,8.9834,0.3944
33827.0,8.9735,0.3926
33828.0,8.9922,0.4007
33829.0,8.9966,0.396
33830.0,9.007,0.3995
33831.0,8.9955,0.4058
33832.0,9.007,0.4014
33833.0,9.0017,0.4001
33834.0,8.9845,0.4013
33835.0,8.9747,0.4065
33836.0,9.0088,0.3943
33837.0,9.0247,0.3996
33838.0,9.038,0.4044
33839.0,9.014,0.4009
33840.0,9.0219,0.4036
33841.0,9.0069,0.3981
33842.0,9.0045,0.3962
33843.0,9.0017,0.4057
33844.0,8.9984,0.4002
33845.0,9.0091,0.4025
33846.0,8.9922,0.4027
33847.0,8.9978,0.4038
33848.0,8.9823,0.4009
33849.0,9.0071,0.401
33850.0,8.9856,0.4015
33851.0,9.0005,0.3981
33852.0,9.0075,0.4032
33853.0,9.0088,0.3983
33854.0,9.0116,0.4033
33855.0,8.9968,0.4024
33856.0,9.0073,0.3934
33857.0,8.9927,0.4024
33858.0,8.9704,0.4007
33859.0,9.008,0.404
33860.0,9.0045,0.4052
33861.0,9.0152,0.4003
33862.0,8.9996,0.4011
33863.0,8.976,0.3962
33864.0,8.9986,0.3995
33865.0,9.0133,0.405
33866.0,9.0071,0.4
33867.0,8.9978,0.4028
33868.0,8.975,0.3999
33869.0,8.9846,0.3996
33870.0,9.0072,0.4017
33871.0,8.975,0.3913
33872.0,8.9952,0.4011
33873.0,9.0006,0.3933
33874.0,9.0172,0.3998
33875.0,9.0092,0.3975
33876.0,9.0144,0.3965
33877.0,9.0045,0.4044
33878.0,8.9873,0.4034
33879.0,8.9908,0.3989
33880.0,8.986,0.4071
33881.0,9.0089,0.403
33882.0,8.9896,0.3995
33883.0,8.9941,0.3943
33884.0,9.0003,0.3997
33885.0,9.0246,0.3981
33886.0,9.0099,0.3986
33887.0,8.9884,0.4012
33888.0,9.0023,0.3981
33889.0,9.0248,0.404
33890.0,9.0092,0.3984
33891.0,8.976,0.3969
33892.0,8.9863,0.4019
33893.0,8.9851,0.3999
33894.0,9.0216,0.4026
33895.0,9.0188,0.4005
33896.0,8.9906,0.3958
33897.0,8.9903,0.4009
33898.0,9.0007,0.3973
33899.0,9.0011,0.4004
33900.0,8.9856,0.3982
33901.0,8.9963,0.3994
33902.0,8.9782,0.4001
33903.0,9.0191,0.4022
33904.0,8.9736,0.3983
33905.0,8.9734,0.3916
33906.0,9.0065,0.3971
33907.0,8.9814,0.4004
33908.0,8.9925,0.4035
33909.0,9.0009,0.4009
33910.0,9.0101,0.403
33911.0,8.9967,0.4005
33912.0,9.0267,0.4007
33913.0,9.0,0.3993
33914.0,9.0179,0.4031
33915.0,9.0042,0.4049
33916.0,9.032,0.3971
33917.0,9.0159,0.4007
33918.0,9.0007,0.3964
33919.0,9.0094,0.405
33920.0,8.9961,0.4005
33921.0,8.9959,0.3999
33922.0,8.9804,0.3966
33923.0,8.9879,0.3993
33924.0,9.0309,0.3998
33925.0,8.9819,0.3968
33926.0,8.9902,0.4005
33927.0,8.9986,0.3974
33928.0,8.9991,0.4013
33929.0,9.0058,0.397
33930.0,8.993,0.4005
33931.0,9.0067,0.3994
33932.0,9.0171,0.4009
33933.0,9.019,0.4005
33934.0,8.996,0.4003
33935.0,9.0092,0.3978
33936.0,8.9828,0.4017
33937.0,8.9892,0.4009
33938.0,8.9824,0.4019
33939.0,8.9993,0.3999
33940.0,8.9871,0.3995
33941.0,8.9772,0.397
33942.0,8.9942,0.398
33943.0,8.9741,0.3986
33944.0,9.0199,0.4029
33945.0,8.9916,0.3963
33946.0,9.0148,0.396
33947.0,8.9926,0.3998
33948.0,8.9821,0.3977
33949.0,9.0176,0.3989
33950.0,9.0013,0.3987
33951.0,9.0283,0.3981
33952.0,8.993,0.3977
33953.0,8.9933,0.3972
33954.0,9.0151,0.3989
33955.0,9.0152,0.3956
33956.0,9.0023,0.4018
33957.0,9.05,0.3973
33958.0,8.9958,0.4014
33959.0,8.981,0.398
33960.0,8.985,0.4031
33961.0,8.9959,0.4001
33962.0,9.0228,0.3968
33963.0,8.9972,0.4075
33964.0,9.0235,0.3987
33965.0,9.0065,0.3983
33966.0,9.0163,0.3985
33967.0,9.0058,0.4012
33968.0,9.0057,0.3956
33969.0,9.0113,0.4004
33970.0,8.9915,0.3949
33971.0,8.9917,0.3998
33972.0,9.0052,0.4034
33973.0,9.0291,0.3983
33974.0,8.9769,0.4027
33975.0,8.9696,0.395
33976.0,8.996,0.3981
33977.0,9.0155,0.3963
33978.0,9.0008,0.4057
33979.0,8.9825,0.3988
33980.0,9.0012,0.398
33981.0,8.974,0.3992
33982.0,9.0094,0.4
33983.0,8.9954,0.3989
33984.0,8.9988,0.3964
33985.0,9.0064,0.404
33986.0,9.0031,0.4033
33987.0,8.9919,0.401
33988.0,9.0155,0.4008
33989.0,9.012,0.4006
33990.0,8.9734,0.3986
33991.0,8.9965,0.3983
33992.0,8.9838,0.4048
33993.0,8.981,0.4019
33994.0,9.008,0.396
33995.0,8.9937,0.3986
33996.0,8.9979,0.4015
33997.0,8.99,0.4011
33998.0,9.0056,0.4016
33999.0,9.0102,0.3955
34000.0,9.0326,0.401
34001.0,8.9973,0.4033
34002.0,8.9783,0.3955
34003.0,8.9924,0.4052
34004.0,9.0127,0.401
34005.0,8.9884,0.4003
34006.0,8.9778,0.3971
34007.0,8.9887,0.3981
34008.0,8.992,0.3989
34009.0,8.9838,0.3957
34010.0,9.0033,0.3991
34011.0,8.9988,0.3973
34012.0,9.0118,0.402
34013.0,8.9933,0.3909
34014.0,9.0084,0.3993
34015.0,8.9926,0.3971
34016.0,8.9831,0.4
34017.0,8.9919,0.4071
34018.0,8.9757,0.405
34019.0,9.0268,0.3985
34020.0,9.0021,0.3994
34021.0,8.9881,0.3975
34022.0,8.9943,0.3995
34023.0,8.9632,0.4022
34024.0,9.0215,0.3961
34025.0,9.02,0.4047
34026.0,9.0016,0.4027
34027.0,9.0048,0.4026
34028.0,8.981,0.4011
34029.0,8.9821,0.3973
34030.0,8.9745,0.403
34031.0,8.9976,0.399
34032.0,9.0159,0.3949
34033.0,8.9943,0.4002
34034.0,9.0052,0.3965
34035.0,9.0147,0.3982
34036.0,8.9756,0.4021
34037.0,9.0277,0.3996
34038.0,9.0174,0.3999
34039.0,9.0077,0.4035
34040.0,9.0139,0.3932
34041.0,9.0146,0.4034
34042.0,9.0044,0.4004
34043.0,9.0214,0.3998
34044.0,8.9932,0.3999
34045.0,9.0069,0.4019
34046.0,9.0198,0.4031
34047.0,8.9596,0.3993
34048.0,9.0066,0.3996
34049.0,9.0109,0.4018
34050.0,8.9744,0.3937
34051.0,9.0042,0.3997
34052.0,8.9881,0.4015
34053.0,9.006,0.3985
34054.0,8.9986,0.3976
34055.0,8.9858,0.3995
34056.0,9.0166,0.3982
34057.0,8.9937,0.3993
34058.0,9.004,0.3986
34059.0,9.0197,0.4047
34060.0,8.9862,0.3966
34061.0,9.0001,0.4025
34062.0,8.9926,0.3982
34063.0,8.9959,0.401
34064.0,9.0323,0.4019
34065.0,9.0069,0.4046
34066.0,9.0047,0.4012
34067.0,9.0079,0.3988
34068.0,9.0065,0.4002
34069.0,8.9726,0.4058
34070.0,9.0345,0.4005
34071.0,8.978,0.3961
34072.0,9.026,0.3989
34073.0,9.0093,0.3988
34074.0,9.0027,0.4022
34075.0,8.9954,0.3963
34076.0,9.0391,0.3985
34077.0,9.0091,0.4006
34078.0,9.0003,0.3992
34079.0,8.992,0.4003
34080.0,8.9902,0.4004
34081.0,9.0008,0.4006
34082.0,8.986,0.3972
34083.0,9.0102,0.4024
34084.0,8.9903,0.3984
34085.0,9.0151,0.4
34086.0,9.0147,0.3964
34087.0,8.9992,0.4001
34088.0,9.0087,0.4006
34089.0,9.0095,0.4001
34090.0,8.9781,0.3977
34091.0,9.026,0.4034
34092.0,8.9962,0.4018
34093.0,9.0104,0.3996
34094.0,9.0109,0.3996
34095.0,8.9627,0.3978
34096.0,8.9901,0.3981
34097.0,9.0126,0.4044
34098.0,9.0009,0.3989
34099.0,9.0103,0.4083
34100.0,9.0014,0.3965
34101.0,9.0184,0.4011
34102.0,9.0017,0.4007
34103.0,9.0214,0.4001
34104.0,8.9853,0.3952
34105.0,8.9981,0.3959
34106.0,8.9911,0.4006
34107.0,9.0058,0.3969
34108.0,8.9958,0.4036
34109.0,8.9966,0.3993
34110.0,8.9894,0.4008
34111.0,8.9931,0.3999
34112.0,8.9998,0.3998
34113.0,8.9697,0.4046
34114.0,8.9655,0.4033
34115.0,9.0009,0.4005
34116.0,8.9585,0.402
34117.0,8.9971,0.4035
34118.0,8.9943,0.3982
34119.0,9.0081,0.3953
34120.0,8.9899,0.4017
34121.0,9.0235,0.4037
34122.0,9.0127,0.3949
34123.0,8.9773,0.3982
34124.0,8.9957,0.3993
34125.0,9.0229,0.3971
34126.0,8.9895,0.3996
34127.0,8.9992,0.3967
34128.0,9.0211,0.399
34129.0,8.9919,0.4021
34130.0,9.0168,0.3938
34131.0,8.9864,0.3968
34132.0,8.9567,0.4042
34133.0,9.0184,0.3975
34134.0,9.0066,0.3922
34135.0,9.0076,0.4005
34136.0,8.9836,0.3998
34137.0,8.9848,0.4004
34138.0,9.0173,0.4002
34139.0,9.0036,0.4038
34140.0,8.9982,0.3979
34141.0,9.0033,0.3997
34142.0,9.0226,0.3987
34143.0,9.0109,0.402
34144.0,8.9929,0.4023
34145.0,8.9789,0.4011
34146.0,9.0088,0.4065
34147.0,8.9861,0.4017
34148.0,8.9823,0.4038
34149.0,9.0197,0.3973
34150.0,9.0131,0.3979
34151.0,9.0058,0.4059
34152.0,8.9814,0.3959
34153.0,9.0268,0.4023
34154.0,9.0154,0.4039
34155.0,8.9954,0.4035
34156.0,8.9923,0.3952
34157.0,9.0012,0.3989
34158.0,8.9928,0.4019
34159.0,9.0332,0.4022
34160.0,8.9942,0.4
34161.0,8.984,0.3979
34162.0,9.0238,0.3992
34163.0,8.9915,0.3981
34164.0,9.0118,0.3963
34165.0,9.0101,0.3991
34166.0,8.9991,0.4055
34167.0,8.9854,0.3992
34168.0,8.9993,0.3955
34169.0,8.9825,0.3989
34170.0,8.9996,0.4052
34171.0,9.0116,0.3952
34172.0,9.0258,0.4
34173.0,8.9837,0.4022
34174.0,8.9962,0.3966
34175.0,8.9921,0.4006
34176.0,9.0041,0.3973
34177.0,8.9772,0.3963
34178.0,8.9861,0.4019
34179.0,8.9746,0.4055
34180.0,8.9784,0.3988
34181.0,8.9901,0.4017
34182.0,9.0251,0.4015
34183.0,9.0052,0.4005
34184.0,9.001,0.3979
34185.0,9.0202,0.397
34186.0,9.0058,0.3976
34187.0,9.0072,0.3995
34188.0,8.9929,0.3987
34189.0,8.9904,0.3966
34190.0,8.9803,0.3994
34191.0,8.991,0.3981
34192.0,8.9958,0.4017
34193.0,9.0052,0.3988
34194.0,8.9994,0.4025
34195.0,8.9945,0.4007
34196.0,8.9863,0.3985
34197.0,9.006,0.3995
34198.0,8.9925,0.3996
34199.0,9.0053,0.4005
34200.0,8.9713,0.4011
34201.0,9.005,0.3986
34202.0,9.0112,0.3993
34203.0,9.0093,0.4003
34204.0,8.997,0.3911
34205.0,9.0137,0.4017
34206.0,8.9809,0.3971
34207.0,8.9987,0.3991
34208.0,8.9971,0.398
34209.0,9.0155,0.4022
34210.0,8.9697,0.4031
34211.0,8.9841,0.3997
34212.0,9.0262,0.3997
34213.0,8.9635,0.3999
34214.0,9.0122,0.4
34215.0,8.9895,0.403
34216.0,9.0038,0.409
34217.0,9.0212,0.3995
34218.0,9.0044,0.4017
34219.0,9.0215,0.3975
34220.0,8.9926,0.3977
34221.0,8.9946,0.3969
34222.0,9.0118,0.404
34223.0,8.9934,0.4021
34224.0,9.009,0.3988
34225.0,9.0178,0.4006
34226.0,9.013,0.4023
34227.0,8.9763,0.4036
34228.0,8.9949,0.4012
34229.0,9.0042,0.4003
34230.0,8.9963,0.404
34231.0,9.0012,0.3967
34232.0,9.0044,0.3942
34233.0,8.9921,0.4038
34234.0,8.9971,0.3987
34235.0,8.9823,0.404
34236.0,8.9928,0.4058
34237.0,8.9771,0.4056
34238.0,9.0017,0.391
34239.0,8.9971,0.4024
34240.0,8.9863,0.3985
34241.0,9.0268,0.398
34242.0,8.9963,0.4011
34243.0,9.0043,0.3981
34244.0,8.9904,0.4022
34245.0,8.9938,0.404
34246.0,9.0049,0.3994
34247.0,8.995,0.4011
34248.0,9.0,0.3986
34249.0,9.0121,0.4014
34250.0,8.9922,0.4043
34251.0,8.98,0.4012
34252.0,8.9771,0.3996
34253.0,9.0216,0.4039
34254.0,9.014,0.3988
34255.0,9.0098,0.3989
34256.0,8.9935,0.398
34257.0,8.98,0.3953
34258.0,8.9958,0.3974
34259.0,8.9986,0.4002
34260.0,8.983,0.4007
34261.0,8.978,0.3971
34262.0,8.974,0.3985
34263.0,9.0099,0.3943
34264.0,8.9819,0.4066
34265.0,9.0046,0.4044
34266.0,8.994,0.3979
34267.0,9.0088,0.4004
34268.0,9.005,0.3974
34269.0,8.9965,0.4031
34270.0,9.002,0.4019
34271.0,8.9983,0.3961
34272.0,8.9908,0.3971
34273.0,9.0147,0.3998
34274.0,8.9937,0.4042
34275.0,8.9987,0.3989
34276.0,8.9788,0.4039
34277.0,9.0041,0.4009
34278.0,8.9908,0.3975
34279.0,8.9928,0.3987
34280.0,8.9874,0.4019
34281.0,8.9981,0.4025
34282.0,8.9699,0.4028
34283.0,9.0102,0.4006
34284.0,8.9994,0.4013
34285.0,8.993,0.4068
34286.0,8.9768,0.4072
34287.0,9.0065,0.4001
34288.0,8.9905,0.3947
34289.0,9.0196,0.4004
34290.0,9.0073,0.4003
34291.0,9.023,0.3962
34292.0,9.0021,0.4004
34293.0,9.0162,0.3969
34294.0,9.0069,0.4011
34295.0,8.9932,0.4018
34296.0,9.0028,0.4016
34297.0,8.9875,0.403
34298.0,9.031,0.4014
34299.0,8.9985,0.4024
34300.0,9.0004,0.4039
34301.0,9.0058,0.3987
34302.0,8.9837,0.3996
34303.0,9.0198,0.3989
34304.0,8.9846,0.3978
34305.0,8.9812,0.3991
34306.0,8.9975,0.4025
34307.0,8.9808,0.4022
34308.0,9.0234,0.3949
34309.0,8.9965,0.4051
34310.0,8.9517,0.4025
34311.0,9.003,0.4007
34312.0,9.0083,0.3959
34313.0,8.9937,0.3964
34314.0,8.9797,0.4045
34315.0,8.9985,0.403
34316.0,8.9928,0.4034
34317.0,8.9854,0.3996
34318.0,8.984,0.4039
34319.0,9.0023,0.3959
34320.0,9.0135,0.3963
34321.0,9.0069,0.403
34322.0,8.9741,0.3972
34323.0,9.0092,0.3999
34324.0,9.0116,0.3947
34325.0,9.0209,0.3915
34326.0,8.9858,0.3969
34327.0,8.9992,0.3989
34328.0,9.0085,0.3972
34329.0,8.9921,0.4019
34330.0,9.0083,0.403
34331.0,8.9996,0.4018
34332.0,8.9873,0.3965
34333.0,8.9886,0.4016
34334.0,9.0187,0.3963
34335.0,8.9851,0.4056
34336.0,8.9825,0.4001
34337.0,9.0052,0.3974
34338.0,8.9995,0.4002
34339.0,8.9803,0.4005
34340.0,8.9922,0.4021
34341.0,8.9877,0.3943
34342.0,8.9904,0.3979
34343.0,9.0379,0.4014
34344.0,8.9955,0.4023
34345.0,8.9868,0.4098
34346.0,9.0303,0.4041
34347.0,9.0133,0.3979
34348.0,9.0109,0.4053
34349.0,8.9875,0.4017
34350.0,9.0179,0.4041
34351.0,9.0122,0.4014
34352.0,9.0022,0.4043
34353.0,8.9743,0.4032
34354.0,8.9997,0.4017
34355.0,9.0259,0.3987
34356.0,9.0033,0.3987
34357.0,8.9944,0.3972
34358.0,8.9966,0.3998
34359.0,8.9976,0.4033
34360.0,8.988,0.4017
34361.0,8.9994,0.3977
34362.0,9.0216,0.4029
34363.0,9.0199,0.3965
34364.0,8.9887,0.401
34365.0,9.0191,0.4042
34366.0,9.0114,0.3965
34367.0,9.0095,0.4005
34368.0,9.0065,0.3979
34369.0,8.986,0.4049
34370.0,8.9939,0.4067
34371.0,9.0125,0.4017
34372.0,8.9819,0.4026
34373.0,8.9844,0.4041
34374.0,9.0046,0.4023
34375.0,8.9882,0.3975
34376.0,9.0124,0.3987
34377.0,8.9887,0.3986
34378.0,9.0037,0.3948
34379.0,9.0049,0.4029
34380.0,8.9928,0.3962
34381.0,8.9964,0.4025
34382.0,8.9898,0.3978
34383.0,8.9997,0.3993
34384.0,8.9856,0.4017
34385.0,8.9966,0.4046
34386.0,9.0112,0.4026
34387.0,8.9829,0.3996
34388.0,8.9927,0.3999
34389.0,9.0078,0.3965
34390.0,8.9688,0.4019
34391.0,9.0278,0.3998
34392.0,9.0157,0.3972
34393.0,8.9769,0.4023
34394.0,8.9684,0.4043
34395.0,9.0004,0.3995
34396.0,8.9832,0.3983
34397.0,9.0144,0.3983
34398.0,9.0059,0.4012
34399.0,9.0019,0.3964
34400.0,8.9914,0.4002
34401.0,9.024,0.3988
34402.0,9.0113,0.4015
34403.0,9.009,0.4017
34404.0,9.018,0.3966
34405.0,8.9847,0.402
34406.0,9.0193,0.4014
34407.0,8.996,0.3994
34408.0,9.005,0.3987
34409.0,8.9977,0.3987
34410.0,8.9718,0.3995
34411.0,9.0144,0.3972
34412.0,8.9726,0.3979
34413.0,8.9855,0.4006
34414.0,8.9932,0.3983
34415.0,8.9707,0.4026
34416.0,8.9835,0.3996
34417.0,9.0037,0.3986
34418.0,8.9948,0.401
34419.0,8.996,0.3988
34420.0,8.9863,0.3977
34421.0,9.0007,0.399
34422.0,8.9951,0.3939
34423.0,8.9754,0.3941
34424.0,8.997,0.3972
34425.0,8.9814,0.3964
34426.0,9.0135,0.402
34427.0,8.9941,0.4038
34428.0,9.0378,0.401
34429.0,9.0145,0.3943
34430.0,8.998,0.3958
34431.0,9.0087,0.4011
34432.0,8.9687,0.3995
34433.0,9.0144,0.3944
34434.0,8.9877,0.3974
34435.0,9.0013,0.3968
34436.0,8.9891,0.4044
34437.0,8.9907,0.4021
34438.0,8.9973,0.3991
34439.0,9.0012,0.4007
34440.0,8.9996,0.4004
34441.0,9.0,0.4002
34442.0,8.9756,0.4055
34443.0,9.035,0.4042
34444.0,9.0035,0.4046
34445.0,9.0066,0.401
34446.0,8.9949,0.399
34447.0,8.9869,0.3963
34448.0,9.0023,0.397
34449.0,9.0043,0.403
34450.0,9.0195,0.3962
34451.0,9.0312,0.3995
34452.0,9.0222,0.3958
34453.0,8.9735,0.3997
34454.0,8.9931,0.3968
34455.0,9.005,0.402
34456.0,8.994,0.3993
34457.0,8.9993,0.3976
34458.0,8.9678,0.3971
34459.0,9.0137,0.4004
34460.0,8.9719,0.4002
34461.0,8.9764,0.3983
34462.0,8.9848,0.399
34463.0,8.9985,0.3985
34464.0,8.9757,0.3935
34465.0,8.9841,0.3999
34466.0,9.0172,0.3953
34467.0,8.9983,0.3973
34468.0,9.0065,0.401
34469.0,8.9815,0.3993
34470.0,8.9992,0.4046
34471.0,8.998,0.3976
34472.0,8.9881,0.3988
34473.0,8.9992,0.4005
34474.0,8.9716,0.3999
34475.0,9.0066,0.4031
34476.0,8.994,0.4019
34477.0,8.9961,0.4042
34478.0,9.0128,0.3952
34479.0,9.0065,0.4024
34480.0,8.9952,0.3971
34481.0,8.9833,0.4013
34482.0,9.0199,0.3993
34483.0,8.9799,0.3979
34484.0,9.0094,0.4035
34485.0,8.976,0.395
34486.0,9.0138,0.4054
34487.0,9.0152,0.4019
34488.0,8.9713,0.4005
34489.0,9.0067,0.3996
34490.0,9.0055,0.3989
34491.0,9.0105,0.4014
34492.0,9.0055,0.3958
34493.0,8.9856,0.3908
34494.0,8.9967,0.4003
34495.0,9.025,0.3978
34496.0,8.9834,0.3973
34497.0,9.0048,0.3953
34498.0,9.0173,0.4036
34499.0,8.9851,0.4055
34500.0,8.9787,0.3998
34501.0,8.981,0.3995
34502.0,9.0059,0.4013
34503.0,8.9809,0.4011
34504.0,8.998,0.3984
34505.0,9.0206,0.4036
34506.0,8.9992,0.4034
34507.0,8.9883,0.4022
34508.0,9.0019,0.4053
34509.0,8.999,0.4023
34510.0,9.0068,0.398
34511.0,9.0243,0.4002
34512.0,9.006,0.4028
34513.0,9.0305,0.3968
34514.0,9.0068,0.3992
34515.0,8.9885,0.3953
34516.0,9.0343,0.406
34517.0,8.9981,0.4012
34518.0,8.9842,0.4018
34519.0,9.0349,0.3955
34520.0,8.989,0.4033
34521.0,8.9884,0.4009
34522.0,8.9917,0.3946
34523.0,9.0025,0.4014
34524.0,9.014,0.3971
34525.0,8.9603,0.4002
34526.0,9.0139,0.4023
34527.0,8.9917,0.4006
34528.0,8.9938,0.3945
34529.0,9.0257,0.4008
34530.0,9.0032,0.4026
34531.0,9.0067,0.3994
34532.0,8.9993,0.4015
34533.0,9.0115,0.4016
34534.0,9.0243,0.3939
34535.0,8.9629,0.4038
34536.0,9.0163,0.3983
34537.0,9.0232,0.3978
34538.0,9.0075,0.3979
34539.0,8.9898,0.4037
34540.0,8.9827,0.4044
34541.0,9.0354,0.4014
34542.0,8.9864,0.3986
34543.0,9.0228,0.4087
34544.0,9.0059,0.3999
34545.0,9.0307,0.398
34546.0,8.9952,0.4031
34547.0,8.9759,0.3996
34548.0,9.0,0.4063
34549.0,8.9777,0.3975
34550.0,9.0402,0.3995
34551.0,9.0094,0.4046
34552.0,9.0117,0.4015
34553.0,9.0117,0.3991
34554.0,8.9896,0.3972
34555.0,8.998,0.3966
34556.0,9.0017,0.3961
34557.0,9.0292,0.4029
34558.0,8.9826,0.4024
34559.0,8.9891,0.4016
34560.0,8.9946,0.3967
34561.0,8.9899,0.3991
34562.0,8.9781,0.401
34563.0,8.9594,0.4038
34564.0,8.9726,0.4011
34565.0,9.0165,0.4004
34566.0,8.9999,0.3972
34567.0,9.0125,0.4027
34568.0,8.9913,0.3992
34569.0,8.9985,0.3958
34570.0,9.0242,0.3973
34571.0,9.0233,0.4021
34572.0,9.0141,0.4021
34573.0,9.003,0.392
34574.0,9.0078,0.3997
34575.0,9.0056,0.3961
34576.0,8.9975,0.4012
34577.0,8.9939,0.4018
34578.0,9.0168,0.3968
34579.0,8.9806,0.4
34580.0,9.0223,0.4025
34581.0,8.9959,0.4031
34582.0,8.9803,0.3975
34583.0,8.9918,0.4032
34584.0,8.9869,0.4008
34585.0,8.9914,0.3985
34586.0,8.9911,0.3997
34587.0,8.9905,0.4024
34588.0,8.9954,0.4023
34589.0,8.999,0.4027
34590.0,9.0115,0.398
34591.0,8.9963,0.4007
34592.0,9.0049,0.3993
34593.0,9.0001,0.4006
34594.0,9.0081,0.3985
34595.0,9.0007,0.4048
34596.0,8.9903,0.3999
34597.0,8.9862,0.3996
34598.0,9.0032,0.4013
34599.0,9.0191,0.4033
34600.0,8.9966,0.4001
34601.0,8.9895,0.3991
34602.0,8.9962,0.4027
34603.0,8.9916,0.4052
34604.0,8.99,0.4043
34605.0,8.9783,0.397
34606.0,8.9963,0.4023
34607.0,9.0035,0.3998
34608.0,8.9838,0.4038
34609.0,8.9868,0.4055
34610.0,8.9858,0.3929
34611.0,8.9792,0.4
34612.0,8.9857,0.3986
34613.0,8.997,0.3979
34614.0,8.9799,0.3972
34615.0,8.9979,0.3987
34616.0,8.9894,0.3991
34617.0,8.9861,0.3989
34618.0,9.0057,0.3939
34619.0,8.9904,0.4004
34620.0,8.9929,0.4032
34621.0,9.0195,0.3983
34622.0,8.9862,0.3951
34623.0,9.0235,0.4003
34624.0,8.9948,0.4032
34625.0,8.983,0.4005
34626.0,8.9917,0.3978
34627.0,9.001,0.3969
34628.0,9.0188,0.4021
34629.0,9.012,0.3993
34630.0,9.001,0.3984
34631.0,9.0189,0.3982
34632.0,8.9718,0.4007
34633.0,9.0037,0.4004
34634.0,9.0046,0.4002
34635.0,9.0048,0.3971
34636.0,8.9758,0.3969
34637.0,8.9847,0.398
34638.0,8.9975,0.4009
34639.0,9.0167,0.4016
34640.0,9.0287,0.4044
34641.0,8.99,0.3975
34642.0,8.9804,0.4022
34643.0,9.0122,0.3948
34644.0,9.0392,0.4011
34645.0,9.0166,0.3955
34646.0,8.9888,0.3963
34647.0,9.0429,0.4023
34648.0,9.0103,0.4005
34649.0,8.9881,0.399
34650.0,9.029,0.3958
34651.0,8.987,0.4011
34652.0,8.9907,0.4003
34653.0,9.0109,0.4022
34654.0,8.9996,0.3948
34655.0,9.0006,0.4019
34656.0,9.0006,0.3984
34657.0,9.0167,0.4009
34658.0,8.9651,0.3998
34659.0,9.0043,0.3974
34660.0,8.9956,0.3988
34661.0,8.9887,0.3974
34662.0,8.9887,0.3984
34663.0,8.9604,0.3973
34664.0,8.988,0.4012
34665.0,9.0194,0.3974
34666.0,9.0125,0.4017
34667.0,8.9971,0.4098
34668.0,8.9788,0.3992
34669.0,9.0123,0.3953
34670.0,9.0196,0.4063
34671.0,9.0155,0.401
34672.0,8.9855,0.3996
34673.0,8.987,0.3989
34674.0,9.0248,0.3968
34675.0,8.9819,0.399
34676.0,9.0072,0.3977
34677.0,8.9733,0.3977
34678.0,8.9955,0.4018
34679.0,9.0088,0.4029
34680.0,8.9996,0.3993
34681.0,9.0079,0.4015
34682.0,8.9816,0.4063
34683.0,8.9877,0.3975
34684.0,9.0072,0.3951
34685.0,9.0105,0.4025
34686.0,9.0033,0.3978
34687.0,9.0142,0.3984
34688.0,8.9751,0.4004
34689.0,8.993,0.4037
34690.0,9.0273,0.4004
34691.0,9.0193,0.3936
34692.0,9.0095,0.4011
34693.0,8.9977,0.4007
34694.0,9.0155,0.3974
34695.0,9.0064,0.3949
34696.0,8.9772,0.3989
34697.0,9.0149,0.3931
34698.0,8.987,0.3946
34699.0,9.0114,0.3959
34700.0,8.9758,0.3962
34701.0,9.024,0.4026
34702.0,8.9959,0.3995
34703.0,8.9834,0.401
34704.0,8.9897,0.4006
34705.0,8.9949,0.3954
34706.0,8.9999,0.3983
34707.0,9.0198,0.3993
34708.0,9.0011,0.3996
34709.0,8.9674,0.4014
34710.0,8.9816,0.4028
34711.0,9.0414,0.4011
34712.0,9.002,0.4053
34713.0,9.0143,0.4013
34714.0,8.9954,0.3984
34715.0,8.9849,0.4039
34716.0,8.9928,0.3963
34717.0,9.0019,0.4016
34718.0,8.9931,0.3995
34719.0,9.0288,0.3974
34720.0,8.9908,0.4006
34721.0,8.9842,0.3991
34722.0,9.0121,0.3945
34723.0,9.014,0.4006
34724.0,9.0004,0.3969
34725.0,8.991,0.4004
34726.0,8.9715,0.3996
34727.0,9.0183,0.4013
34728.0,9.013,0.3932
34729.0,8.9934,0.397
34730.0,9.0009,0.4003
34731.0,8.9966,0.4086
34732.0,9.0244,0.4004
34733.0,8.9844,0.3987
34734.0,8.9907,0.4026
34735.0,8.9892,0.3982
34736.0,9.0047,0.4013
34737.0,9.0008,0.4002
34738.0,9.003,0.4032
34739.0,8.9868,0.402
34740.0,9.0223,0.3986
34741.0,8.9932,0.3955
34742.0,9.0178,0.3968
34743.0,9.0471,0.4009
34744.0,8.9869,0.3998
34745.0,9.0051,0.4001
34746.0,8.998,0.4008
34747.0,9.0305,0.3975
34748.0,8.9958,0.3997
34749.0,9.0037,0.4
34750.0,9.0034,0.3957
34751.0,8.9985,0.3982
34752.0,9.0113,0.4012
34753.0,9.0014,0.4021
34754.0,9.0072,0.3976
34755.0,9.0032,0.4015
34756.0,8.9909,0.3982
34757.0,8.996,0.3974
34758.0,9.0083,0.4057
34759.0,9.0083,0.3988
34760.0,9.0187,0.3956
34761.0,9.0279,0.3987
34762.0,8.9922,0.3992
34763.0,9.002,0.4027
34764.0,8.9971,0.3989
34765.0,8.9834,0.4011
34766.0,9.0085,0.4032
34767.0,9.0117,0.3982
34768.0,8.9838,0.4009
34769.0,8.9944,0.3998
34770.0,8.9929,0.4007
34771.0,8.9774,0.4003
34772.0,8.9995,0.4004
34773.0,8.9828,0.3991
34774.0,9.0024,0.4001
34775.0,9.004,0.3992
34776.0,9.0059,0.407
34777.0,9.0066,0.4018
34778.0,9.023,0.4
34779.0,8.9879,0.399
34780.0,8.9886,0.4029
34781.0,9.0098,0.3976
34782.0,8.998,0.3961
34783.0,9.0169,0.3959
34784.0,9.0084,0.4039
34785.0,9.0288,0.4037
34786.0,8.9986,0.4005
34787.0,8.9778,0.3983
34788.0,9.0051,0.3984
34789.0,8.9989,0.4061
34790.0,9.008,0.3997
34791.0,9.0099,0.401
34792.0,8.992,0.3987
34793.0,8.9849,0.4003
34794.0,8.9978,0.4011
34795.0,8.9643,0.4054
34796.0,9.0012,0.3997
34797.0,8.9939,0.4016
34798.0,9.0129,0.3989
34799.0,8.9702,0.4006
34800.0,9.0001,0.401
34801.0,9.0236,0.3994
34802.0,9.0101,0.4007
34803.0,9.0147,0.3979
34804.0,9.0051,0.4015
34805.0,8.9751,0.4002
34806.0,9.0025,0.3983
34807.0,9.0061,0.3996
34808.0,8.9838,0.4039
34809.0,8.9981,0.3997
34810.0,8.9565,0.4013
34811.0,8.995,0.4013
34812.0,8.9935,0.4017
34813.0,9.021,0.3967
34814.0,8.991,0.3969
34815.0,8.996,0.3978
34816.0,8.9988,0.4018
34817.0,8.9911,0.4008
34818.0,9.0108,0.4006
34819.0,8.9701,0.3996
34820.0,9.017,0.396
34821.0,8.9998,0.3982
34822.0,9.0195,0.4006
34823.0,8.9588,0.3995
34824.0,8.9635,0.4005
34825.0,8.9956,0.3953
34826.0,9.0076,0.4
34827.0,8.9917,0.3937
34828.0,9.0088,0.3961
34829.0,9.0147,0.3971
34830.0,9.01,0.3945
34831.0,9.0015,0.3976
34832.0,9.0014,0.4008
34833.0,8.9908,0.4035
34834.0,8.9992,0.3984
34835.0,8.9846,0.398
34836.0,8.9882,0.3996
34837.0,9.0077,0.3992
34838.0,8.9931,0.397
34839.0,8.9889,0.4016
34840.0,9.0067,0.3991
34841.0,9.0057,0.398
34842.0,8.9968,0.3983
34843.0,8.9978,0.4071
34844.0,9.0062,0.4023
34845.0,9.0145,0.399
34846.0,9.003,0.3927
34847.0,8.9821,0.3949
34848.0,8.9967,0.4003
34849.0,8.9939,0.3991
34850.0,8.9842,0.3965
34851.0,9.0075,0.3996
34852.0,9.0086,0.3978
34853.0,9.0109,0.3981
34854.0,8.9851,0.3995
34855.0,9.0024,0.397
34856.0,8.9999,0.3958
34857.0,9.0046,0.3959
34858.0,9.0019,0.3988
34859.0,8.9998,0.3953
34860.0,8.998,0.4066
34861.0,9.0166,0.4028
34862.0,8.9871,0.4022
34863.0,8.9974,0.3973
34864.0,9.0162,0.3975
34865.0,8.9878,0.3958
34866.0,8.9886,0.4055
34867.0,9.011,0.404
34868.0,8.9786,0.402
34869.0,9.0099,0.3996
34870.0,8.9927,0.3988
34871.0,9.0062,0.4015
34872.0,8.9817,0.4048
34873.0,9.0178,0.4019
34874.0,8.9817,0.3967
34875.0,9.0109,0.3977
34876.0,8.9824,0.4014
34877.0,9.0271,0.3974
34878.0,8.9989,0.3986
34879.0,9.0293,0.4045
34880.0,8.9877,0.3991
34881.0,8.9934,0.3953
34882.0,9.0182,0.4087
34883.0,8.9786,0.4033
34884.0,8.9895,0.3998
34885.0,9.0074,0.4
34886.0,8.9847,0.3936
34887.0,9.0078,0.3988
34888.0,9.0026,0.3978
34889.0,8.9773,0.4003
34890.0,9.0145,0.4049
34891.0,8.9811,0.4013
34892.0,9.0116,0.4061
34893.0,9.0019,0.3958
34894.0,8.9932,0.3954
34895.0,8.9834,0.4037
34896.0,9.0049,0.4003
34897.0,8.9869,0.4014
34898.0,9.0181,0.3999
34899.0,9.0187,0.4006
34900.0,9.0246,0.4021
34901.0,9.0042,0.4008
34902.0,8.9939,0.3983
34903.0,8.9955,0.407
34904.0,8.9944,0.4003
34905.0,9.0037,0.3994
34906.0,9.0065,0.399
34907.0,9.0185,0.401
34908.0,9.0003,0.3993
34909.0,8.979,0.3939
34910.0,8.9939,0.3992
34911.0,9.0233,0.3968
34912.0,8.9767,0.4008
34913.0,9.0111,0.3999
34914.0,8.9941,0.398
34915.0,8.9867,0.4028
34916.0,9.0059,0.3998
34917.0,9.0234,0.3989
34918.0,9.0051,0.3989
34919.0,8.9961,0.3988
34920.0,8.9806,0.4015
34921.0,8.9985,0.3977
34922.0,8.98,0.4002
34923.0,8.9954,0.3985
34924.0,8.9991,0.3981
34925.0,8.9646,0.4014
34926.0,9.0208,0.3972
34927.0,8.9814,0.4016
34928.0,8.9972,0.4009
34929.0,9.008,0.404
34930.0,9.0196,0.3947
34931.0,8.9881,0.4031
34932.0,8.9624,0.3991
34933.0,9.0162,0.3946
34934.0,8.9813,0.398
34935.0,9.0054,0.4015
34936.0,9.0063,0.3997
34937.0,8.9512,0.404
34938.0,8.9758,0.399
34939.0,8.9931,0.3999
34940.0,8.9612,0.3994
34941.0,8.9799,0.3969
34942.0,9.0018,0.3999
34943.0,8.9987,0.3993
34944.0,9.0045,0.4003
34945.0,9.0067,0.4002
34946.0,8.9748,0.4
34947.0,8.9807,0.4003
34948.0,9.0114,0.4033
34949.0,9.0229,0.3971
34950.0,8.9855,0.3978
34951.0,9.0039,0.4043
34952.0,9.0121,0.4038
34953.0,9.0036,0.4008
34954.0,8.9963,0.4061
34955.0,8.9904,0.4015
34956.0,9.0298,0.4056
34957.0,9.0014,0.4044
34958.0,9.0058,0.4049
34959.0,9.0049,0.3966
34960.0,8.9878,0.402
34961.0,9.0008,0.3998
34962.0,8.9952,0.396
34963.0,8.9949,0.404
34964.0,9.0048,0.4036
34965.0,8.9863,0.3996
34966.0,8.9819,0.3981
34967.0,9.0075,0.4002
34968.0,8.992,0.3946
34969.0,8.9948,0.396
34970.0,8.9711,0.3991
34971.0,9.0144,0.4018
34972.0,9.0079,0.3994
34973.0,9.0106,0.3983
34974.0,9.0058,0.3975
34975.0,8.9773,0.4073
34976.0,9.0034,0.3968
34977.0,8.9909,0.3945
34978.0,8.9856,0.3983
34979.0,9.0075,0.4016
34980.0,9.0249,0.4003
34981.0,9.0224,0.3977
34982.0,9.0093,0.4006
34983.0,8.9995,0.4033
34984.0,8.9968,0.4006
34985.0,8.9864,0.4005
34986.0,8.996,0.4005
34987.0,9.0136,0.3978
34988.0,9.0273,0.4013
34989.0,8.9878,0.4031
34990.0,8.9701,0.4041
34991.0,8.992,0.4013
34992.0,9.0136,0.4
34993.0,9.0311,0.4056
34994.0,9.0197,0.4004
34995.0,9.0193,0.3985
34996.0,8.9873,0.3979
34997.0,8.9877,0.3976
34998.0,8.9801,0.3985
34999.0,8.99,0.4058
35000.0,9.0137,0.3977
35001.0,9.0244,0.4046
35002.0,9.0052,0.3994
35003.0,8.9962,0.4031
35004.0,8.984,0.3968
35005.0,8.9983,0.3999
35006.0,9.003,0.3952
35007.0,8.9781,0.4001
35008.0,9.0138,0.4024
35009.0,8.9936,0.4029
35010.0,9.0129,0.4
35011.0,8.9998,0.3989
35012.0,9.0045,0.4003
35013.0,8.9895,0.3983
35014.0,8.9948,0.3983
35015.0,9.0096,0.3988
35016.0,8.998,0.4007
35017.0,8.9834,0.4043
35018.0,9.0017,0.4039
35019.0,9.0058,0.399
35020.0,9.0206,0.3976
35021.0,9.0173,0.3978
35022.0,8.999,0.3956
35023.0,8.9918,0.4022
35024.0,8.9966,0.3958
35025.0,8.9921,0.3932
35026.0,9.0076,0.4022
35027.0,9.0156,0.4021
35028.0,9.0186,0.3968
35029.0,8.9938,0.4009
35030.0,8.9923,0.396
35031.0,8.9937,0.3997
35032.0,8.971,0.4011
35033.0,8.982,0.4021
35034.0,8.9995,0.4012
35035.0,9.0057,0.3943
35036.0,9.0074,0.4009
35037.0,8.9883,0.4065
35038.0,8.9926,0.4012
35039.0,8.996,0.3958
35040.0,8.9943,0.3979
35041.0,9.0103,0.3985
35042.0,8.9804,0.393
35043.0,8.9828,0.4003
35044.0,8.9955,0.3989
35045.0,8.9795,0.3991
35046.0,8.9715,0.3996
35047.0,8.9776,0.3978
35048.0,8.9964,0.4026
35049.0,9.0095,0.4006
35050.0,9.0098,0.3984
35051.0,9.0238,0.4013
35052.0,9.0015,0.4011
35053.0,9.0035,0.3971
35054.0,8.9962,0.3995
35055.0,8.997,0.3995
35056.0,9.0312,0.3982
35057.0,9.0039,0.3959
35058.0,9.0052,0.3982
35059.0,8.9828,0.4038
35060.0,9.0062,0.3981
35061.0,9.0099,0.4027
35062.0,9.0167,0.3999
35063.0,9.0095,0.4005
35064.0,8.9981,0.3963
35065.0,8.9975,0.4035
35066.0,8.9989,0.4062
35067.0,9.0016,0.3979
35068.0,9.019,0.4039
35069.0,9.0161,0.3962
35070.0,9.0113,0.3998
35071.0,9.0304,0.3965
35072.0,8.9602,0.4011
35073.0,8.9931,0.3994
35074.0,8.9998,0.3998
35075.0,8.9899,0.4039
35076.0,8.9861,0.4037
35077.0,8.9742,0.3995
35078.0,8.9953,0.4033
35079.0,9.0134,0.4035
35080.0,9.0116,0.4033
35081.0,8.9887,0.4004
35082.0,9.0033,0.401
35083.0,9.0204,0.3991
35084.0,8.9772,0.407
35085.0,8.9976,0.4012
35086.0,9.0043,0.3998
35087.0,9.0002,0.4015
35088.0,9.0128,0.4008
35089.0,8.9775,0.4062
35090.0,8.9849,0.3999
35091.0,9.0102,0.4023
35092.0,8.9745,0.3996
35093.0,9.0122,0.3949
35094.0,9.0067,0.4
35095.0,9.0111,0.4026
35096.0,8.993,0.4004
35097.0,9.0076,0.3965
35098.0,8.9824,0.4048
35099.0,8.9938,0.3964
35100.0,9.0005,0.3977
35101.0,8.9865,0.3966
35102.0,9.0033,0.3969
35103.0,8.9828,0.4001
35104.0,9.004,0.4018
35105.0,9.0261,0.3982
35106.0,8.9812,0.4017
35107.0,8.9997,0.4023
35108.0,8.9757,0.399
35109.0,8.9875,0.3955
35110.0,9.0105,0.4045
35111.0,8.9935,0.398
35112.0,9.0111,0.3934
35113.0,9.0053,0.3988
35114.0,8.999,0.4018
35115.0,8.9846,0.4022
35116.0,9.0103,0.3966
35117.0,9.0046,0.3945
35118.0,8.9771,0.4009
35119.0,8.9855,0.4016
35120.0,8.9585,0.4034
35121.0,8.9795,0.403
35122.0,8.9953,0.4004
35123.0,8.9842,0.3972
35124.0,8.9875,0.3986
35125.0,9.0209,0.3993
35126.0,9.0154,0.3973
35127.0,8.9896,0.4032
35128.0,9.0119,0.4031
35129.0,9.0182,0.3958
35130.0,9.0093,0.399
35131.0,9.0045,0.4062
35132.0,9.0165,0.4035
35133.0,9.0115,0.4006
35134.0,8.9818,0.4033
35135.0,8.9972,0.4049
35136.0,8.9917,0.4003
35137.0,9.0173,0.3959
35138.0,8.9913,0.4026
35139.0,8.9887,0.4027
35140.0,9.0154,0.397
35141.0,9.0039,0.4008
35142.0,9.0317,0.3976
35143.0,8.9871,0.3951
35144.0,8.9922,0.4007
35145.0,9.0168,0.4044
35146.0,8.9808,0.401
35147.0,9.0198,0.4005
35148.0,8.9819,0.396
35149.0,9.0092,0.4019
35150.0,8.9724,0.3983
35151.0,9.0007,0.3977
35152.0,8.9795,0.4026
35153.0,9.0289,0.3964
35154.0,8.9839,0.3994
35155.0,8.9876,0.3966
35156.0,9.008,0.3991
35157.0,8.991,0.3934
35158.0,9.0105,0.4016
35159.0,8.9893,0.4012
35160.0,8.9882,0.4065
35161.0,8.9996,0.4007
35162.0,8.9817,0.3973
35163.0,9.0059,0.403
35164.0,9.0132,0.4029
35165.0,9.0083,0.4039
35166.0,9.0096,0.3941
35167.0,8.9711,0.3979
35168.0,8.9931,0.3973
35169.0,8.9966,0.4046
35170.0,9.0218,0.4024
35171.0,8.9913,0.4034
35172.0,8.9655,0.3967
35173.0,8.9849,0.4004
35174.0,8.9901,0.3951
35175.0,8.9677,0.3967
35176.0,9.0145,0.4004
35177.0,8.9765,0.4007
35178.0,9.0067,0.4012
35179.0,8.9836,0.398
35180.0,9.0226,0.4013
35181.0,8.9959,0.4
35182.0,8.9928,0.4047
35183.0,9.0079,0.3987
35184.0,8.9849,0.3945
35185.0,9.0086,0.4019
35186.0,8.9928,0.401
35187.0,8.9911,0.3973
35188.0,8.9987,0.399
35189.0,8.9837,0.4006
35190.0,8.9971,0.3989
35191.0,9.0051,0.3967
35192.0,8.9654,0.3994
35193.0,9.0164,0.4027
35194.0,9.0122,0.3989
35195.0,8.9722,0.4006
35196.0,8.9698,0.3995
35197.0,9.0126,0.3963
35198.0,9.0115,0.3997
35199.0,9.0093,0.3987
35200.0,8.9786,0.4023
35201.0,9.0274,0.4037
35202.0,8.9887,0.4026
35203.0,9.0036,0.3978
35204.0,9.0038,0.3965
35205.0,9.0239,0.3955
35206.0,9.0019,0.4005
35207.0,9.0062,0.3979
35208.0,8.9988,0.3967
35209.0,8.9821,0.4059
35210.0,8.9652,0.4015
35211.0,9.0005,0.401
35212.0,8.9788,0.4009
35213.0,9.0053,0.4049
35214.0,9.0022,0.3995
35215.0,9.0019,0.4019
35216.0,8.9842,0.4027
35217.0,9.0155,0.4056
35218.0,9.0071,0.4
35219.0,8.9823,0.4037
35220.0,9.031,0.3945
35221.0,8.9968,0.4064
35222.0,8.98,0.4013
35223.0,8.9886,0.4023
35224.0,8.9774,0.3961
35225.0,9.0204,0.396
35226.0,9.0162,0.3981
35227.0,9.0111,0.4001
35228.0,9.0083,0.3992
35229.0,9.0187,0.3988
35230.0,8.9964,0.3994
35231.0,9.0063,0.393
35232.0,8.9878,0.4013
35233.0,8.9977,0.3995
35234.0,9.0068,0.4029
35235.0,8.9538,0.3986
35236.0,8.9907,0.3989
35237.0,9.0025,0.4005
35238.0,8.9988,0.4021
35239.0,8.9932,0.4035
35240.0,9.0088,0.3999
35241.0,8.9894,0.4013
35242.0,8.9817,0.4001
35243.0,9.0178,0.3991
35244.0,9.0156,0.3942
35245.0,8.991,0.4006
35246.0,8.999,0.3973
35247.0,9.0127,0.4026
35248.0,9.0007,0.3974
35249.0,9.008,0.3983
35250.0,9.0071,0.3975
35251.0,8.9952,0.4016
35252.0,9.0077,0.3991
35253.0,8.9855,0.4017
35254.0,9.0059,0.392
35255.0,8.9989,0.406
35256.0,8.9946,0.397
35257.0,8.9813,0.4023
35258.0,9.002,0.4015
35259.0,9.0006,0.4021
35260.0,8.9874,0.3975
35261.0,8.976,0.399
35262.0,8.9753,0.4012
35263.0,8.9962,0.4
35264.0,9.0046,0.3973
35265.0,9.0277,0.4017
35266.0,8.9993,0.4069
35267.0,8.9756,0.3987
35268.0,8.9969,0.4015
35269.0,9.0188,0.4007
35270.0,8.9898,0.3989
35271.0,9.0168,0.4024
35272.0,9.0026,0.4024
35273.0,9.0097,0.3984
35274.0,9.0279,0.4043
35275.0,8.9724,0.4
35276.0,9.0134,0.4032
35277.0,8.9986,0.401
35278.0,8.9858,0.4001
35279.0,8.9985,0.4
35280.0,9.0254,0.402
35281.0,9.02,0.3967
35282.0,8.97,0.4011
35283.0,8.9885,0.4039
35284.0,9.0141,0.4015
35285.0,8.9997,0.3948
35286.0,8.9997,0.3959
35287.0,8.9765,0.4001
35288.0,8.9888,0.3976
35289.0,8.9796,0.4027
35290.0,8.9752,0.3986
35291.0,8.9811,0.4017
35292.0,8.9861,0.4058
35293.0,8.9886,0.4001
35294.0,8.9874,0.397
35295.0,9.0153,0.4012
35296.0,8.9864,0.4008
35297.0,9.0214,0.4008
35298.0,8.9927,0.4041
35299.0,9.0066,0.3964
35300.0,9.0071,0.403
35301.0,8.9865,0.3982
35302.0,8.9951,0.4041
35303.0,8.9925,0.3936
35304.0,9.0056,0.4067
35305.0,8.9981,0.3992
35306.0,8.9888,0.3964
35307.0,9.0018,0.4027
35308.0,9.0051,0.4015
35309.0,9.0278,0.4014
35310.0,9.001,0.4028
35311.0,9.0002,0.4001
35312.0,9.0064,0.3991
35313.0,8.9858,0.3965
35314.0,8.9741,0.3997
35315.0,8.9953,0.3985
35316.0,9.0161,0.4
35317.0,9.0185,0.4003
35318.0,8.9718,0.4052
35319.0,9.01,0.3978
35320.0,8.9672,0.3996
35321.0,9.0069,0.3987
35322.0,9.006,0.3958
35323.0,8.9741,0.4087
35324.0,9.015,0.3972
35325.0,9.0262,0.4011
35326.0,8.9991,0.4051
35327.0,9.0021,0.3963
35328.0,9.0222,0.4026
35329.0,8.9831,0.3954
35330.0,8.9835,0.3976
35331.0,8.9874,0.4017
35332.0,9.0006,0.3992
35333.0,9.0005,0.4044
35334.0,8.9917,0.4004
35335.0,8.9955,0.4016
35336.0,8.9919,0.3979
35337.0,8.9926,0.3969
35338.0,8.9885,0.3965
35339.0,8.9886,0.3972
35340.0,8.97,0.3979
35341.0,8.9966,0.4035
35342.0,8.9707,0.4012
35343.0,9.0113,0.3962
35344.0,8.9916,0.3988
35345.0,8.9982,0.3999
35346.0,8.9944,0.4088
35347.0,8.9963,0.4
35348.0,9.019,0.4014
35349.0,8.9797,0.397
35350.0,8.9757,0.4022
35351.0,9.0018,0.4041
35352.0,8.9926,0.3995
35353.0,9.0054,0.4018
35354.0,9.0107,0.4017
35355.0,8.9834,0.4002
35356.0,9.0091,0.4039
35357.0,8.9847,0.3976
35358.0,9.0011,0.3974
35359.0,8.9814,0.4
35360.0,9.002,0.3989
35361.0,8.9997,0.3913
35362.0,8.9835,0.3978
35363.0,8.9796,0.3936
35364.0,9.0113,0.399
35365.0,8.9932,0.4021
35366.0,9.0152,0.4002
35367.0,8.9918,0.4004
35368.0,9.0195,0.3995
35369.0,8.9858,0.4006
35370.0,9.0221,0.4085
35371.0,9.0026,0.3989
35372.0,9.006,0.4
35373.0,8.9849,0.3974
35374.0,9.0109,0.3943
35375.0,9.0115,0.4008
35376.0,8.9951,0.4034
35377.0,8.968,0.407
35378.0,8.9833,0.3994
35379.0,8.9833,0.3992
35380.0,9.0067,0.4028
35381.0,8.993,0.4051
35382.0,8.9933,0.3963
35383.0,8.9915,0.402
35384.0,9.022,0.4055
35385.0,9.0007,0.3993
35386.0,9.003,0.3965
35387.0,8.9907,0.4024
35388.0,8.9996,0.396
35389.0,8.9854,0.4036
35390.0,9.0052,0.406
35391.0,8.9828,0.3985
35392.0,9.0112,0.405
35393.0,8.989,0.4019
35394.0,9.0142,0.4042
35395.0,9.0286,0.3981
35396.0,9.0,0.4019
35397.0,9.0197,0.4007
35398.0,9.0113,0.3976
35399.0,8.9785,0.3989
35400.0,9.0017,0.4017
35401.0,9.0075,0.3966
35402.0,9.009,0.3964
35403.0,9.0027,0.3962
35404.0,9.0025,0.3977
35405.0,9.0001,0.4009
35406.0,9.002,0.3985
35407.0,8.9816,0.4038
35408.0,8.9965,0.3957
35409.0,8.9782,0.4015
35410.0,8.9925,0.3989
35411.0,8.9911,0.3997
35412.0,8.9902,0.4021
35413.0,8.9842,0.3921
35414.0,9.004,0.3936
35415.0,8.9952,0.3998
35416.0,8.9937,0.3993
35417.0,8.9789,0.3957
35418.0,8.9955,0.406
35419.0,9.0172,0.3965
35420.0,9.0174,0.3984
35421.0,9.0056,0.4034
35422.0,8.9956,0.398
35423.0,9.0084,0.3974
35424.0,8.99,0.4012
35425.0,8.9955,0.3978
35426.0,8.9889,0.4012
35427.0,9.0136,0.4015
35428.0,9.0117,0.4011
35429.0,8.9995,0.4035
35430.0,9.026,0.3988
35431.0,9.0062,0.3985
35432.0,9.0053,0.3997
35433.0,9.0037,0.3915
35434.0,8.9811,0.4006
35435.0,8.9866,0.399
35436.0,8.9992,0.4011
35437.0,8.9993,0.3973
35438.0,9.0088,0.404
35439.0,8.99,0.3994
35440.0,9.0011,0.4025
35441.0,9.0013,0.3985
35442.0,9.0019,0.4014
35443.0,9.0002,0.3953
35444.0,8.9789,0.3934
35445.0,8.9661,0.3994
35446.0,8.9859,0.3999
35447.0,8.992,0.3997
35448.0,8.9823,0.3991
35449.0,8.9992,0.3988
35450.0,9.0164,0.402
35451.0,9.0109,0.4054
35452.0,9.007,0.4078
35453.0,9.0148,0.4033
35454.0,8.9861,0.3931
35455.0,8.9931,0.4032
35456.0,9.0092,0.4031
35457.0,8.9929,0.3997
35458.0,8.9937,0.4028
35459.0,9.0279,0.4011
35460.0,9.0014,0.4
35461.0,9.0265,0.4008
35462.0,8.9727,0.3983
35463.0,8.9905,0.3945
35464.0,9.0061,0.3944
35465.0,9.0014,0.4028
35466.0,8.9692,0.3969
35467.0,8.9966,0.3954
35468.0,9.0371,0.3954
35469.0,9.0037,0.3986
35470.0,9.0091,0.4045
35471.0,8.9903,0.3996
35472.0,9.0036,0.3957
35473.0,8.9998,0.4044
35474.0,9.0168,0.401
35475.0,9.0163,0.399
35476.0,9.0061,0.4015
35477.0,9.0011,0.4
35478.0,8.9748,0.3978
35479.0,8.9743,0.3984
35480.0,9.0012,0.3963
35481.0,9.0131,0.3986
35482.0,9.02,0.4028
35483.0,8.9867,0.4027
35484.0,8.9774,0.3995
35485.0,9.014,0.3995
35486.0,8.9878,0.3969
35487.0,8.9763,0.4012
35488.0,8.9926,0.3959
35489.0,8.9923,0.4025
35490.0,9.0198,0.4013
35491.0,9.013,0.3992
35492.0,8.9889,0.4013
35493.0,9.021,0.399
35494.0,9.0019,0.4006
35495.0,9.0159,0.4006
35496.0,9.0199,0.4035
35497.0,8.9961,0.4015
35498.0,9.0086,0.4031
35499.0,8.9939,0.4012
35500.0,9.014,0.3998
35501.0,9.0014,0.4015
35502.0,9.0144,0.401
35503.0,9.0229,0.3989
35504.0,9.0082,0.3958
35505.0,8.9986,0.3984
35506.0,8.9988,0.3984
35507.0,8.9556,0.4017
35508.0,8.9893,0.3998
35509.0,9.014,0.3976
35510.0,9.0145,0.3995
35511.0,8.989,0.399
35512.0,9.0025,0.3972
35513.0,8.9972,0.4044
35514.0,9.0103,0.3994
35515.0,9.0331,0.3976
35516.0,9.0106,0.395
35517.0,8.9899,0.4003
35518.0,8.9988,0.4016
35519.0,9.021,0.398
35520.0,8.9789,0.4004
35521.0,8.9908,0.3967
35522.0,9.0106,0.3993
35523.0,9.0194,0.4033
35524.0,9.0091,0.3993
35525.0,8.9909,0.3981
35526.0,9.008,0.404
35527.0,9.0062,0.4006
35528.0,9.0053,0.3985
35529.0,8.9985,0.3974
35530.0,9.0008,0.3966
35531.0,8.9864,0.4013
35532.0,9.0372,0.4023
35533.0,9.0024,0.4
35534.0,9.0082,0.3994
35535.0,8.9967,0.4018
35536.0,9.0127,0.3957
35537.0,8.9805,0.4002
35538.0,8.9738,0.4001
35539.0,8.9995,0.4012
35540.0,9.0308,0.4014
35541.0,9.0181,0.3988
35542.0,8.9879,0.4056
35543.0,9.0077,0.3967
35544.0,8.9905,0.3986
35545.0,9.0064,0.4026
35546.0,9.0076,0.3981
35547.0,9.0139,0.4003
35548.0,8.9765,0.3984
35549.0,8.981,0.3988
35550.0,8.9989,0.3961
35551.0,8.9845,0.4023
35552.0,8.9834,0.4023
35553.0,9.0041,0.4023
35554.0,8.9863,0.3987
35555.0,9.0339,0.401
35556.0,8.992,0.406
35557.0,8.9959,0.4009
35558.0,9.0045,0.3965
35559.0,8.9774,0.3974
35560.0,9.0076,0.3973
35561.0,9.0051,0.404
35562.0,8.9948,0.4012
35563.0,9.0041,0.3953
35564.0,9.0064,0.4039
35565.0,9.0215,0.4017
35566.0,9.0375,0.4005
35567.0,8.9841,0.4046
35568.0,8.9805,0.3993
35569.0,9.0015,0.4041
35570.0,8.9688,0.3934
35571.0,9.0097,0.3978
35572.0,9.0017,0.4024
35573.0,9.0055,0.405
35574.0,8.9954,0.3963
35575.0,9.0038,0.3987
35576.0,9.0071,0.4005
35577.0,9.003,0.3972
35578.0,8.9798,0.3992
35579.0,9.0026,0.4047
35580.0,9.0278,0.3969
35581.0,9.0036,0.3993
35582.0,9.0021,0.4008
35583.0,9.0234,0.4014
35584.0,8.9888,0.3974
35585.0,9.0133,0.3995
35586.0,8.992,0.3991
35587.0,9.0163,0.4009
35588.0,9.012,0.3965
35589.0,8.9938,0.4038
35590.0,8.996,0.4008
35591.0,9.0147,0.4032
35592.0,8.9722,0.3983
35593.0,8.9934,0.3963
35594.0,9.0093,0.3971
35595.0,8.9954,0.4021
35596.0,9.002,0.3987
35597.0,8.9694,0.3951
35598.0,8.9872,0.4005
35599.0,9.0102,0.399
35600.0,8.9887,0.3991
35601.0,8.9805,0.3949
35602.0,9.0159,0.3955
35603.0,9.0077,0.3984
35604.0,8.9837,0.3972
35605.0,9.0021,0.3983
35606.0,8.9842,0.4025
35607.0,8.9977,0.3968
35608.0,9.0026,0.3973
35609.0,8.9879,0.3984
35610.0,9.0111,0.3971
35611.0,9.0135,0.3994
35612.0,9.004,0.4031
35613.0,9.0062,0.3991
35614.0,8.9782,0.4008
35615.0,9.0204,0.393
35616.0,8.9986,0.4002
35617.0,8.986,0.4044
35618.0,9.0022,0.4003
35619.0,9.0112,0.4004
35620.0,9.0077,0.4009
35621.0,8.9837,0.4047
35622.0,9.0114,0.4041
35623.0,8.9991,0.3969
35624.0,9.0075,0.4036
35625.0,8.988,0.4041
35626.0,9.0157,0.3949
35627.0,9.0027,0.4001
35628.0,9.0178,0.4016
35629.0,8.977,0.3916
35630.0,8.979,0.398
35631.0,8.9964,0.3979
35632.0,9.022,0.3981
35633.0,9.0294,0.4031
35634.0,8.9867,0.3998
35635.0,9.0008,0.4013
35636.0,9.0023,0.4003
35637.0,9.0108,0.4074
35638.0,9.0133,0.403
35639.0,8.9833,0.3999
35640.0,9.001,0.3992
35641.0,8.9699,0.3979
35642.0,9.0122,0.3971
35643.0,8.9949,0.3964
35644.0,8.9819,0.4029
35645.0,9.005,0.3973
35646.0,8.9945,0.4019
35647.0,9.0189,0.3985
35648.0,8.9866,0.3977
35649.0,9.0333,0.399
35650.0,9.0128,0.4054
35651.0,9.0193,0.4091
35652.0,8.9846,0.3989
35653.0,9.0268,0.3986
35654.0,8.9818,0.4029
35655.0,8.9969,0.4005
35656.0,9.0196,0.398
35657.0,9.0076,0.4015
35658.0,8.9814,0.4023
35659.0,9.017,0.3993
35660.0,9.0051,0.3994
35661.0,8.9938,0.4051
35662.0,8.9769,0.3975
35663.0,9.0065,0.3984
35664.0,8.9975,0.3986
35665.0,9.0023,0.4051
35666.0,8.9762,0.3941
35667.0,8.9937,0.4025
35668.0,9.0072,0.3999
35669.0,9.0281,0.4054
35670.0,8.9969,0.4011
35671.0,9.0216,0.3935
35672.0,9.0118,0.4048
35673.0,9.0035,0.3993
35674.0,8.9848,0.3939
35675.0,8.9854,0.3988
35676.0,9.0093,0.4001
35677.0,8.9921,0.3969
35678.0,8.9908,0.3954
35679.0,8.9973,0.4009
35680.0,8.9975,0.3963
35681.0,9.0135,0.3969
35682.0,8.9924,0.4041
35683.0,9.012,0.399
35684.0,9.0066,0.3963
35685.0,8.9749,0.3973
35686.0,9.0044,0.4012
35687.0,8.96,0.4013
35688.0,8.9866,0.402
35689.0,9.0069,0.4024
35690.0,8.9998,0.401
35691.0,8.9735,0.4018
35692.0,8.9832,0.3986
35693.0,8.9609,0.3966
35694.0,8.9799,0.4041
35695.0,9.0087,0.4026
35696.0,8.9916,0.3992
35697.0,9.0025,0.398
35698.0,9.0002,0.4069
35699.0,9.0005,0.3973
35700.0,9.0153,0.4007
35701.0,8.997,0.398
35702.0,9.0137,0.3988
35703.0,8.9628,0.3977
35704.0,9.0167,0.3935
35705.0,8.9806,0.4012
35706.0,8.9839,0.402
35707.0,8.9894,0.398
35708.0,9.0163,0.4078
35709.0,8.9867,0.4008
35710.0,8.9902,0.4005
35711.0,8.9856,0.4012
35712.0,9.0038,0.3982
35713.0,9.0112,0.3971
35714.0,9.0256,0.3977
35715.0,9.036,0.3984
35716.0,9.0098,0.4017
35717.0,9.0055,0.3989
35718.0,8.9817,0.4019
35719.0,9.0286,0.3962
35720.0,9.0032,0.3981
35721.0,8.9957,0.3979
35722.0,9.0058,0.3885
35723.0,8.9905,0.3986
35724.0,8.9649,0.3969
35725.0,9.0086,0.4014
35726.0,9.0201,0.4022
35727.0,9.0084,0.3958
35728.0,8.9999,0.3993
35729.0,9.0002,0.3962
35730.0,9.0026,0.401
35731.0,9.0021,0.3979
35732.0,8.9991,0.3984
35733.0,9.0004,0.3993
35734.0,9.0233,0.4009
35735.0,9.0071,0.4002
35736.0,9.0016,0.4012
35737.0,9.0099,0.4022
35738.0,9.0099,0.3996
35739.0,9.0142,0.3969
35740.0,8.9886,0.3952
35741.0,8.9928,0.3977
35742.0,8.9878,0.4007
35743.0,9.0115,0.3959
35744.0,9.0108,0.4032
35745.0,8.9809,0.3968
35746.0,9.0059,0.3997
35747.0,9.0206,0.4044
35748.0,8.9965,0.3995
35749.0,9.0047,0.3967
35750.0,9.011,0.3925
35751.0,8.9802,0.4012
35752.0,9.0023,0.4009
35753.0,9.0191,0.4017
35754.0,8.9911,0.4003
35755.0,9.0125,0.3984
35756.0,9.0004,0.3976
35757.0,8.9899,0.4001
35758.0,8.9986,0.403
35759.0,8.9921,0.3911
35760.0,8.9867,0.4028
35761.0,8.9962,0.3991
35762.0,9.001,0.3995
35763.0,8.9975,0.4021
35764.0,8.996,0.3995
35765.0,9.0034,0.4007
35766.0,9.008,0.3951
35767.0,8.9828,0.3992
35768.0,8.9962,0.4015
35769.0,8.9704,0.3988
35770.0,8.9976,0.399
35771.0,9.0023,0.4005
35772.0,9.0085,0.4013
35773.0,9.0023,0.4046
35774.0,9.0082,0.4013
35775.0,9.001,0.4041
35776.0,8.9899,0.3997
35777.0,8.9833,0.3929
35778.0,8.9961,0.3987
35779.0,8.9885,0.3976
35780.0,8.9982,0.3998
35781.0,8.9926,0.399
35782.0,9.0063,0.4008
35783.0,9.0007,0.398
35784.0,9.0067,0.4006
35785.0,9.0066,0.4011
35786.0,8.9973,0.4001
35787.0,8.9982,0.3956
35788.0,9.0075,0.4027
35789.0,9.0367,0.4019
35790.0,8.9852,0.3994
35791.0,9.0006,0.3946
35792.0,8.9821,0.4009
35793.0,8.9997,0.3984
35794.0,8.9899,0.3984
35795.0,8.9982,0.3998
35796.0,9.0023,0.4044
35797.0,8.9927,0.4004
35798.0,8.9732,0.3997
35799.0,9.0214,0.3984
35800.0,9.0126,0.4001
35801.0,8.998,0.4
35802.0,8.9866,0.4018
35803.0,9.0013,0.3984
35804.0,9.0054,0.3976
35805.0,9.0116,0.3987
35806.0,9.0129,0.3997
35807.0,9.0158,0.3999
35808.0,8.9739,0.4
35809.0,8.9954,0.397
35810.0,9.0149,0.3997
35811.0,8.9861,0.4021
35812.0,9.0183,0.4038
35813.0,9.0272,0.403
35814.0,9.0179,0.3998
35815.0,9.0099,0.3995
35816.0,8.9933,0.4037
35817.0,9.0042,0.3997
35818.0,8.9798,0.4026
35819.0,8.9883,0.3999
35820.0,8.9893,0.3928
35821.0,9.0009,0.402
35822.0,8.9941,0.4029
35823.0,9.0039,0.399
35824.0,9.0132,0.3965
35825.0,8.9894,0.4046
35826.0,9.0022,0.3996
35827.0,8.9938,0.399
35828.0,9.0029,0.4013
35829.0,9.0103,0.4082
35830.0,9.0138,0.4015
35831.0,9.0101,0.4005
35832.0,9.0062,0.4002
35833.0,8.9787,0.405
35834.0,8.9838,0.4016
35835.0,8.9876,0.4026
35836.0,9.0054,0.4009
35837.0,8.9806,0.4016
35838.0,9.0051,0.3992
35839.0,9.004,0.4005
35840.0,8.971,0.3979
35841.0,8.9837,0.3985
35842.0,9.0157,0.4015
35843.0,9.0105,0.3979
35844.0,8.9872,0.4004
35845.0,8.9845,0.3989
35846.0,8.9632,0.3966
35847.0,9.0221,0.4007
35848.0,9.0006,0.4023
35849.0,9.0283,0.3961
35850.0,8.9971,0.4018
35851.0,9.0042,0.3967
35852.0,9.0134,0.4041
35853.0,9.0246,0.4017
35854.0,9.0075,0.3961
35855.0,9.0,0.4026
35856.0,9.0004,0.3982
35857.0,8.9843,0.3971
35858.0,8.9943,0.4022
35859.0,9.0008,0.4036
35860.0,9.0207,0.4014
35861.0,8.9935,0.3989
35862.0,9.0159,0.4005
35863.0,8.9988,0.3983
35864.0,9.0187,0.3995
35865.0,9.0102,0.4012
35866.0,9.0091,0.3957
35867.0,9.0147,0.4013
35868.0,9.0125,0.3958
35869.0,9.016,0.3962
35870.0,9.032,0.402
35871.0,9.0243,0.3975
35872.0,9.007,0.397
35873.0,8.9934,0.3991
35874.0,9.0055,0.3982
35875.0,8.9711,0.4007
35876.0,9.0124,0.4005
35877.0,8.9841,0.397
35878.0,9.0168,0.3949
35879.0,9.0297,0.3994
35880.0,8.9782,0.4033
35881.0,8.9992,0.3998
35882.0,8.984,0.399
35883.0,8.9741,0.4052
35884.0,8.9984,0.4023
35885.0,9.0095,0.3948
35886.0,9.0113,0.3992
35887.0,9.0023,0.4007
35888.0,8.975,0.3968
35889.0,9.0019,0.3991
35890.0,8.9776,0.4001
35891.0,8.9786,0.3993
35892.0,8.985,0.3964
35893.0,9.0157,0.4044
35894.0,9.0082,0.4008
35895.0,9.0048,0.3974
35896.0,8.9871,0.4026
35897.0,8.9942,0.3998
35898.0,8.9794,0.403
35899.0,9.0205,0.3997
35900.0,9.033,0.3956
35901.0,9.0083,0.3968
35902.0,9.011,0.4034
35903.0,8.9976,0.4031
35904.0,8.9757,0.396
35905.0,8.9873,0.4042
35906.0,8.993,0.4031
35907.0,8.9942,0.3981
35908.0,8.9908,0.3998
35909.0,9.0007,0.3934
35910.0,8.9872,0.3979
35911.0,9.0325,0.3994
35912.0,8.9795,0.4009
35913.0,9.0133,0.3997
35914.0,8.9961,0.4004
35915.0,9.0069,0.3971
35916.0,9.0076,0.401
35917.0,9.0024,0.405
35918.0,8.983,0.4013
35919.0,8.995,0.4001
35920.0,9.0025,0.3978
35921.0,9.0016,0.3989
35922.0,8.9847,0.3961
35923.0,9.0194,0.3957
35924.0,8.9626,0.3998
35925.0,8.9962,0.4017
35926.0,8.9862,0.3974
35927.0,9.0027,0.4036
35928.0,9.0153,0.3983
35929.0,8.9789,0.3997
35930.0,9.0353,0.4028
35931.0,9.003,0.3991
35932.0,9.0057,0.4019
35933.0,8.9784,0.4017
35934.0,8.9993,0.398
35935.0,9.0146,0.3981
35936.0,9.0031,0.4037
35937.0,9.0021,0.404
35938.0,8.9992,0.4019
35939.0,8.9793,0.3974
35940.0,8.9792,0.4026
35941.0,9.0175,0.3992
35942.0,9.0132,0.3962
35943.0,9.0155,0.3981
35944.0,8.9877,0.3993
35945.0,8.9976,0.4033
35946.0,9.0185,0.3976
35947.0,8.9816,0.3971
35948.0,9.0169,0.3986
35949.0,8.9912,0.3996
35950.0,8.9872,0.402
35951.0,8.9995,0.4017
35952.0,8.9832,0.3933
35953.0,8.9715,0.3989
35954.0,9.0011,0.4004
35955.0,9.008,0.3974
35956.0,9.0182,0.3977
35957.0,9.0091,0.4019
35958.0,9.0295,0.402
35959.0,9.0204,0.3995
35960.0,9.0111,0.4012
35961.0,9.007,0.4014
35962.0,9.0185,0.3967
35963.0,8.9668,0.3967
35964.0,8.9928,0.3988
35965.0,8.9721,0.3979
35966.0,9.0099,0.3982
35967.0,8.9889,0.3997
35968.0,9.0453,0.3997
35969.0,8.9922,0.3923
35970.0,9.0016,0.4003
35971.0,8.994,0.3992
35972.0,8.9927,0.4007
35973.0,8.9813,0.3981
35974.0,8.9808,0.3981
35975.0,8.9673,0.3988
35976.0,9.0082,0.4032
35977.0,8.9936,0.3987
35978.0,9.029,0.4033
35979.0,8.9813,0.4029
35980.0,9.0221,0.399
35981.0,9.0236,0.3985
35982.0,9.0192,0.3986
35983.0,9.0035,0.3996
35984.0,8.9949,0.3983
35985.0,9.0191,0.4022
35986.0,8.9881,0.3981
35987.0,9.0041,0.4026
35988.0,8.9993,0.3972
35989.0,8.9866,0.395
35990.0,9.0042,0.3946
35991.0,9.0111,0.3984
35992.0,8.986,0.3976
35993.0,9.0069,0.3974
35994.0,8.9666,0.4029
35995.0,8.9843,0.3978
35996.0,8.9931,0.3941
35997.0,9.0054,0.4017
35998.0,9.013,0.404
35999.0,9.0012,0.4013
